trip_id,trip_number,trip_name,vehicle_number,trip_status,trip_date,ctime,mtime,first_loading_time,last_loading_time,loading_detail
295797495,LT0Q8S4W3YT31,20260828BNABNB_COT13:30_20-HNI Dong Da 6 Hub+20-HNI Dong Da 5 Hub_6101,29E-791.17,90,29/08/2026 00:00:00,21/08/2026 00:16:53,28/08/2026 22:50:12,28/08/2026 20:18:24,28/08/2026 21:06:09,SEQ 1 - 20-HNI Dong Da 6 Hub (2131) - 28/08/2026 20:18:24 | SEQ 2 - 20-HNI Dong Da 5 Hub (2112) - 28/08/2026 21:06:09
296759744,LT1Q8S4WOLA81,20260828Adhoc-HM6HYSOC01,29H-777.92,90,28/08/2026 00:00:00,28/08/2026 21:13:23,28/08/2026 22:39:15,28/08/2026 21:23:58,28/08/2026 21:23:58,SEQ 1 - 20-HNI Hoang Mai 6 Hub (5022) - 28/08/2026 21:23:58
296758434,LT1Q8S4WOK9U1,"20260828Adhoc-NSS_SieuThiNoiDia,NSS_Unie Official,Hung Yen_54gweqfrg01",29E-428.31,90,28/08/2026 00:00:00,28/08/2026 13:44:35,28/08/2026 19:39:52,28/08/2026 16:41:14,28/08/2026 17:56:34,SEQ 1 - NorthSeller_SieuThiNoiDia (4507) - 28/08/2026 16:41:14 | SEQ 2 - NorthSeller_Unie Official (6016) - 28/08/2026 17:56:34
296758433,LT1Q8S4WOK9T1,"20260828Adhoc-NSS_Sipiao,Hung Yen_54gweqfrg01",29H-775.73,90,28/08/2026 00:00:00,28/08/2026 13:44:35,28/08/2026 18:59:32,28/08/2026 17:12:34,28/08/2026 17:12:34,SEQ 1 - NorthSeller_Sipiao (4500) - 28/08/2026 17:12:34
296758416,LT1Q8S4WOK9C1,"20260828Adhoc-Hung Yen,Khoai Chau 3,Van Lam 3_vsvdvsd0981201",29H-779.64,90,28/08/2026 00:00:00,28/08/2026 13:27:37,28/08/2026 17:09:08,28/08/2026 14:39:28,28/08/2026 14:39:28,SEQ 1 - Hung Yen SOC (3909) - 28/08/2026 14:39:28
296758415,LT1Q8S4WOK9B1,"20260828Adhoc-Hung Yen,My Hao,My Hao 2_vsvdvsd0981201",29K-105.62,90,28/08/2026 00:00:00,28/08/2026 13:27:37,28/08/2026 16:36:10,28/08/2026 14:07:40,28/08/2026 14:07:40,SEQ 1 - Hung Yen SOC (3909) - 28/08/2026 14:07:40
296758414,LT1Q8S4WOK9A1,"20260828Adhoc-Hung Yen,An Thi,Phu Cu_vsvdvsd0981201",29K-107.67,90,28/08/2026 00:00:00,28/08/2026 13:27:37,28/08/2026 18:26:27,28/08/2026 16:14:51,28/08/2026 16:14:51,SEQ 1 - Hung Yen SOC (3909) - 28/08/2026 16:14:51
296758413,LT1Q8S4WOK991,"20260828Adhoc-Hung Yen,Van Giang 2,Van Giang 3_vsvdvsd0981201",29E-303.47,90,28/08/2026 00:00:00,28/08/2026 13:27:37,28/08/2026 18:11:53,28/08/2026 15:03:45,28/08/2026 15:03:45,SEQ 1 - Hung Yen SOC (3909) - 28/08/2026 15:03:45
296758223,LT1Q8S4WOK3Z1,"20260828Adhoc-Hung Yen,Khoai Chau 2,Khoai Chau_djdfhdfh574574563601",29H-779.01,90,28/08/2026 00:00:00,28/08/2026 07:44:23,28/08/2026 10:17:19,28/08/2026 08:37:10,28/08/2026 08:37:10,SEQ 1 - Hung Yen SOC (3909) - 28/08/2026 08:37:10
296758222,LT1Q8S4WOK3Y1,"20260828Adhoc-Hung Yen,Hung Yen 2,BN B_djdfhdfh574574563601",,100,28/08/2026 00:00:00,28/08/2026 07:44:23,28/08/2026 23:10:37,,,
296758221,LT1Q8S4WOK3X1,"20260828Adhoc-Hung Yen,Yen My,BN B_djdfhdfh574574563601",,100,28/08/2026 00:00:00,28/08/2026 07:44:23,28/08/2026 23:10:37,,,
296758218,LT1Q8S4WOK3U1,"20260828Adhoc-Hung Yen,Van Lam 4,BN B_djdfhdfh574574563601",,100,28/08/2026 00:00:00,28/08/2026 07:44:23,28/08/2026 23:10:37,,,
296598683,LT0Q8S4WL50B1,2026082860_HY_COTMater-TC Trip Số 3M314:00_20-HNI Tu Liem 4 Hub+20-HNI Bac Tu Liem 5 Hub_PU01,29E-441.50,90,28/08/2026 00:00:00,27/08/2026 05:37:19,28/08/2026 16:55:56,28/08/2026 13:10:59,28/08/2026 13:34:30,SEQ 1 - 20-HNI Tu Liem 4 Hub (2277) - 28/08/2026 13:10:59 | SEQ 2 - 20-HNI Bac Tu Liem 5 Hub (2117) - 28/08/2026 13:34:30
296594546,LT0Q8S4WL1TE1,20260828198_HY_COTMater-TC Trip 2M313:30_20-HNI Bac Tu Liem 4 Hub+20-HNI Bac Tu Liem 8 Hub_PU01,29E-791.50,90,28/08/2026 00:00:00,27/08/2026 05:35:18,28/08/2026 15:13:38,28/08/2026 12:48:55,28/08/2026 12:58:56,SEQ 1 - 20-HNI Bac Tu Liem 4 Hub (2103) - 28/08/2026 12:48:55 | SEQ 2 - 20-HNI Bac Tu Liem 8 Hub (2300) - 28/08/2026 12:58:56
296587168,LT0Q8S4WKW4G1,20260828151_HY_COTMater-TC1M321:15_21-HNI Thach That 2 Hub_PU01,29E-495.82,90,28/08/2026 00:00:00,27/08/2026 05:31:59,28/08/2026 23:53:36,28/08/2026 21:05:53,28/08/2026 21:05:53,SEQ 1 - 21-HNI Thach That 2 Hub (1054) - 28/08/2026 21:05:53
296392343,LT0Q8S4WGPSN1,20260828SPX1T9COT 3 HN SOC-An Dương-Shop Kids&MomsPlaza-Shop BeBuBam Hai Phong-Shop Thuỷ Nguyên 3-NorthSeller_Rokme-HY SOC 13:0001,29K-108.78,90,28/08/2026 00:00:00,25/08/2026 20:58:38,28/08/2026 21:14:40,28/08/2026 13:51:56,28/08/2026 18:53:53,SEQ 1 - HN SOC (6) - 28/08/2026 13:51:56 | SEQ 3 - NorthSeller_Kids&MomsPlaza (5055) - 28/08/2026 16:39:27 | SEQ 4 - NorthSeller_BeBuBam Hai Phong (5791) - 28/08/2026 17:34:03 | SEQ 5 - NorthSeller_Solar ATH (4726) - 28/08/2026 18:53:53
296367369,LT0Q8S4WG6IX1,20260828SPX1T9COT TC Pick Shop GVQ ShopGiaDung-Shop Ecoco ThaiBinh-HY SOC 15:0001,29E-303.04,90,28/08/2026 00:00:00,25/08/2026 11:43:44,28/08/2026 18:23:25,28/08/2026 15:38:45,28/08/2026 15:51:36,SEQ 1 - NorthSeller_GVQ ShopGiaDung (5426) - 28/08/2026 15:38:45 | SEQ 2 - NorthSeller_Ecoco ThaiBinh (5424) - 28/08/2026 15:51:36
296367299,LT0Q8S4WG6GZ1,20260828VGL5TCOT TC Pick Shop ChiNhanhMacDinh NDH-Shop Bim BabyCare- ShopDienMay QuyetTrang-HY SOC 16:0001,50E-390.62,90,28/08/2026 00:00:00,25/08/2026 11:43:42,28/08/2026 20:26:00,28/08/2026 16:05:06,28/08/2026 17:11:21,SEQ 1 - NorthSeller_ChiNhanhMacDinh NDH (5676) - 28/08/2026 16:05:06 | SEQ 2 - NorthSeller_Bim BabyCare (5204) - 28/08/2026 16:26:09 | SEQ 3 - NorthSeller_ShopDienMay QuyetTrang (5469) - 28/08/2026 17:11:21
296367292,LT0Q8S4WG6GS1,20260828VGL1T9COT TC Pick Shop XuongMayMinhHang-Shop Bim BabyCare-HY SOC 15:0001,50E-201.00,90,28/08/2026 00:00:00,25/08/2026 11:43:42,28/08/2026 17:45:41,28/08/2026 15:11:08,28/08/2026 15:11:08,SEQ 1 - NorthSeller_XuongMayMinhHang (4707) - 28/08/2026 15:11:08
296367285,LT0Q8S4WG6GL1,20260828SPX1T9COT TC Pick Shop DuongSport-HY SOC 14:3001,29K-048.77,90,28/08/2026 00:00:00,25/08/2026 11:43:41,28/08/2026 18:07:15,28/08/2026 14:28:49,28/08/2026 14:28:49,SEQ 1 - NorthSeller_DuongSport (6158) - 28/08/2026 14:28:49
296028940,LT0Q8S4W8XE41,20260828SPX5TCOT TC Pick Shop_True Color-HY SOC 17:3001,29E-303.47,90,28/08/2026 00:00:00,22/08/2026 12:41:39,28/08/2026 21:00:37,28/08/2026 18:41:25,28/08/2026 18:41:25,SEQ 1 - NorthSeller_True Color (4501) - 28/08/2026 18:41:25
296028933,LT0Q8S4W8XDX1,20260828SPX5TCOT TC Pick Shop Bim Babyboo Bonbon-HY SOC 17:0001,29E-305.56,90,28/08/2026 00:00:00,22/08/2026 12:41:38,28/08/2026 19:56:20,28/08/2026 17:19:20,28/08/2026 17:40:12,SEQ 1 - NorthSeller_Bim Babyboo Bonbon (4502) - 28/08/2026 17:19:20 | SEQ 2 - NorthSeller_EnterDragonVN (5171) - 28/08/2026 17:40:12
296028919,LT0Q8S4W8XDJ1,20260828SPX1T9COT TC Pick Shop WilsonVN-Shop CRESTED Store-HY SOC 16:0001,29K-109.82,90,28/08/2026 00:00:00,22/08/2026 12:41:38,28/08/2026 19:05:12,28/08/2026 17:06:39,28/08/2026 17:44:42,SEQ 1 - NorthSeller_WilsonVN (4508) - 28/08/2026 17:06:39 | SEQ 2 - NorthSeller_CRESTED Store (5060) - 28/08/2026 17:44:42
296028912,LT0Q8S4W8XDC1,20260828HPL1T9COT TC Pick Shop iiko noi that-Shop SupDry-HY SOC 16:0001,29E-569.21,90,28/08/2026 00:00:00,22/08/2026 12:41:38,28/08/2026 18:07:05,28/08/2026 15:19:51,28/08/2026 16:06:24,SEQ 1 - NorthSeller_iiko noi that (4503) - 28/08/2026 15:19:51 | SEQ 2 - NorthSeller_SupDry VN (4791) - 28/08/2026 16:06:24
296028905,LT0Q8S4W8XD51,20260828A Dong1T9COT TC Pick Shop_True Color-Shop Bear Viet Nam Chinh Hang-HY SOC 16:0001,29E-325.80,90,28/08/2026 00:00:00,22/08/2026 12:41:38,28/08/2026 20:08:45,28/08/2026 17:08:11,28/08/2026 17:57:26,SEQ 1 - NorthSeller_Bear Viet Nam Chinh Hang (6166) - 28/08/2026 17:08:11 | SEQ 2 - NorthSeller_True Color (4501) - 28/08/2026 17:57:26
296028898,LT0Q8S4W8XCY1,20260828A Dong1T9COT TC Pick Shop THT_VanLam-Shop Sipiao-HY SOC 15:3001,29K-070.01,90,28/08/2026 00:00:00,22/08/2026 12:41:38,28/08/2026 19:21:38,28/08/2026 16:01:17,28/08/2026 17:49:09,SEQ 1 - NorthSeller_ShopTHT_VanLam (4703) - 28/08/2026 16:01:17 | SEQ 2 - NorthSeller_Sipiao (4500) - 28/08/2026 17:49:09
296028891,LT0Q8S4W8XCR1,20260828SPX1T9COT TC Pick Shop MoonBook -Shop Nguyen Lieu Pha Che-Tiệm Trà Rumi-HY SOC 14:0001,29H-777.77,90,28/08/2026 00:00:00,22/08/2026 12:41:37,28/08/2026 18:23:53,28/08/2026 14:37:08,28/08/2026 16:15:00,SEQ 1 - NorthSeller_MoonBook (5206) - 28/08/2026 14:37:08 | SEQ 2 - NorthSeller_Nguyen Lieu Pha Che (6165) - 28/08/2026 15:59:32 | SEQ 3 - NorthSeller_TiemTraRumi (5042) - 28/08/2026 16:15:00
296028842,LT0Q8S4W8XBE1,20260828SPX1T9COT TC Pick Shop Hukan DuyTien-Shop HannahSeyo-HY SOC 16:0001,29E-405.74,90,28/08/2026 00:00:00,22/08/2026 12:41:36,28/08/2026 18:40:30,28/08/2026 16:38:44,28/08/2026 16:59:39,SEQ 1 - NorthSeller_Hukan DuyTien (5384) - 28/08/2026 16:38:44 | SEQ 2 - NorthSeller_HannahSeyo (4701) - 28/08/2026 16:59:39
296028568,LT0Q8S4W8X3S1,20260828SPXVANCOT 2 HY SOC-Yên Mỹ 2-Yên Mỹ-Mỹ Hào 3 09:0001,,100,28/08/2026 00:00:00,22/08/2026 12:41:28,28/08/2026 23:08:11,,,
296028561,LT0Q8S4W8X3L1,20260828SPXVANCOT 2 HY SOC-Hưng Yên-Tiên Lữ-Kim Động 09:0001,29H-779.43,90,28/08/2026 00:00:00,22/08/2026 12:41:28,28/08/2026 12:23:37,28/08/2026 09:10:32,28/08/2026 09:10:32,SEQ 1 - Hung Yen SOC (3909) - 28/08/2026 09:10:32
296028449,LT0Q8S4W8X0H1,20260828SPX5TCOT 1 HY SOC-Hưng Yên 2-Kim Động-MEGA SOC 04:0001,29H-778.69,90,28/08/2026 00:00:00,22/08/2026 12:41:24,28/08/2026 09:05:03,28/08/2026 04:18:39,28/08/2026 04:18:39,SEQ 1 - Hung Yen SOC (3909) - 28/08/2026 04:18:39
296028400,LT0Q8S4W8WZ41,20260828SPX5TCOT 1 HY SOC-Hưng Yên-Kim Động 2-MEGA SOC 04:0001,29E-298.49,90,28/08/2026 00:00:00,22/08/2026 12:41:23,28/08/2026 11:09:33,28/08/2026 03:31:46,28/08/2026 07:07:56,SEQ 1 - Hung Yen SOC (3909) - 28/08/2026 03:31:46 | SEQ 3 - 25-HYN Kim Dong 2 Hub (5980) - 28/08/2026 07:07:56
296012910,LT0Q8S4W8L0U1,202608281127_HY_COT22:00_20-HNI Tu Liem 3 Hub_PU TC201,50E-402.01,90,28/08/2026 00:00:00,22/08/2026 00:33:01,28/08/2026 23:10:41,28/08/2026 20:49:35,28/08/2026 20:49:35,SEQ 1 - 20-HNI Tu Liem 3 Hub (2476) - 28/08/2026 20:49:35
296012237,LT0Q8S4W8KI51,20260828454_HY_COT13:30_21-HNI Dan Phuong 2 Hub_PU TC201,29E-495.61,90,28/08/2026 00:00:00,22/08/2026 00:32:45,28/08/2026 15:41:39,28/08/2026 12:16:49,28/08/2026 12:16:49,SEQ 1 - 21-HNI Dan Phuong 2 Hub (1332) - 28/08/2026 12:16:49
296012193,LT0Q8S4W8KGX1,20260828410_HY_COT13:30_20-HNI Cau Giay 6 Hub_PU TC201,29E-495.90,90,28/08/2026 00:00:00,22/08/2026 00:32:44,28/08/2026 16:48:42,28/08/2026 13:26:18,28/08/2026 13:44:09,SEQ 1 - 20-HNI Cau Giay 6 Hub (2161) - 28/08/2026 13:26:18 | SEQ 2 - 20-HNI Cau Giay 4 Hub (2097) - 28/08/2026 13:44:09
296012185,LT0Q8S4W8KGP1,20260828402_HY_COT13:30_20-HNI Bac Tu Liem 7 Hub_PU TC201,29E-791.61,90,28/08/2026 00:00:00,22/08/2026 00:32:44,28/08/2026 17:00:09,28/08/2026 13:34:36,28/08/2026 14:00:57,SEQ 1 - 20-HNI Bac Tu Liem 7 Hub (2155) - 28/08/2026 13:34:36 | SEQ 2 - 20-HNI Bac Tu Liem 6 Hub (2126) - 28/08/2026 14:00:57
296010262,LT0Q8S4W8IZA1,20260828452_HY_COT13:30_21-HNI Chuong My 4 Hub_PU01,29E-495.62,90,28/08/2026 00:00:00,22/08/2026 00:31:53,28/08/2026 18:07:53,28/08/2026 13:39:27,28/08/2026 14:05:17,SEQ 1 - 21-HNI Chuong My 4 Hub (5956) - 28/08/2026 13:39:27 | SEQ 2 - 21-HNI Chuong My 3 Hub (2144) - 28/08/2026 14:05:17
296010258,LT0Q8S4W8IZ61,20260828448_HY_COT13:30_21-HNI Ba Vi 4 Hub_PU01,29E-494.21,90,28/08/2026 00:00:00,22/08/2026 00:31:53,28/08/2026 20:17:20,28/08/2026 12:58:56,28/08/2026 13:29:52,SEQ 1 - 21-HNI Ba Vi 4 Hub (5119) - 28/08/2026 12:58:56 | SEQ 2 - 21-HNI Ba Vi 3 Hub (2197) - 28/08/2026 13:13:27 | SEQ 3 - 21-HNI Ba Vi Hub (332) - 28/08/2026 13:29:52
296010238,LT0Q8S4W8IYM1,20260828428_HY_COT13:30_20-HNI Tay Ho 3 Hub_PU01,29E-791.71,90,28/08/2026 00:00:00,22/08/2026 00:31:53,28/08/2026 16:14:09,28/08/2026 13:32:09,28/08/2026 13:32:09,SEQ 1 - 20-HNI Tay Ho 3 Hub (2089) - 28/08/2026 13:32:09
296010228,LT0Q8S4W8IYC1,20260828418_HY_COT13:30_20-HNI Ha Dong 14 Hub_PU01,29E-791.27,90,28/08/2026 00:00:00,22/08/2026 00:31:52,28/08/2026 15:59:14,28/08/2026 13:17:46,28/08/2026 13:17:46,SEQ 1 - 20-HNI Ha Dong 14 Hub (4783) - 28/08/2026 13:17:46
296008678,LT0Q8S4W8HRA1,20260828202_HY_COTMater-TC Trip 2M321:15_21-HNI Hoai Duc 6 Hub_PU01,29E-791.76,90,28/08/2026 00:00:00,22/08/2026 00:31:12,28/08/2026 23:27:41,28/08/2026 20:33:41,28/08/2026 20:33:41,SEQ 1 - 21-HNI Hoai Duc 6 Hub (3950) - 28/08/2026 20:33:41
296008494,LT0Q8S4W8HM61,20260828113_HY_COTMater-TC Trip 2M313:30_20-HNI Bac Tu Liem 9 Hub_PU01,29E-791.72,90,28/08/2026 00:00:00,22/08/2026 00:31:07,28/08/2026 23:29:11,28/08/2026 21:00:49,28/08/2026 21:00:49,SEQ 1 - 20-HNI Bac Tu Liem 9 Hub (2431) - 28/08/2026 21:00:49
296007913,LT0Q8S4W8H611,20260828207_HY_COTMater-TC1M313:30_21-HNI Hoai Duc 7 Hub_PU01,29E-791.60,90,28/08/2026 00:00:00,22/08/2026 00:30:51,28/08/2026 15:55:00,28/08/2026 13:05:21,28/08/2026 13:05:21,SEQ 1 - 21-HNI Hoai Duc 7 Hub (4327) - 28/08/2026 13:05:21
296007716,LT0Q8S4W8H0K1,20260828110_HY_COTMater-TC1M321:15_21-HNI Son Tay 2 Hub_PU01,29E-494.64,90,28/08/2026 00:00:00,22/08/2026 00:30:45,28/08/2026 17:26:19,28/08/2026 12:12:10,28/08/2026 13:18:54,SEQ 1 - 21-HNI Son Tay 2 Hub (2059) - 28/08/2026 12:12:10 | SEQ 2 - 21-HNI Son Tay 3 Hub (5790) - 28/08/2026 12:56:41 | SEQ 3 - 21-HNI Son Tay Hub (319) - 28/08/2026 13:18:54
296007612,LT0Q8S4W8GXO1,2026082861_HY_COTMater-TC1M314:00_20-HNI Tu Liem 5 Hub+20-HNI Tu Liem 6 Hub_PU01,29H-778.30,90,28/08/2026 00:00:00,22/08/2026 00:30:43,28/08/2026 16:20:33,28/08/2026 13:05:51,28/08/2026 13:22:52,SEQ 1 - 20-HNI Tu Liem 5 Hub (2890) - 28/08/2026 13:05:51 | SEQ 2 - 20-HNI Tu Liem 6 Hub (4784) - 28/08/2026 13:22:52
295999648,LT0Q8T4W8ASG2,20260829TCB102,29E-791.82,90,28/08/2026 00:00:00,22/08/2026 00:27:06,28/08/2026 16:30:12,28/08/2026 14:31:24,28/08/2026 14:31:24,SEQ 1 - Hung Yen SOC (3909) - 28/08/2026 14:31:24
295995723,LT0Q8S4W87RF1,20260828200_HY_COTMaterM321:15_20-HNI Ha Dong 5 Hub_PU01,29E-791.62,90,28/08/2026 00:00:00,22/08/2026 00:25:03,28/08/2026 21:06:06,28/08/2026 18:10:51,28/08/2026 18:10:51,SEQ 1 - 20-HNI Ha Dong 5 Hub (2127) - 28/08/2026 18:10:51
295995595,LT0Q8S4W87NV1,20260828107_HY_COTMaterM321:15_AG-21-HNI Phuc Tho Hub_PU01,29E-303.35,90,28/08/2026 00:00:00,22/08/2026 00:24:56,28/08/2026 21:05:29,28/08/2026 18:10:43,28/08/2026 18:10:43,SEQ 1 - AG-21-HNI Phuc Tho Hub (4273) - 28/08/2026 18:10:43
295995329,LT0Q8S4W87GH1,20260828HN S_long bien 6_COT13:00_PU_adhoc131301,89H-151.01,90,28/08/2026 00:00:00,22/08/2026 00:24:49,28/08/2026 23:42:01,28/08/2026 20:51:15,28/08/2026 21:25:42,SEQ 1 - 20-HNI Long Bien 6 Hub (6128) - 28/08/2026 20:51:15 | SEQ 2 - 20-HNI Long Bien 4 Hub (2267) - 28/08/2026 21:25:42
295991926,LT0Q8S4W84TY1,20260828HY_COT21:15_21-HNI Me Linh 3 Hub_PU28712401,29H-776.92,90,28/08/2026 00:00:00,22/08/2026 00:23:07,28/08/2026 23:26:53,28/08/2026 21:16:07,28/08/2026 21:16:07,SEQ 1 - 21-HNI Me Linh 3 Hub (2250) - 28/08/2026 21:16:07
295991481,LT0Q8S4W84HL1,20260828HY_COT21:15_20-HNI Hoang Mai 4 Hub_PU27601,29H-808.61,90,28/08/2026 00:00:00,22/08/2026 00:22:43,28/08/2026 21:44:14,28/08/2026 20:15:33,28/08/2026 20:15:33,SEQ 1 - 20-HNI Hoang Mai 4 Hub (1847) - 28/08/2026 20:15:33
295991392,LT0Q8S4W84F41,20260828HY_COT21:15_21-HNI Thuong Tin Hub_PU29601,29E-791.43,90,28/08/2026 00:00:00,22/08/2026 00:22:41,28/08/2026 21:15:55,28/08/2026 18:40:09,28/08/2026 18:40:09,SEQ 1 - 21-HNI Thuong Tin Hub (99) - 28/08/2026 18:40:09
295991254,LT0Q8S4W84BA1,20260828HY_COT13:15_21-HNI Gia Lam Hub_PU27512401,50E-480.34,90,28/08/2026 00:00:00,22/08/2026 00:22:38,28/08/2026 16:14:34,28/08/2026 13:53:53,28/08/2026 13:53:53,SEQ 1 - 21-HNI Gia Lam Hub (339) - 28/08/2026 13:53:53
295991021,LT0Q8S4W844T1,20260828HY_COT13:15_21-HNI Phu Xuyen Hub_PU28812401,29E-791.04,90,28/08/2026 00:00:00,22/08/2026 00:22:26,28/08/2026 16:40:19,28/08/2026 13:39:34,28/08/2026 13:39:34,SEQ 1 - 21-HNI Phu Xuyen Hub (348) - 28/08/2026 13:39:34
295991013,LT0Q8S4W844L1,20260828HY_COT13:15_21-HNI Dong Anh 3 Hub_PU27312401,29K-127.26,90,28/08/2026 00:00:00,22/08/2026 00:22:25,28/08/2026 16:35:43,28/08/2026 13:33:30,28/08/2026 13:57:19,SEQ 1 - 21-HNI Dong Anh 3 Hub (1232) - 28/08/2026 13:33:30 | SEQ 2 - 21-HNI Dong Anh 8 Hub (6169) - 28/08/2026 13:57:19
295989764,LT0Q8S4W835W1,20260828HY_COT21:15_20-HNI Hoang Mai Hub_PU28601,50E-483.50,90,28/08/2026 00:00:00,22/08/2026 00:21:55,28/08/2026 22:46:04,28/08/2026 20:59:33,28/08/2026 20:59:33,SEQ 1 - 20-HNI Hoang Mai Hub (35) - 28/08/2026 20:59:33
295989303,LT0Q8S4W82T31,2026082820-HNI Dong Da_129Dong DaHung Yen SOC_COT19:00_PU_adhoc01,29E-405.76,90,28/08/2026 00:00:00,22/08/2026 00:21:43,28/08/2026 16:55:30,28/08/2026 13:45:25,28/08/2026 14:06:09,SEQ 1 - 20-HNI Dong Da Hub (38) - 28/08/2026 13:45:25 | SEQ 2 - 20-HNI Dong Da 02 Hub (843) - 28/08/2026 13:53:49 | SEQ 3 - 20-HNI Dong Da 9 Hub (2252) - 28/08/2026 14:06:09
295977754,LT0Q8S4W7TWA1,2026082821-HNI Thanh Tri 7_2Thanh Tri 7Hung Yen SOC_COT14:00_PU_adhoc01,29H-806.39,90,28/08/2026 00:00:00,22/08/2026 00:16:31,28/08/2026 16:24:41,28/08/2026 13:42:49,28/08/2026 13:42:49,SEQ 1 - 21-HNI Thanh Tri 7 Hub (5655) - 28/08/2026 13:42:49
295970154,LT0Q8S4W7O161,2026082821-HNI Soc Son 5_2Soc Son 521-HNI Soc Son 2 HubHung Yen SOC_COT22:00_PU_adhoc101,29E-791.30,90,28/08/2026 00:00:00,22/08/2026 00:13:15,28/08/2026 23:18:13,28/08/2026 20:05:53,28/08/2026 20:56:35,SEQ 1 - 21-HNI Soc Son 5 Hub (4941) - 28/08/2026 20:05:53 | SEQ 2 - 21-HNI Soc Son 2 Hub (1544) - 28/08/2026 20:56:35
295970153,LT0Q8S4W7O151,2026082821-HNI Soc Son 5_2Soc Son 521-HNI Soc Son 2 HubHung Yen SOC_COT22:00_PU_adhoc01,29E-791.05,90,28/08/2026 00:00:00,22/08/2026 00:13:15,28/08/2026 15:31:54,28/08/2026 12:35:43,28/08/2026 13:02:58,SEQ 1 - 21-HNI Soc Son 5 Hub (4941) - 28/08/2026 12:35:43 | SEQ 2 - 21-HNI Soc Son 2 Hub (1544) - 28/08/2026 13:02:58
295970067,LT0Q8S4W7NYR1,2026082821-HNI Me linh_2Me linhHung Yen SOC_COT15:00_PU_adhoc01,29E-289.48,90,28/08/2026 00:00:00,22/08/2026 00:13:13,28/08/2026 17:10:20,28/08/2026 13:01:52,28/08/2026 13:35:57,SEQ 1 - 21-HNI Me Linh Hub (343) - 28/08/2026 13:01:52 | SEQ 2 - 21-HNI Me Linh 3 Hub (2250) - 28/08/2026 13:35:57
295947336,LT0Q8S4W76FC3,20260828TC17:00_QL1A_._HYenSOC03,29E-517.31,100,28/08/2026 00:00:00,22/08/2026 00:03:00,28/08/2026 10:05:30,,,
295947335,LT0Q8S4W76FB2,20260828TC17:00_QL1A_._HYenSOC02,29H-855.15,100,28/08/2026 00:00:00,22/08/2026 00:03:00,28/08/2026 22:10:12,,,
295947328,LT0Q8S4W76F43,20260828TC17:30_QL14_._HYenSOC03,29E-350.73,100,28/08/2026 00:00:00,22/08/2026 00:03:00,28/08/2026 18:33:26,,,
295946827,LT0Q8S4W76171,20260828HY_HDuc7_COT22:00_PU01,29E-791.60,90,28/08/2026 00:00:00,22/08/2026 00:02:45,28/08/2026 22:49:57,28/08/2026 20:33:41,28/08/2026 20:33:41,SEQ 1 - 21-HNI Hoai Duc 7 Hub (4327) - 28/08/2026 20:33:41
295946822,LT0Q8S4W76121,20260828HY_GLam_COT21:00_PU_101,65H-017.16,90,28/08/2026 00:00:00,22/08/2026 00:02:45,28/08/2026 22:42:19,28/08/2026 21:11:02,28/08/2026 21:11:02,SEQ 1 - 21-HNI Gia Lam Hub (339) - 28/08/2026 21:11:02
295946819,LT0Q8S4W760Z1,20260828HY_GLam6_COT21:00_PU_101,29E-121.46,90,28/08/2026 00:00:00,22/08/2026 00:02:45,28/08/2026 21:54:31,28/08/2026 20:36:25,28/08/2026 20:36:25,SEQ 1 - 21-HNI Gia Lam 6 Hub (2114) - 28/08/2026 20:36:25
295946805,LT0Q8S4W760L1,20260828HY_HMai2_COT23:00_PU01,29E-455.73,90,28/08/2026 00:00:00,22/08/2026 00:02:44,28/08/2026 23:33:32,28/08/2026 21:23:57,28/08/2026 21:23:57,SEQ 1 - 20-HNI Hoang Mai 2 Hub (1272) - 28/08/2026 21:23:57
295946763,LT0Q8S4W75ZF1,20260828HY_TTri3_COT15:00_PU01,29E-405.50,90,28/08/2026 00:00:00,22/08/2026 00:02:43,28/08/2026 20:42:22,28/08/2026 15:02:15,28/08/2026 15:02:15,SEQ 1 - 21-HNI Thanh Tri 3 Hub (2102) - 28/08/2026 15:02:15
295946748,LT0Q8S4W75Z01,20260828HY_SSon4_COT23:00_PU01,29E-791.05,90,28/08/2026 00:00:00,22/08/2026 00:02:43,28/08/2026 22:38:33,28/08/2026 19:30:46,28/08/2026 20:16:27,SEQ 1 - 21-HNI Soc Son 4 Hub (2448) - 28/08/2026 19:30:46 | SEQ 2 - 21-HNI Soc Son Hub (128) - 28/08/2026 20:16:27
295946708,LT0Q8S4W75XW1,20260828HY_GLam6_COT13:00_PU01,29E-548.52,90,28/08/2026 00:00:00,22/08/2026 00:02:42,28/08/2026 15:16:57,28/08/2026 13:30:55,28/08/2026 13:30:55,SEQ 1 - 21-HNI Gia Lam 6 Hub (2114) - 28/08/2026 13:30:55
295946699,LT0Q8S4W75XN1,20260828HY_GLam4+GLam2_COT21:00_PU01,29E-121.24,90,28/08/2026 00:00:00,22/08/2026 00:02:42,28/08/2026 22:49:01,28/08/2026 20:12:38,28/08/2026 21:13:41,SEQ 1 - 21-HNI Gia Lam 4 Hub (2066) - 28/08/2026 20:12:38 | SEQ 2 - 21-HNI Gia Lam 2 Hub (596) - 28/08/2026 21:13:41
295946688,LT0Q8S4W75XC1,20260828HY_DAnh+DAnh4_COT23:00_PU01,29E-791.07,90,28/08/2026 00:00:00,22/08/2026 00:02:41,28/08/2026 22:50:35,28/08/2026 20:13:03,28/08/2026 20:57:06,SEQ 1 - 21-HNI Dong Anh Hub (103) - 28/08/2026 20:13:03 | SEQ 2 - 21-HNI Dong Anh 4 Hub (2069) - 28/08/2026 20:57:06
295946637,LT0Q8S4W75VX1,20260828HY_TLiem2_COT15:00_PU01,29E-441.64,90,28/08/2026 00:00:00,22/08/2026 00:02:40,28/08/2026 16:11:27,28/08/2026 13:15:59,28/08/2026 13:15:59,SEQ 1 - 20-HNI Tu Liem 2 Hub (616) - 28/08/2026 13:15:59
295946619,LT0Q8S4W75VF1,20260828HY_TXuan3+TXuan6_COT14:30_PU01,50E-402.01,90,28/08/2026 00:00:00,22/08/2026 00:02:39,28/08/2026 17:09:49,28/08/2026 13:48:48,28/08/2026 14:14:55,SEQ 1 - 20-HNI Thanh Xuan 3 Hub (2067) - 28/08/2026 13:48:48 | SEQ 2 - 20-HNI Thanh Xuan 6 Hub (4251) - 28/08/2026 14:14:55
295946613,LT0Q8S4W75V91,20260828HY_THo4+THo6_COT14:30_PU01,29E-297.46,90,28/08/2026 00:00:00,22/08/2026 00:02:39,28/08/2026 16:46:27,28/08/2026 13:33:49,28/08/2026 14:08:58,SEQ 1 - 20-HNI Tay Ho 4 Hub (2512) - 28/08/2026 13:33:49 | SEQ 2 - 20-HNI Tay Ho 6 Hub (2510) - 28/08/2026 14:08:58
295946607,LT0Q8S4W75V31,20260828HY_THo2+THo5_COT14:30_PU01,29E-791.53,90,28/08/2026 00:00:00,22/08/2026 00:02:39,28/08/2026 17:45:29,28/08/2026 14:02:36,28/08/2026 15:08:29,SEQ 1 - 20-HNI Tay Ho 2 Hub (1201) - 28/08/2026 14:02:36 | SEQ 2 - 20-HNI Tay Ho 5 Hub (2248) - 28/08/2026 15:08:29
295946545,LT0Q8S4W75TD1,20260828HY_HBaT+HBaT2_COT13:45_PU01,29E-390.04,90,28/08/2026 00:00:00,22/08/2026 00:02:37,28/08/2026 15:49:17,28/08/2026 13:17:13,28/08/2026 13:24:36,SEQ 1 - 20-HNI Hai Ba Trung Hub (216) - 28/08/2026 13:17:13 | SEQ 2 - 20-HNI Hai Ba Trung 2 Hub (1012) - 28/08/2026 13:24:36
295946524,LT0Q8S4W75SS1,20260828HY_HDong8_COT22:00_PU01,29E-791.12,90,28/08/2026 00:00:00,22/08/2026 00:02:37,28/08/2026 22:17:00,28/08/2026 20:11:21,28/08/2026 20:11:21,SEQ 1 - 20-HNI Ha Dong 8 Hub (2455) - 28/08/2026 20:11:21
295946523,LT0Q8S4W75SR1,20260828HY_HDong8_COT15:00_PU01,29E-791.12,90,28/08/2026 00:00:00,22/08/2026 00:02:37,28/08/2026 16:34:39,28/08/2026 13:51:54,28/08/2026 13:51:54,SEQ 1 - 20-HNI Ha Dong 8 Hub (2455) - 28/08/2026 13:51:54
295946510,LT0Q8S4W75SE1,20260828HY_HDong7_COT21:00_PU01,29E-502.67,90,28/08/2026 00:00:00,22/08/2026 00:02:36,28/08/2026 21:23:33,28/08/2026 17:58:55,28/08/2026 17:58:55,SEQ 1 - 20-HNI Ha Dong 7 Hub (2185) - 28/08/2026 17:58:55
295946509,LT0Q8S4W75SD1,20260828HY_HDong7_COT22:00_PU01,29E-441.31,90,28/08/2026 00:00:00,22/08/2026 00:02:36,28/08/2026 23:57:18,28/08/2026 21:23:57,28/08/2026 21:23:57,SEQ 1 - 20-HNI Ha Dong 7 Hub (2185) - 28/08/2026 21:23:57
295946508,LT0Q8S4W75SC1,20260828HY_HDong7_COT14:45_PU01,29E-441.31,90,28/08/2026 00:00:00,22/08/2026 00:02:36,28/08/2026 17:36:36,28/08/2026 13:29:58,28/08/2026 13:29:58,SEQ 1 - 20-HNI Ha Dong 7 Hub (2185) - 28/08/2026 13:29:58
295946482,LT0Q8S4W75RM1,20260828HY_HDong3_COT14:00_PU01,29E-791.47,90,28/08/2026 00:00:00,22/08/2026 00:02:36,28/08/2026 17:00:29,28/08/2026 13:40:11,28/08/2026 13:40:11,SEQ 1 - 20-HNI Ha Dong 3 Hub (794) - 28/08/2026 13:40:11
295946480,LT0Q8S4W75RK1,20260828HY_HDong2_COT21:00_PU01,29E-494.87,90,28/08/2026 00:00:00,22/08/2026 00:02:36,28/08/2026 22:33:52,28/08/2026 20:40:06,28/08/2026 20:40:06,SEQ 1 - 20-HNI Ha Dong 2 Hub (700) - 28/08/2026 20:40:06
295946461,LT0Q8S4W75R11,20260828HY_HDong1_COT22:00_PU_201,29E-495.74,90,28/08/2026 00:00:00,22/08/2026 00:02:35,28/08/2026 23:41:12,28/08/2026 21:08:40,28/08/2026 21:08:40,SEQ 1 - 20-HNI Ha Dong 11 Hub (4456) - 28/08/2026 21:08:40
295946453,LT0Q8S4W75QT1,20260828HY_HDong1_COT21:00_PU01,29E-298.05,90,28/08/2026 00:00:00,22/08/2026 00:02:35,28/08/2026 22:23:51,28/08/2026 20:04:34,28/08/2026 20:04:34,SEQ 1 - 20-HNI Ha Dong 10 Hub (2278) - 28/08/2026 20:04:34
295946449,LT0Q8S4W75QP1,20260828HY_HDong1_COT14:00_PU01,29E-495.32,90,28/08/2026 00:00:00,22/08/2026 00:02:35,28/08/2026 20:25:50,28/08/2026 14:11:27,28/08/2026 14:11:27,SEQ 1 - 20-HNI Ha Dong 10 Hub (2278) - 28/08/2026 14:11:27
295946442,LT0Q8S4W75QI1,20260828HY_DDa7+DDa8_COT23:00_PU01,29E-791.75,90,28/08/2026 00:00:00,22/08/2026 00:02:35,28/08/2026 23:18:37,28/08/2026 21:00:31,28/08/2026 21:40:27,SEQ 1 - 20-HNI Dong Da 7 Hub (2264) - 28/08/2026 21:00:31 | SEQ 2 - 20-HNI Dong Da 8 Hub (2249) - 28/08/2026 21:40:27
295946439,LT0Q8S4W75QF1,20260828HY_DDa7+DDa8_COT14:30_PU01,29E-791.75,90,28/08/2026 00:00:00,22/08/2026 00:02:35,28/08/2026 15:07:05,28/08/2026 13:11:07,28/08/2026 13:11:07,SEQ 1 - 20-HNI Dong Da 7 Hub (2264) - 28/08/2026 13:11:07
295946430,LT0Q8S4W75Q61,20260828HY_DDa1+DDa3_COT23:00_PU01,29E-791.31,90,28/08/2026 00:00:00,22/08/2026 00:02:34,28/08/2026 23:18:52,28/08/2026 21:03:01,28/08/2026 21:39:09,SEQ 1 - 20-HNI Dong Da 10 Hub (2427) - 28/08/2026 21:03:01 | SEQ 2 - 20-HNI Dong Da 4 Hub (2111) - 28/08/2026 21:39:09
295946411,LT0Q8S4W75PN1,20260828HY_CGiay7+CGiay8_COT21:00_PU01,29H-037.12,90,28/08/2026 00:00:00,22/08/2026 00:02:34,28/08/2026 20:27:10,28/08/2026 15:14:32,28/08/2026 15:28:01,SEQ 1 - 20-HNI Cau Giay 7 Hub (2388) - 28/08/2026 15:14:32 | SEQ 2 - 20-HNI Cau Giay 8 Hub (2428) - 28/08/2026 15:28:01
295946391,LT0Q8S4W75P31,20260828HY_CGiay3+CGiay5_COT14:30_PU01,50E-404.42,90,28/08/2026 00:00:00,22/08/2026 00:02:33,28/08/2026 20:16:36,28/08/2026 14:02:42,28/08/2026 14:18:49,SEQ 1 - 20-HNI Cau Giay 3 Hub (1788) - 28/08/2026 14:02:42 | SEQ 2 - 20-HNI Cau Giay 5 Hub (2145) - 28/08/2026 14:18:49
295946370,LT0Q8S4W75OI1,20260828HY_BTuL4+BTuL8_COT23:00_PU01,29E-791.50,90,28/08/2026 00:00:00,22/08/2026 00:02:33,28/08/2026 22:29:31,28/08/2026 19:49:10,28/08/2026 20:01:30,SEQ 1 - 20-HNI Bac Tu Liem 4 Hub (2103) - 28/08/2026 19:49:10 | SEQ 2 - 20-HNI Bac Tu Liem 8 Hub (2300) - 28/08/2026 20:01:30
295944805,LT0Q8S4W74H11,20260828HY_UHoa+UHoa2_COT14:30_PU01,29E-441.49,90,28/08/2026 00:00:00,22/08/2026 00:01:51,28/08/2026 17:05:34,28/08/2026 13:32:36,28/08/2026 13:32:36,SEQ 1 - 21-HNI Ung Hoa Hub (335) - 28/08/2026 13:32:36
295944794,LT0Q8S4W74GQ1,20260828HY_TTin3_COT22:00_PU01,50E-480.34,90,28/08/2026 00:00:00,22/08/2026 00:01:50,28/08/2026 23:39:25,28/08/2026 20:23:02,28/08/2026 20:23:02,SEQ 1 - 21-HNI Thuong Tin 3 Hub (2323) - 28/08/2026 20:23:02
295944773,LT0Q8S4W74G51,20260828HY_TOai4_COT14:00_PU01,29H-806.21,90,28/08/2026 00:00:00,22/08/2026 00:01:49,28/08/2026 20:55:10,28/08/2026 18:03:21,28/08/2026 18:03:21,SEQ 1 - 21-HNI Thanh Oai 4 Hub (2128) - 28/08/2026 18:03:21
295944763,LT0Q8S4W74FV1,20260828HY_TOai2_COT15:00_PU01,29E-405.85,90,28/08/2026 00:00:00,22/08/2026 00:01:49,28/08/2026 17:17:01,28/08/2026 13:29:43,28/08/2026 13:47:48,SEQ 1 - 21-HNI Thanh Oai 2 Hub (1131) - 28/08/2026 13:29:43 | SEQ 2 - 21-HNI Thanh Oai 4 Hub (2128) - 28/08/2026 13:47:48
295944760,LT0Q8S4W74FS1,20260828HY_TOai_COT23:00_PU01,29H-806.69,90,28/08/2026 00:00:00,22/08/2026 00:01:49,28/08/2026 23:43:52,28/08/2026 21:03:31,28/08/2026 21:03:31,SEQ 1 - 21-HNI Thanh Oai Hub (85) - 28/08/2026 21:03:31
295944755,LT0Q8S4W74FN1,20260828HY_TOai_COT14:00_PU01,29H-806.69,90,28/08/2026 00:00:00,22/08/2026 00:01:49,28/08/2026 17:37:57,28/08/2026 12:59:14,28/08/2026 13:29:50,SEQ 1 - 21-HNI Thanh Oai Hub (85) - 28/08/2026 12:59:14 | SEQ 2 - 21-HNI Thanh Oai 3 Hub (2032) - 28/08/2026 13:29:50
295944741,LT0Q8S4W74F91,20260828HY_QOai+QOai4_COT21:00_PU01,29E-303.41,90,28/08/2026 00:00:00,22/08/2026 00:01:49,28/08/2026 23:51:18,28/08/2026 21:00:39,28/08/2026 21:30:28,SEQ 1 - 21-HNI Quoc Oai Hub (345) - 28/08/2026 21:00:39 | SEQ 2 - 21-HNI Quoc Oai 4 Hub (2301) - 28/08/2026 21:30:28
295944713,LT0Q8S4W74EH1,20260828HY_HDuc6_COT14:00_PU01,29E-791.76,90,28/08/2026 00:00:00,22/08/2026 00:01:48,28/08/2026 16:28:10,28/08/2026 13:09:36,28/08/2026 13:09:36,SEQ 1 - 21-HNI Hoai Duc 6 Hub (3950) - 28/08/2026 13:09:36
295944701,LT0Q8S4W74E51,20260828HY_HDuc4_COT14:00_PU01,29E-385.90,90,28/08/2026 00:00:00,22/08/2026 00:01:48,28/08/2026 17:59:58,28/08/2026 14:06:21,28/08/2026 14:06:21,SEQ 1 - 21-HNI Hoai Duc 4 Hub (2076) - 28/08/2026 14:06:21
295944697,LT0Q8S4W74E11,20260828HY_HDuc3_COT15:00_PU01,29E-301.45,90,28/08/2026 00:00:00,22/08/2026 00:01:48,28/08/2026 17:54:30,28/08/2026 13:54:00,28/08/2026 14:09:07,SEQ 1 - 21-HNI Hoai Duc 3 Hub (2153) - 28/08/2026 13:54:00 | SEQ 2 - 21-HNI Hoai Duc 8 Hub (6290) - 28/08/2026 14:09:07
295944684,LT0Q8S4W74DO1,20260828HY_HDuc_COT13:00_PU01,29E-791.54,90,28/08/2026 00:00:00,22/08/2026 00:01:47,28/08/2026 17:34:33,28/08/2026 13:51:39,28/08/2026 13:51:39,SEQ 1 - 21-HNI Hoai Duc Hub (101) - 28/08/2026 13:51:39
295944683,LT0Q8S4W74DN1,20260828HY_HDuc_COT14:00_PU01,29E-791.54,90,28/08/2026 00:00:00,22/08/2026 00:01:47,28/08/2026 23:07:46,28/08/2026 19:59:47,28/08/2026 19:59:47,SEQ 1 - 21-HNI Hoai Duc Hub (101) - 28/08/2026 19:59:47
295943801,LT0Q8S4W73P51,20260828HY_PTho_COT21:00_PU01,29E-791.70,90,28/08/2026 00:00:00,22/08/2026 00:01:24,28/08/2026 23:54:10,28/08/2026 20:17:23,28/08/2026 20:17:23,SEQ 1 - 21-HNI Phuc Tho Hub (226) - 28/08/2026 20:17:23
295815855,LT0Q8S4W4CZ31,2026082820-HNI Hoang Mai 3_2Hoang Mai 320-HNI Hoang Mai HubHung Yen SOC_COT14:00_PU_adhoct801,50E-483.50,90,28/08/2026 00:00:00,21/08/2026 00:24:10,28/08/2026 15:42:16,28/08/2026 13:07:44,28/08/2026 13:22:02,SEQ 1 - 20-HNI Hoang Mai 3 Hub (1234) - 28/08/2026 13:07:44 | SEQ 2 - 20-HNI Hoang Mai Hub (35) - 28/08/2026 13:22:02
295815443,LT0Q8S4W4CNN1,2026082820-HNI Ba Dinh 4_2Ba Dinh 420-HNI Ba Dinh 3 HubHung Yen SOC_COT13:00_PU_adhoc01,29H-775.46,90,28/08/2026 00:00:00,21/08/2026 00:24:00,28/08/2026 16:40:33,28/08/2026 13:15:25,28/08/2026 13:54:37,SEQ 1 - 20-HNI Ba Dinh 4 Hub (2298) - 28/08/2026 13:15:25 | SEQ 2 - 20-HNI Ba Dinh 2 Hub (2104) - 28/08/2026 13:40:35 | SEQ 3 - 20-HNI Ba Dinh 3 Hub (2129) - 28/08/2026 13:54:37
295814126,LT0Q8S4W4BN21,2026082821-HNI Soc Son_2Soc SonHung Yen SOCHung Yen SOC_COT14:00_PU_adhoc301,29E-289.20,90,28/08/2026 00:00:00,21/08/2026 00:23:29,28/08/2026 15:05:42,28/08/2026 12:42:38,28/08/2026 12:42:38,SEQ 1 - 21-HNI Soc Son Hub (128) - 28/08/2026 12:42:38
295814071,LT0Q8S4W4BLJ1,20260828HY SOC - HN21 SOC 21H01,50H-266.06,90,28/08/2026 00:00:00,21/08/2026 00:23:27,28/08/2026 23:50:14,28/08/2026 22:17:04,28/08/2026 22:17:04,SEQ 1 - Hung Yen SOC (3909) - 28/08/2026 22:17:04
295814070,LT0Q8S4W4BLI3,20260828HY SOC - HN21 SOC 01H03,,100,28/08/2026 00:00:00,21/08/2026 00:23:27,28/08/2026 14:01:58,,,
295814069,LT0Q8S4W4BLH2,20260828HY SOC - HN21 SOC 01H02,,100,28/08/2026 00:00:00,21/08/2026 00:23:27,28/08/2026 14:01:58,,,
295814068,LT0Q8S4W4BLG1,20260828HY SOC - HN21 SOC 01H01,,100,28/08/2026 00:00:00,21/08/2026 00:23:27,28/08/2026 14:01:58,,,
295814065,LT0Q8S4W4BLD1,20260828HY SOC - Mega A/B SOC 21H01,29E-301.21,90,28/08/2026 00:00:00,21/08/2026 00:23:27,28/08/2026 17:39:59,28/08/2026 15:02:16,28/08/2026 15:02:16,SEQ 1 - Hung Yen SOC (3909) - 28/08/2026 15:02:16
295814064,LT0Q8S4W4BLC3,20260828HY SOC - Mega A/B SOC 01H03,,100,28/08/2026 00:00:00,21/08/2026 00:23:27,28/08/2026 14:01:58,,,
295814063,LT0Q8S4W4BLB2,20260828HY SOC - Mega A/B SOC 01H02,,100,28/08/2026 00:00:00,21/08/2026 00:23:27,28/08/2026 14:01:58,,,
295814062,LT0Q8S4W4BLA1,20260828HY SOC - Mega A/B SOC 01H01,,100,28/08/2026 00:00:00,21/08/2026 00:23:27,28/08/2026 14:01:58,,,
295814053,LT0Q8S4W4BL11,20260828HY SOC-BN B SOC_COT12:0001,29E-305.56,90,28/08/2026 00:00:00,21/08/2026 00:23:27,28/08/2026 23:39:58,28/08/2026 20:08:06,28/08/2026 20:08:06,SEQ 1 - Hung Yen SOC (3909) - 28/08/2026 20:08:06
295814052,LT0Q8S4W4BL03,20260828HY SOC-BN B SOC_COT01:0003,,100,28/08/2026 00:00:00,21/08/2026 00:23:27,28/08/2026 14:01:58,,,
295814051,LT0Q8S4W4BKZ2,20260828HY SOC-BN B SOC_COT01:0002,,100,28/08/2026 00:00:00,21/08/2026 00:23:27,28/08/2026 14:01:58,,,
295814050,LT0Q8S4W4BKY1,20260828HY SOC-BN B SOC_COT01:0001,,100,28/08/2026 00:00:00,21/08/2026 00:23:27,28/08/2026 14:01:57,,,
295814041,LT0Q8S4W4BKP1,20260828HY SOC-BN A SOC_COT12:0001,29H-775.73,90,28/08/2026 00:00:00,21/08/2026 00:23:27,28/08/2026 23:22:04,28/08/2026 20:24:05,28/08/2026 20:24:05,SEQ 1 - Hung Yen SOC (3909) - 28/08/2026 20:24:05
295814040,LT0Q8S4W4BKO3,20260828HY SOC-BN A SOC_COT01:0003,,100,28/08/2026 00:00:00,21/08/2026 00:23:26,28/08/2026 14:01:57,,,
295814039,LT0Q8S4W4BKN2,20260828HY SOC-BN A SOC_COT01:0002,,100,28/08/2026 00:00:00,21/08/2026 00:23:26,28/08/2026 14:01:57,,,
295814038,LT0Q8S4W4BKM1,20260828HY SOC-BN A SOC_COT01:0001,,100,28/08/2026 00:00:00,21/08/2026 00:23:26,28/08/2026 14:01:57,,,
295814033,LT0Q8S4W4BKH2,20260828WHYP - HY SOC COT 21H02,29E-297.10,90,28/08/2026 00:00:00,21/08/2026 00:23:26,28/08/2026 21:27:24,28/08/2026 18:24:16,28/08/2026 18:24:16,SEQ 1 - 22-BNH Warehouse Inbound 02 (5038) - 28/08/2026 18:24:16
295814026,LT0Q8S4W4BKA1,20260828WHYP - HY SOC COT 15H01,29E-503.07,90,28/08/2026 00:00:00,21/08/2026 00:23:26,28/08/2026 17:39:26,28/08/2026 14:36:18,28/08/2026 14:36:18,SEQ 1 - 22-BNH Warehouse Inbound 02 (5038) - 28/08/2026 14:36:18
295813909,LT0Q8S4W4BH11,20260828WHTT - HY SOC COT 15H01,29H-987.41,90,28/08/2026 00:00:00,21/08/2026 00:23:24,28/08/2026 20:49:28,28/08/2026 18:55:14,28/08/2026 18:55:14,SEQ 1 - 22-BNH Warehouse Inbound (1648) - 28/08/2026 18:55:14
295813908,LT0Q8S4W4BH03,20260828WHTT - HY SOC COT 6H03,,100,28/08/2026 00:00:00,21/08/2026 00:23:24,28/08/2026 18:00:44,,,
295813907,LT0Q8S4W4BGZ2,20260828WHTT - HY SOC COT 6H02,29E-298.10,90,28/08/2026 00:00:00,21/08/2026 00:23:24,28/08/2026 19:26:50,28/08/2026 17:25:43,28/08/2026 17:25:43,SEQ 1 - 22-BNH Warehouse Inbound (1648) - 28/08/2026 17:25:43
295813906,LT0Q8S4W4BGY1,20260828WHTT - HY SOC COT 6H01,99H-169.23,90,28/08/2026 00:00:00,21/08/2026 00:23:23,28/08/2026 15:35:17,28/08/2026 14:05:44,28/08/2026 14:05:44,SEQ 1 - 22-BNH Warehouse Inbound (1648) - 28/08/2026 14:05:44
295813905,LT0Q8S4W4BGX3,20260828WHTT - HY SOC COT 1H03,,100,28/08/2026 00:00:00,21/08/2026 00:23:23,28/08/2026 13:03:19,,,
295813904,LT0Q8S4W4BGW2,20260828WHTT - HY SOC COT 1H02,,100,28/08/2026 00:00:00,21/08/2026 00:23:23,28/08/2026 13:03:19,,,
295813903,LT0Q8S4W4BGV1,20260828WHTT - HY SOC COT 1H01,,100,28/08/2026 00:00:00,21/08/2026 00:23:23,28/08/2026 13:03:19,,,
295813489,LT0Q8S4W4B5D1,20260828BN A SOC-HY SOC_COT15:0001,29K-105.34,90,28/08/2026 00:00:00,21/08/2026 00:23:14,28/08/2026 20:08:59,28/08/2026 16:04:37,28/08/2026 16:04:37,SEQ 1 - BN A Mega SOC (1701) - 28/08/2026 16:04:37
295813485,LT0Q8S4W4B593,20260828BN A SOC-HY SOC_COT01:0003,50H-265.35,90,28/08/2026 00:00:00,21/08/2026 00:23:14,28/08/2026 06:46:45,28/08/2026 03:47:34,28/08/2026 03:47:34,SEQ 1 - BN A Mega SOC (1701) - 28/08/2026 03:47:34
295813484,LT0Q8S4W4B582,20260828BN A SOC-HY SOC_COT01:0002,,100,28/08/2026 00:00:00,21/08/2026 00:23:14,28/08/2026 14:01:45,,,
295813483,LT0Q8S4W4B571,20260828BN A SOC-HY SOC_COT01:0001,,100,28/08/2026 00:00:00,21/08/2026 00:23:14,28/08/2026 14:01:45,,,
295813437,LT0Q8S4W4B3X1,20260828BN B SOC-HY SOC_COT20:0001,29E-296.57,90,28/08/2026 00:00:00,21/08/2026 00:23:13,28/08/2026 22:19:24,28/08/2026 19:37:09,28/08/2026 19:37:09,SEQ 1 - BN B Mega SOC (1959) - 28/08/2026 19:37:09
295813434,LT0Q8S4W4B3U1,20260828BN B SOC-HY SOC_COT15:0001,29E-503.61,90,28/08/2026 00:00:00,21/08/2026 00:23:13,28/08/2026 17:01:37,28/08/2026 14:27:05,28/08/2026 14:27:05,SEQ 1 - BN B Mega SOC (1959) - 28/08/2026 14:27:05
295813431,LT0Q8S4W4B3R1,20260828BN B SOC-HY SOC_COT12:0001,29E-303.37,90,28/08/2026 00:00:00,21/08/2026 00:23:13,28/08/2026 23:21:44,28/08/2026 20:27:31,28/08/2026 20:27:31,SEQ 1 - BN B Mega SOC (1959) - 28/08/2026 20:27:31
295813430,LT0Q8S4W4B3Q3,20260828BN B SOC-HY SOC_COT01:0003,,100,28/08/2026 00:00:00,21/08/2026 00:23:13,28/08/2026 14:01:43,,,
295813429,LT0Q8S4W4B3P2,20260828BN B SOC-HY SOC_COT01:0002,,100,28/08/2026 00:00:00,21/08/2026 00:23:13,28/08/2026 14:01:43,,,
295813428,LT0Q8S4W4B3O1,20260828BN B SOC-HY SOC_COT01:0001,,100,28/08/2026 00:00:00,21/08/2026 00:23:13,28/08/2026 14:01:43,,,
295813332,LT0Q8S4W4B105,20260828TCA105,29K-139.20,90,28/08/2026 00:00:00,21/08/2026 00:23:10,28/08/2026 22:06:17,28/08/2026 04:20:14,28/08/2026 04:20:14,SEQ 1 - Hung Yen SOC (3909) - 28/08/2026 04:20:14
295813318,LT0Q8S4W4B0M1,20260828TCB201,29E-428.57,90,28/08/2026 00:00:00,21/08/2026 00:23:10,28/08/2026 19:55:33,28/08/2026 17:35:17,28/08/2026 17:35:17,SEQ 1 - Hung Yen SOC (3909) - 28/08/2026 17:35:17
295813317,LT0Q8S4W4B0LA,20260828TCB110,50H-265.35,90,28/08/2026 00:00:00,21/08/2026 00:23:10,28/08/2026 11:37:34,28/08/2026 06:47:41,28/08/2026 06:47:41,SEQ 1 - Hung Yen SOC (3909) - 28/08/2026 06:47:41
295813301,LT0Q8S4W4B051,2026082821-HNI Thanh Tri_2Thanh Tri21-HNI Thanh Tri 5 HubHung Yen SOC_COT14:00_PU_adhoc201,29E-301.06,90,28/08/2026 00:00:00,21/08/2026 00:23:10,28/08/2026 18:26:37,28/08/2026 13:35:33,28/08/2026 14:18:14,SEQ 1 - 21-HNI Thanh Tri Hub (79) - 28/08/2026 13:35:33 | SEQ 2 - 21-HNI Thanh Tri 5 Hub (2154) - 28/08/2026 14:18:14
295809974,LT0Q8S4W48FQ1,20260828318_HY_COTMaterM314:00_20-HNI Thanh Xuan Hub+20-HNI Tu Liem 7 Hub_PU01,29H-794.69,90,28/08/2026 00:00:00,21/08/2026 00:21:53,28/08/2026 17:55:29,28/08/2026 13:29:26,28/08/2026 13:45:40,SEQ 1 - 20-HNI Thanh Xuan Hub (419) - 28/08/2026 13:29:26 | SEQ 2 - 20-HNI Tu Liem 7 Hub (5455) - 28/08/2026 13:45:40
295809956,LT0Q8S4W48F81,20260828301_HY_COTMaterM313:30_20-HNI Thanh Xuan 4 Hub+20-HNI Thanh Xuan 5 Hub+20-HNI Thanh Xuan 7 Hub_PU01,50E-468.53,90,28/08/2026 00:00:00,21/08/2026 00:21:52,28/08/2026 17:20:21,28/08/2026 12:58:38,28/08/2026 13:54:29,SEQ 1 - 20-HNI Thanh Xuan 4 Hub (2133) - 28/08/2026 12:58:38 | SEQ 2 - 20-HNI Thanh Xuan 5 Hub (2162) - 28/08/2026 13:17:34 | SEQ 3 - 20-HNI Thanh Xuan 7 Hub (2513) - 28/08/2026 13:54:29
295809955,LT0Q8S4W48F71,20260828298_HY_COTMaterM314:00_20-HNI Tu Liem 3 Hub_PU01,50E-402.01,90,28/08/2026 00:00:00,21/08/2026 00:21:52,28/08/2026 16:16:16,28/08/2026 13:32:54,28/08/2026 13:32:54,SEQ 1 - 20-HNI Tu Liem 3 Hub (2476) - 28/08/2026 13:32:54
295809866,LT0Q8S4W48CQ1,20260828227_HY_COTMaterM314:00_20-HNI Cau Giay Hub+20-HNI Cau Giay 2 Hub_PU01,29E-548.94,90,28/08/2026 00:00:00,21/08/2026 00:21:50,28/08/2026 17:23:57,28/08/2026 13:46:58,28/08/2026 13:51:03,SEQ 1 - 20-HNI Cau Giay Hub (43) - 28/08/2026 13:46:58 | SEQ 2 - 20-HNI Cau Giay 2 Hub (1000) - 28/08/2026 13:51:03
295809838,LT0Q8S4W48BY1,20260828206_HY_COTMaterM313:30_21-HNI Hoai Duc 5 Hub_PU01,29E-791.57,90,28/08/2026 00:00:00,21/08/2026 00:21:50,28/08/2026 16:22:18,28/08/2026 13:13:09,28/08/2026 13:13:09,SEQ 1 - 21-HNI Hoai Duc 5 Hub (2302) - 28/08/2026 13:13:09
295809837,LT0Q8S4W48BX1,20260828205_HY_COTMaterM313:30_21-HNI Hoai Duc 2 Hub_PU01,29E-305.81,90,28/08/2026 00:00:00,21/08/2026 00:21:50,28/08/2026 15:49:57,28/08/2026 12:46:47,28/08/2026 12:46:47,SEQ 1 - 21-HNI Hoai Duc 2 Hub (1720) - 28/08/2026 12:46:47
295809836,LT0Q8S4W48BW1,20260828204_HY_COTMaterM313:30_20-HNI Ha Dong 2 Hub+20-HNI Ha Dong 12 Hub_PU01,29E-494.87,90,28/08/2026 00:00:00,21/08/2026 00:21:49,28/08/2026 16:39:36,28/08/2026 13:24:58,28/08/2026 13:46:28,SEQ 1 - 20-HNI Ha Dong 2 Hub (700) - 28/08/2026 13:24:58 | SEQ 2 - 20-HNI Ha Dong 12 Hub (4331) - 28/08/2026 13:46:28
295809827,LT0Q8S4W48BN1,20260828195_HY_COTMaterM313:30_20-HNI Ha Dong 4 Hub+20-HNI Ha Dong 9 Hub_PU01,29E-305.85,90,28/08/2026 00:00:00,21/08/2026 00:21:49,28/08/2026 16:58:36,28/08/2026 13:25:35,28/08/2026 13:37:37,SEQ 1 - 20-HNI Ha Dong 4 Hub (2078) - 28/08/2026 13:25:35 | SEQ 2 - 20-HNI Ha Dong 9 Hub (4252) - 28/08/2026 13:37:37
295809825,LT0Q8S4W48BL1,20260828193_HY_COTMaterM313:30_20-HNI Ha Dong 13 Hub_PU01,29E-791.74,90,28/08/2026 00:00:00,21/08/2026 00:21:49,28/08/2026 16:28:32,28/08/2026 13:11:52,28/08/2026 13:11:52,SEQ 1 - 20-HNI Ha Dong 13 Hub (4736) - 28/08/2026 13:11:52
295809823,LT0Q8S4W48BJ1,20260828191_HY_COTMaterM313:30_20-HNI Ha Dong 11 Hub_PU01,29E-495.74,90,28/08/2026 00:00:00,21/08/2026 00:21:49,28/08/2026 16:51:57,28/08/2026 13:21:20,28/08/2026 13:21:20,SEQ 1 - 20-HNI Ha Dong 11 Hub (4456) - 28/08/2026 13:21:20
295809822,LT0Q8S4W48BI1,20260828190_HY_COTMaterM313:30_20-HNI Bac Tu Liem 2 Hub_PU01,29E-791.49,90,28/08/2026 00:00:00,21/08/2026 00:21:49,28/08/2026 16:19:43,28/08/2026 12:48:51,28/08/2026 12:48:51,SEQ 1 - 20-HNI Bac Tu Liem 2 Hub (618) - 28/08/2026 12:48:51
295809821,LT0Q8S4W48BH1,20260828189_HY_COTMaterM313:30_20-HNI Bac Tu Liem 3 Hub_PU01,29E-791.73,90,28/08/2026 00:00:00,21/08/2026 00:21:49,28/08/2026 16:31:48,28/08/2026 13:36:11,28/08/2026 13:36:11,SEQ 1 - 20-HNI Bac Tu Liem 3 Hub (2068) - 28/08/2026 13:36:11
295809759,LT0Q8S4W489R1,20260828135_HY_COTMaterM313:30_21-HNI Chuong My 2 Hub+21-HNI Chuong My Hub_PU01,29E-494.05,90,28/08/2026 00:00:00,21/08/2026 00:21:48,28/08/2026 16:09:28,28/08/2026 12:22:44,28/08/2026 12:52:49,SEQ 1 - 21-HNI Chuong My 2 Hub (1328) - 28/08/2026 12:22:44 | SEQ 2 - 21-HNI Chuong My Hub (194) - 28/08/2026 12:52:49
295809734,LT0Q8S4W48921,20260828113_HY_COTMaterM313:30_20-HNI Bac Tu Liem 9 Hub_PU01,29E-791.72,90,28/08/2026 00:00:00,21/08/2026 00:21:47,28/08/2026 17:16:46,28/08/2026 13:43:21,28/08/2026 13:43:21,SEQ 1 - 20-HNI Bac Tu Liem 9 Hub (2431) - 28/08/2026 13:43:21
295809722,LT0Q8S4W488Q1,20260828103_HY_COTMaterM313:30_21-HNI Hoai Duc 4 Hub_PU01,29E-385.90,90,28/08/2026 00:00:00,21/08/2026 00:21:47,28/08/2026 23:20:51,28/08/2026 20:37:38,28/08/2026 20:37:38,SEQ 1 - 21-HNI Hoai Duc 4 Hub (2076) - 28/08/2026 20:37:38
295809034,LT0Q8S4W47PM1,20260828HN S_long bien 6_COT13:00_PU_adhoc1301,89H-151.01,90,28/08/2026 00:00:00,21/08/2026 00:21:30,28/08/2026 16:29:52,28/08/2026 13:59:22,28/08/2026 14:16:08,SEQ 1 - 20-HNI Long Bien 6 Hub (6128) - 28/08/2026 13:59:22 | SEQ 2 - 20-HNI Long Bien 4 Hub (2267) - 28/08/2026 14:16:08
295802468,LT0Q8S4W42N81,20260828HY_COT21:15_21-HNI Soc Son 3 Hub+21-HNI Soc Son 4 Hub_PU2971afghghhsdggutyu01,50E-171.28,90,28/08/2026 00:00:00,21/08/2026 00:18:51,28/08/2026 23:56:38,28/08/2026 21:39:03,28/08/2026 21:39:03,SEQ 1 - 21-HNI Soc Son 3 Hub (2132) - 28/08/2026 21:39:03
295802461,LT0Q8S4W42N11,20260828HY_COT13:15_20-HNI Dong Da 5 Hub+20-HNI Dong Da 6 Hub_PU2931afghghhsdggutyu01,29E-791.17,90,28/08/2026 00:00:00,21/08/2026 00:18:51,28/08/2026 15:08:11,28/08/2026 12:55:23,28/08/2026 13:02:53,SEQ 1 - 20-HNI Dong Da 5 Hub (2112) - 28/08/2026 12:55:23 | SEQ 2 - 20-HNI Dong Da 6 Hub (2131) - 28/08/2026 13:02:53
295802454,LT0Q8S4W42MU1,20260828HY_COT21:15_21-HNI Thanh Tri Hub+21-HNI Thanh Tri 5 Hub_PU2891afghghhsdggutyu01,29E-289.20,90,28/08/2026 00:00:00,21/08/2026 00:18:50,28/08/2026 23:11:33,28/08/2026 20:21:13,28/08/2026 21:02:08,SEQ 1 - 21-HNI Thanh Tri Hub (79) - 28/08/2026 20:21:13 | SEQ 2 - 21-HNI Thanh Tri 5 Hub (2154) - 28/08/2026 21:02:08
295802450,LT0Q8S4W42MQ1,20260828HY_COT21:15_21-HNI Me Linh 3 Hub+21-HNI Me Linh Hub+21-HNI Me Linh 2 Hub_PU2871afghghhsdggutyu01,29E-289.48,90,28/08/2026 00:00:00,21/08/2026 00:18:50,28/08/2026 22:59:10,28/08/2026 19:41:23,28/08/2026 20:23:00,SEQ 1 - 21-HNI Me Linh 3 Hub (2250) - 28/08/2026 19:41:23 | SEQ 2 - 21-HNI Me Linh Hub (343) - 28/08/2026 20:23:00
295802444,LT0Q8S4W42MK1,20260828HY_COT21:15_20-HNI Long Bien Hub+20-HNI Long Bien 2 Hub_PU2791afghghhsdggutyu01,29H-689.29,90,28/08/2026 00:00:00,21/08/2026 00:18:50,28/08/2026 22:31:55,28/08/2026 20:37:56,28/08/2026 21:15:31,SEQ 1 - 20-HNI Long Bien Hub (7) - 28/08/2026 20:37:56 | SEQ 2 - 20-HNI Long Bien 2 Hub (594) - 28/08/2026 21:15:31
295802443,LT0Q8S4W42MJ1,20260828HY_COT13:15_20-HNI Long Bien Hub+20-HNI Long Bien 2 Hub_PU2791afghghhsdggutyu01,29H-689.29,90,28/08/2026 00:00:00,21/08/2026 00:18:50,28/08/2026 15:38:15,28/08/2026 13:14:50,28/08/2026 13:39:26,SEQ 1 - 20-HNI Long Bien Hub (7) - 28/08/2026 13:14:50 | SEQ 2 - 20-HNI Long Bien 2 Hub (594) - 28/08/2026 13:39:26
295802440,LT0Q8S4W42MG1,20260828HY_COT21:15_21-HNI Ung Hoa 2 Hub+21-HNI Ung Hoa Hub_PU2721afghghhsdggutyu01,29E-441.49,90,28/08/2026 00:00:00,21/08/2026 00:18:50,28/08/2026 23:06:56,28/08/2026 19:52:24,28/08/2026 20:23:25,SEQ 1 - 21-HNI Ung Hoa 2 Hub (2113) - 28/08/2026 19:52:24 | SEQ 2 - 21-HNI Ung Hoa Hub (335) - 28/08/2026 20:23:25
295802032,LT0Q8S4W42B41,20260828HY_COT21:15_21-HNI Gia Lam 8 Hub+21-HNI Gia Lam 5 Hub_2801afghghhsdg01,29H-716.24,90,28/08/2026 00:00:00,21/08/2026 00:18:40,28/08/2026 22:18:14,28/08/2026 20:09:37,28/08/2026 20:55:46,SEQ 1 - 21-HNI Gia Lam 8 Hub (4330) - 28/08/2026 20:09:37 | SEQ 2 - 21-HNI Gia Lam 5 Hub (2075) - 28/08/2026 20:55:46
295801612,LT0Q8S4W41ZG1,20260828HY_COT13:15_21-HNI Dong Anh 5 Hub+21-HNI Dong Anh 7 Hub+21-HNI Dong Anh 6 Hub_PU2921afghghhsdg01,29H-779.74,90,28/08/2026 00:00:00,21/08/2026 00:18:30,28/08/2026 17:57:32,28/08/2026 14:33:41,28/08/2026 15:32:37,SEQ 1 - 21-HNI Dong Anh 5 Hub (3995) - 28/08/2026 14:33:41 | SEQ 2 - 21-HNI Dong Anh 7 Hub (5168) - 28/08/2026 15:04:11 | SEQ 3 - 21-HNI Dong Anh 6 Hub (2514) - 28/08/2026 15:32:37
295801598,LT0Q8S4W41Z21,20260828HY_COT13:15_21-HNI Thuong Tin 2 Hub+21-HNI Thuong Tin 4 Hub_PU2831afghghhsdg01,29K-127.57,90,28/08/2026 00:00:00,21/08/2026 00:18:30,28/08/2026 15:03:20,28/08/2026 12:18:55,28/08/2026 12:41:04,SEQ 1 - 21-HNI Thuong Tin 2 Hub (1610) - 28/08/2026 12:18:55 | SEQ 2 - 21-HNI Thuong Tin 4 Hub (2430) - 28/08/2026 12:41:04
295801186,LT0Q8S4W41NM1,20260828HY_COT13:15_21-HNI Gia Lam 8 Hub+21-HNI Gia Lam 5 Hub_2801afghghh01,29H-716.24,90,28/08/2026 00:00:00,21/08/2026 00:18:21,28/08/2026 15:10:03,28/08/2026 12:52:42,28/08/2026 13:33:11,SEQ 1 - 21-HNI Gia Lam 8 Hub (4330) - 28/08/2026 12:52:42 | SEQ 2 - 21-HNI Gia Lam 5 Hub (2075) - 28/08/2026 13:33:11
295800374,LT0Q8S4W41121,20260828HY_COT21:15_20-HNI Hoang Mai 3 Hub_3311afgh01,50E-201.00,90,28/08/2026 00:00:00,21/08/2026 00:18:01,28/08/2026 21:45:36,28/08/2026 19:59:44,28/08/2026 19:59:44,SEQ 1 - 20-HNI Hoang Mai 3 Hub (1234) - 28/08/2026 19:59:44
295800320,LT0Q8S4W40ZK1,20260828HY_COT21:15_20-HNI Hai Ba Trung Hub+20-HNI Hai Ba Trung 2 Hub_2651afgh01,29E-390.04,90,28/08/2026 00:00:00,21/08/2026 00:18:00,28/08/2026 23:03:43,28/08/2026 20:22:56,28/08/2026 21:11:01,SEQ 1 - 20-HNI Hai Ba Trung Hub (216) - 28/08/2026 20:22:56 | SEQ 2 - 20-HNI Hai Ba Trung 2 Hub (1012) - 28/08/2026 21:11:01
295799928,LT0Q8S4W40OO1,20260828HY_COT13:15_21-HNI Phu Xuyen 4 Hub+21-HNI Phu Xuyen 2 Hub_PU2981afgh01,29E-791.42,90,28/08/2026 00:00:00,21/08/2026 00:17:50,28/08/2026 17:15:47,28/08/2026 13:50:09,28/08/2026 14:13:59,SEQ 1 - 21-HNI Phu Xuyen 4 Hub (5760) - 28/08/2026 13:50:09 | SEQ 2 - 21-HNI Phu Xuyen 2 Hub (1640) - 28/08/2026 14:13:59
295799496,LT0Q8S4W40CO1,20260828HY_COT21:15_21-HNI Gia Lam 3 Hub+21-HNI Gia Lam 7 Hub_2851a01,29E-123.13,90,28/08/2026 00:00:00,21/08/2026 00:17:40,28/08/2026 15:53:08,28/08/2026 13:25:42,28/08/2026 13:59:05,SEQ 1 - 21-HNI Gia Lam 3 Hub (1330) - 28/08/2026 13:25:42 | SEQ 2 - 21-HNI Gia Lam 7 Hub (2511) - 28/08/2026 13:59:05
295799092,LT0Q8S4W401G1,20260828HY_COT13:15_21-HNI Thuong Tin 3 Hub+21-HNI Thuong Tin Hub_PU3031a01,29E-791.31,90,28/08/2026 00:00:00,21/08/2026 00:17:30,28/08/2026 13:31:36,28/08/2026 11:15:01,28/08/2026 11:41:50,SEQ 1 - 21-HNI Thuong Tin 3 Hub (2323) - 28/08/2026 11:15:01 | SEQ 2 - 21-HNI Thuong Tin Hub (99) - 28/08/2026 11:41:50
295799085,LT0Q8S4W40191,20260828HY_COT13:15_20-HNI Hai Ba Trung 5 Hub+20-HNI Hai Ba Trung 4 Hub_PU3001a01,29E-791.43,90,28/08/2026 00:00:00,21/08/2026 00:17:30,28/08/2026 16:08:34,28/08/2026 13:11:17,28/08/2026 13:45:49,SEQ 1 - 20-HNI Hai Ba Trung 5 Hub (2265) - 28/08/2026 13:11:17 | SEQ 2 - 20-HNI Hai Ba Trung 4 Hub (1636) - 28/08/2026 13:45:49
295799059,LT0Q8S4W400J1,20260828HY_COT21:15_20-HNI Long Bien 3 Hub+20-HNI Long Bien 5 Hub_PU2841a01,29H-776.90,90,28/08/2026 00:00:00,21/08/2026 00:17:29,28/08/2026 23:19:41,28/08/2026 20:38:51,28/08/2026 21:23:31,SEQ 1 - 20-HNI Long Bien 3 Hub (1025) - 28/08/2026 20:38:51 | SEQ 2 - 20-HNI Long Bien 5 Hub (2279) - 28/08/2026 21:23:31
295797802,LT0Q8S4W3Z1M1,20260828HY_COT21:15_21-HNI Gia Lam 3 Hub+21-HNI Gia Lam 7 Hub_28501,29E-121.26,90,28/08/2026 00:00:00,21/08/2026 00:17:00,28/08/2026 21:42:28,28/08/2026 20:07:27,28/08/2026 20:26:21,SEQ 1 - 21-HNI Gia Lam 3 Hub (1330) - 28/08/2026 20:07:27 | SEQ 2 - 21-HNI Gia Lam 7 Hub (2511) - 28/08/2026 20:26:21
295797800,LT0Q8S4W3Z1K1,20260828HY_COT21:15_21-HNI Thanh Tri 2 Hub+21-HNI Thanh Tri 6 Hub_28201,29E-201.01,100,28/08/2026 00:00:00,21/08/2026 00:17:00,28/08/2026 20:49:28,,,
295797794,LT0Q8S4W3Z1E1,20260828HY_COT13:15_20-HNI Hoang Mai 2 Hub_27701,29E-455.73,90,28/08/2026 00:00:00,21/08/2026 00:17:00,28/08/2026 15:24:15,28/08/2026 13:12:03,28/08/2026 13:12:03,SEQ 1 - 20-HNI Hoang Mai 2 Hub (1272) - 28/08/2026 13:12:03
295797788,LT0Q8S4W3Z181,20260828HY_COT21:15_20-HNI Hoang Mai 7 Hub+20-HNI Hoang Mai 5 Hub_27101,29K-010.96,90,28/08/2026 00:00:00,21/08/2026 00:17:00,28/08/2026 23:35:11,28/08/2026 20:59:06,28/08/2026 21:25:33,SEQ 1 - 20-HNI Hoang Mai 7 Hub (2266) - 28/08/2026 20:59:06 | SEQ 2 - 20-HNI Hoang Mai 5 Hub (1849) - 28/08/2026 21:25:33
295797785,LT0Q8S4W3Z151,20260828HY_COT13:15_21-HNI Gia Lam 2 Hub+21-HNI Gia Lam 4 Hub_26901,29E-121.24,90,28/08/2026 00:00:00,21/08/2026 00:16:59,28/08/2026 15:49:32,28/08/2026 13:19:36,28/08/2026 13:55:16,SEQ 1 - 21-HNI Gia Lam 2 Hub (596) - 28/08/2026 13:19:36 | SEQ 2 - 21-HNI Gia Lam 4 Hub (2066) - 28/08/2026 13:55:16
295797396,LT0Q8S4W3YQC1,20260828HY_COT21:15_20-HNI Hai Ba Trung 3 Hub+20-HNI Hai Ba Trung 6 Hub_PU30201,29E-405.57,90,28/08/2026 00:00:00,21/08/2026 00:16:51,28/08/2026 23:39:55,28/08/2026 21:13:15,28/08/2026 21:48:07,SEQ 1 - 20-HNI Hai Ba Trung 3 Hub (1052) - 28/08/2026 21:13:15 | SEQ 2 - 20-HNI Hai Ba Trung 6 Hub (4153) - 28/08/2026 21:48:07
295797395,LT0Q8S4W3YQB1,20260828HY_COT13:15_20-HNI Hai Ba Trung 3 Hub+20-HNI Hai Ba Trung 6 Hub_PU30201,29E-405.57,90,28/08/2026 00:00:00,21/08/2026 00:16:51,28/08/2026 15:14:12,28/08/2026 12:57:27,28/08/2026 13:17:44,SEQ 1 - 20-HNI Hai Ba Trung 3 Hub (1052) - 28/08/2026 12:57:27 | SEQ 2 - 20-HNI Hai Ba Trung 6 Hub (4153) - 28/08/2026 13:17:44
295797388,LT0Q8S4W3YQ41,20260828HY_COT21:15_21-HNI Phu Xuyen 3 Hub+21-HNI Phu Xuyen Hub_PU29801,29E-791.42,90,28/08/2026 00:00:00,21/08/2026 00:16:50,28/08/2026 22:44:56,28/08/2026 19:27:19,28/08/2026 20:28:50,SEQ 1 - 21-HNI Phu Xuyen 3 Hub (2429) - 28/08/2026 19:27:19 | SEQ 2 - 21-HNI Phu Xuyen Hub (348) - 28/08/2026 20:28:50
295797386,LT0Q8S4W3YQ21,20260828HY_COT21:15_21-HNI Soc Son 3 Hub+21-HNI Soc Son 4 Hub_PU29701,29E-791.30,90,28/08/2026 00:00:00,21/08/2026 00:16:50,28/08/2026 15:59:01,28/08/2026 13:22:28,28/08/2026 13:41:20,SEQ 1 - 21-HNI Soc Son 3 Hub (2132) - 28/08/2026 13:22:28 | SEQ 2 - 21-HNI Soc Son 4 Hub (2448) - 28/08/2026 13:41:20
295797381,LT0Q8S4W3YPX1,20260828HY_COT13:15_20-HNI Hai Ba Trung 8 Hub+20-HNI Hai Ba Trung 7 Hub_PU29501,29E-791.45,90,28/08/2026 00:00:00,21/08/2026 00:16:50,28/08/2026 16:11:03,28/08/2026 13:26:09,28/08/2026 13:57:22,SEQ 1 - 20-HNI Hai Ba Trung 8 Hub (5940) - 28/08/2026 13:26:09 | SEQ 2 - 20-HNI Hai Ba Trung 7 Hub (2198) - 28/08/2026 13:57:22
295797376,LT0Q8S4W3YPS1,20260828HY_COT13:15_20-HNI Dong Da 4 Hub+20-HNI Dong Da 10 Hub_PU29101,29E-791.21,90,28/08/2026 00:00:00,21/08/2026 00:16:50,28/08/2026 17:16:16,28/08/2026 13:41:00,28/08/2026 14:26:20,SEQ 1 - 20-HNI Dong Da 4 Hub (2111) - 28/08/2026 13:41:00 | SEQ 2 - 20-HNI Dong Da 10 Hub (2427) - 28/08/2026 14:26:20
295797375,LT0Q8S4W3YPR1,20260828HY_COT21:15_20-HNI Hai Ba Trung 5 Hub+20-HNI Hai Ba Trung 4 Hub_PU29101,29E-791.21,90,28/08/2026 00:00:00,21/08/2026 00:16:50,28/08/2026 23:07:35,28/08/2026 21:16:01,28/08/2026 21:35:53,SEQ 1 - 20-HNI Hai Ba Trung 5 Hub (2265) - 28/08/2026 21:16:01 | SEQ 2 - 20-HNI Hai Ba Trung 4 Hub (1636) - 28/08/2026 21:35:53
295797365,LT0Q8S4W3YPH1,20260828HY_COT21:15_20-HNI Long Bien 3 Hub+20-HNI Long Bien 5 Hub_PU28401,29H-776.90,90,28/08/2026 00:00:00,21/08/2026 00:16:50,28/08/2026 15:19:50,28/08/2026 13:12:17,28/08/2026 13:36:31,SEQ 1 - 20-HNI Long Bien 3 Hub (1025) - 28/08/2026 13:12:17 | SEQ 2 - 20-HNI Long Bien 5 Hub (2279) - 28/08/2026 13:36:31
295791437,LT0Q8S4W3U4T1,2026082820-HNI Hoan Kiem 2_2Hoan Kiem 220-HNI Hoan Kiem HubHung Yen SOC_COT13:00_PU_adhoc01,29K-135.25,90,28/08/2026 00:00:00,21/08/2026 00:14:28,28/08/2026 16:21:21,28/08/2026 13:37:22,28/08/2026 13:53:13,SEQ 2 - 20-HNI Hoan Kiem Hub (608) - 28/08/2026 13:37:22 | SEQ 3 - 20-HNI Ba Dinh Hub (598) - 28/08/2026 13:53:13
295791428,LT0Q8S4W3U4K1,2026082821-HNI Phu Xuyen 4_2Phu Xuyen 4Hung Yen SOC_COT20:00_PU_adhoc01,29E-303.22,90,28/08/2026 00:00:00,21/08/2026 00:14:27,28/08/2026 23:09:26,28/08/2026 20:00:39,28/08/2026 21:12:57,SEQ 1 - 21-HNI Phu Xuyen 4 Hub (5760) - 28/08/2026 20:00:39 | SEQ 2 - 21-HNI Phu Xuyen 2 Hub (1640) - 28/08/2026 21:12:57
295783847,LT0Q8S4W3O9Z1,2026082821-HNI Thuong Tin 2_2Thuong Tin 221-HNI Thuong Tin 4 HubHung Yen SOC_COT20:00_PU_adhoc01,29K-127.57,90,28/08/2026 00:00:00,21/08/2026 00:11:32,28/08/2026 21:50:44,28/08/2026 19:17:15,28/08/2026 19:47:41,SEQ 1 - 21-HNI Thuong Tin 2 Hub (1610) - 28/08/2026 19:17:15 | SEQ 2 - 21-HNI Thuong Tin 4 Hub (2430) - 28/08/2026 19:47:41
295783818,LT0Q8S4W3O961,2026082821-HNI Phuc Tho 3_2Phuc Tho 321-HNI Phuc Tho HubHung Yen SOC_COT12:00_PU_adhoc01,29E-495.12,90,28/08/2026 00:00:00,21/08/2026 00:11:31,28/08/2026 17:29:07,28/08/2026 12:54:58,28/08/2026 13:47:12,SEQ 1 - 21-HNI Phuc Tho 3 Hub (5675) - 28/08/2026 12:54:58 | SEQ 2 - 21-HNI Phuc Tho Hub (226) - 28/08/2026 13:17:07 | SEQ 3 - 21-HNI Phuc Tho 2 Hub (1236) - 28/08/2026 13:47:12
295783767,LT0Q8S4W3O7R1,2026082821-HNI Thanh tri 2_2Thanh tri 221-HNI Thanh tri 6 HubHung Yen SOC_COT14:00_PU_adhoc01,29E-202.71,90,28/08/2026 00:00:00,21/08/2026 00:11:30,28/08/2026 15:57:26,28/08/2026 13:25:24,28/08/2026 13:33:57,SEQ 1 - 21-HNI Thanh Tri 2 Hub (1886) - 28/08/2026 13:25:24 | SEQ 2 - 21-HNI Thanh Tri 6 Hub (5000) - 28/08/2026 13:33:57
295783764,LT0Q8S4W3O7O1,2026082820-HNI Hoang Mai 7_2Hoang Mai 720-HNI Hoang Mai 5 HubHung Yen SOC_COT14:00_PU_adhoc01,29K-010.96,90,28/08/2026 00:00:00,21/08/2026 00:11:30,28/08/2026 16:18:58,28/08/2026 12:57:37,28/08/2026 13:43:30,SEQ 1 - 20-HNI Hoang Mai 7 Hub (2266) - 28/08/2026 12:57:37 | SEQ 2 - 20-HNI Hoang Mai 5 Hub (1849) - 28/08/2026 13:43:30
295783761,LT0Q8S4W3O7L1,2026082821-HNI Dong Anh _2Dong Anh 21-HNI Dong Anh 4 HubHung Yen SOC_COT14:00_PU_adhoc01,29E-791.07,90,28/08/2026 00:00:00,21/08/2026 00:11:30,28/08/2026 15:44:30,28/08/2026 12:18:18,28/08/2026 13:27:47,SEQ 1 - 21-HNI Dong Anh Hub (103) - 28/08/2026 12:18:18 | SEQ 2 - 21-HNI Dong Anh 4 Hub (2069) - 28/08/2026 13:27:47
295783741,LT0Q8S4W3O711,2026082820-HNI Hoang Mai 4_2Hoang Mai 420-HNI Hoang Mai 6Hung Yen SOC_COT14:00_PU_adhoc01,29H-808.61,90,28/08/2026 00:00:00,21/08/2026 00:11:29,28/08/2026 16:06:58,28/08/2026 13:36:48,28/08/2026 13:49:57,SEQ 1 - 20-HNI Hoang Mai 4 Hub (1847) - 28/08/2026 13:36:48 | SEQ 2 - 20-HNI Hoang Mai 6 Hub (5022) - 28/08/2026 13:49:57
295779673,LT0Q8S4W3L211,20260828HN S_21-HNIckhn2COT21:00_DEQD_adhoc101,,100,28/08/2026 00:00:00,21/08/2026 00:09:53,28/08/2026 16:00:33,,,
295779672,LT0Q8S4W3L201,20260828BN B_21-HNIckhn2COT21:00_DEQD_adhoc101,,100,28/08/2026 00:00:00,21/08/2026 00:09:53,28/08/2026 16:00:32,,,
295779671,LT0Q8S4W3L1Z1,20260828HN S_21-HNIckhn2COT20:00_DEQD_adhoc101,,100,28/08/2026 00:00:00,21/08/2026 00:09:53,28/08/2026 15:00:25,,,
295779670,LT0Q8S4W3L1Y1,20260828BN B_21-HNIckhn2COT20:00_DEQD_adhoc101,,100,28/08/2026 00:00:00,21/08/2026 00:09:53,28/08/2026 15:00:25,,,
295779669,LT0Q8S4W3L1X1,20260828HN S_21-HNIckhn2COT19:00_DEQD_adhoc101,,100,28/08/2026 00:00:00,21/08/2026 00:09:53,28/08/2026 14:00:27,,,
295779668,LT0Q8S4W3L1W1,20260828BN B_21-HNIckhn2COT19:00_DEQD_adhoc101,,100,28/08/2026 00:00:00,21/08/2026 00:09:53,28/08/2026 14:00:27,,,
295779667,LT0Q8S4W3L1V1,20260828HN S_21-Hck hn2-h2b_COT21:00_DEQD_adhoc101,,100,28/08/2026 00:00:00,21/08/2026 00:09:53,28/08/2026 16:00:32,,,
295779666,LT0Q8S4W3L1U1,20260828BN B_21-Hck hn2-h2b_COT21:00_DEQD_adhoc101,,100,28/08/2026 00:00:00,21/08/2026 00:09:53,28/08/2026 16:00:32,,,
295779665,LT0Q8S4W3L1T1,20260828HN S_21-Hck hn2-h2b_COT20:00_DEQD_adhoc101,,100,28/08/2026 00:00:00,21/08/2026 00:09:53,28/08/2026 15:00:25,,,
295779664,LT0Q8S4W3L1S1,20260828BN B_21-Hck hn2-h2b_COT20:00_DEQD_adhoc101,,100,28/08/2026 00:00:00,21/08/2026 00:09:53,28/08/2026 15:00:24,,,
295779663,LT0Q8S4W3L1R1,20260828HN S_21-Hck hn2-h2b_COT19:00_DEQD_adhoc101,,100,28/08/2026 00:00:00,21/08/2026 00:09:53,28/08/2026 14:00:27,,,
295779662,LT0Q8S4W3L1Q1,20260828BN B_21-Hck hn2-h2b_COT19:00_DEQD_adhoc101,,100,28/08/2026 00:00:00,21/08/2026 00:09:53,28/08/2026 14:00:27,,,
295779649,LT0Q8S4W3L1D1,20260828HN S_21-HNIckhn2COT21:00_DEQD_adhoc01,,100,28/08/2026 00:00:00,21/08/2026 00:09:53,28/08/2026 16:00:32,,,
295779648,LT0Q8S4W3L1C1,20260828BN B_21-HNIckhn2COT21:00_DEQD_adhoc01,,100,28/08/2026 00:00:00,21/08/2026 00:09:53,28/08/2026 16:00:32,,,
295779647,LT0Q8S4W3L1B1,20260828HN S_21-HNIckhn2COT20:00_DEQD_adhoc01,,100,28/08/2026 00:00:00,21/08/2026 00:09:53,28/08/2026 15:00:24,,,
295779646,LT0Q8S4W3L1A1,20260828BN B_21-HNIckhn2COT20:00_DEQD_adhoc01,,100,28/08/2026 00:00:00,21/08/2026 00:09:53,28/08/2026 15:00:24,,,
295779645,LT0Q8S4W3L191,20260828HN S_21-HNIckhn2COT19:00_DEQD_adhoc01,,100,28/08/2026 00:00:00,21/08/2026 00:09:53,28/08/2026 14:00:26,,,
295779644,LT0Q8S4W3L181,20260828BN B_21-HNIckhn2COT19:00_DEQD_adhoc01,,100,28/08/2026 00:00:00,21/08/2026 00:09:53,28/08/2026 14:00:26,,,
295779643,LT0Q8S4W3L171,20260828HN S_21-Hck hn2-h2b_COT21:00_DEQD_adhoc01,,100,28/08/2026 00:00:00,21/08/2026 00:09:53,28/08/2026 16:00:32,,,
295779642,LT0Q8S4W3L161,20260828BN B_21-Hck hn2-h2b_COT21:00_DEQD_adhoc01,,100,28/08/2026 00:00:00,21/08/2026 00:09:53,28/08/2026 16:00:32,,,
295779641,LT0Q8S4W3L151,20260828HN S_21-Hck hn2-h2b_COT20:00_DEQD_adhoc01,,100,28/08/2026 00:00:00,21/08/2026 00:09:53,28/08/2026 15:00:24,,,
295779640,LT0Q8S4W3L141,20260828BN B_21-Hck hn2-h2b_COT20:00_DEQD_adhoc01,,100,28/08/2026 00:00:00,21/08/2026 00:09:52,28/08/2026 15:00:24,,,
295779639,LT0Q8S4W3L131,20260828HN S_21-Hck hn2-h2b_COT19:00_DEQD_adhoc01,,100,28/08/2026 00:00:00,21/08/2026 00:09:52,28/08/2026 14:00:26,,,
295779638,LT0Q8S4W3L121,20260828BN B_21-Hck hn2-h2b_COT19:00_DEQD_adhoc201,,100,28/08/2026 00:00:00,21/08/2026 00:09:52,28/08/2026 14:00:26,,,
295779636,LT0Q8S4W3L101,20260828BN B_21-HNck hn2-hy2_COT21:00_DEQD_adhoc201,29E-298.10,90,28/08/2026 00:00:00,21/08/2026 00:09:52,28/08/2026 15:30:52,28/08/2026 12:59:40,28/08/2026 12:59:40,SEQ 1 - HN2 SOC (2029) - 28/08/2026 12:59:40
295779635,LT0Q8S4W3L0Z1,20260828HN S_21-HNck hn2-hy2_COT20:00_DEQD_adhoc201,29E-297.12,90,28/08/2026 00:00:00,21/08/2026 00:09:52,28/08/2026 21:36:51,28/08/2026 19:58:10,28/08/2026 19:58:10,SEQ 1 - HN2 SOC (2029) - 28/08/2026 19:58:10
295779633,LT0Q8S4W3L0X1,20260828HN S_21-HNck hn2-hy2_COT19:00_DEQD_adhoc201,29E-428.37,90,28/08/2026 00:00:00,21/08/2026 00:09:52,28/08/2026 20:57:52,28/08/2026 19:03:59,28/08/2026 19:03:59,SEQ 1 - HN2 SOC (2029) - 28/08/2026 19:03:59
295779631,LT0Q8S4W3L0V1,20260828HN S_21ck hn2-hy1_COT21:00_DEQD_adhoc201,29H-776.19,90,28/08/2026 00:00:00,21/08/2026 00:09:52,28/08/2026 23:54:11,28/08/2026 22:26:59,28/08/2026 22:26:59,SEQ 1 - HN2 SOC (2029) - 28/08/2026 22:26:59
295779630,LT0Q8S4W3L0U1,20260828BN B_21ck hn2-hy1_COT21:00_DEQD_adhoc201,29E-428.31,90,28/08/2026 00:00:00,21/08/2026 00:09:52,28/08/2026 22:54:58,28/08/2026 20:53:52,28/08/2026 20:53:52,SEQ 1 - HN2 SOC (2029) - 28/08/2026 20:53:52
295779629,LT0Q8S4W3L0T1,20260828HN S_21ck hn2-hy1_COT20:00_DEQD_adhoc01,29E-303.07,90,28/08/2026 00:00:00,21/08/2026 00:09:52,28/08/2026 22:25:28,28/08/2026 20:22:16,28/08/2026 20:22:16,SEQ 1 - HN2 SOC (2029) - 28/08/2026 20:22:16
295779628,LT0Q8S4W3L0S1,20260828BN B_21ck hn2-hy1_COT20:00_DEQD_adhoc01,29E-298.49,90,28/08/2026 00:00:00,21/08/2026 00:09:52,28/08/2026 21:28:42,28/08/2026 19:14:01,28/08/2026 19:14:01,SEQ 1 - HN2 SOC (2029) - 28/08/2026 19:14:01
295779627,LT0Q8S4W3L0R1,20260828HN S_21ck hn2-hy1_COT19:00_DEQD_adhoc01,29E-503.07,90,28/08/2026 00:00:00,21/08/2026 00:09:52,28/08/2026 20:44:49,28/08/2026 18:26:51,28/08/2026 18:26:51,SEQ 1 - HN2 SOC (2029) - 28/08/2026 18:26:51
295779626,LT0Q8S4W3L0Q1,20260828BN B_21ck hn2-hy1_COT19:00_DEQD_adhoc01,29E-428.57,90,28/08/2026 00:00:00,21/08/2026 00:09:52,28/08/2026 17:32:08,28/08/2026 15:02:58,28/08/2026 15:02:58,SEQ 1 - HN2 SOC (2029) - 28/08/2026 15:02:58
295761098,LT0Q8S4W36Q23,20260828SPX Dong hoi 6h03,,100,28/08/2026 00:00:00,21/08/2026 00:02:41,28/08/2026 22:00:22,,,
295761097,LT0Q8S4W36Q12,20260828SPX Dong hoi 6h02,,100,28/08/2026 00:00:00,21/08/2026 00:02:41,28/08/2026 22:00:22,,,
295761096,LT0Q8S4W36Q01,20260828SPX Dong hoi 6h01,,100,28/08/2026 00:00:00,21/08/2026 00:02:41,28/08/2026 22:00:21,,,
295761095,LT0Q8S4W36PZ8,20260828C.T Duc Trong 0h HYen08,,100,28/08/2026 00:00:00,21/08/2026 00:02:41,28/08/2026 14:00:20,,,
295761093,LT0Q8S4W36PX6,20260828C.T Duc Trong 0h HYen06,,100,28/08/2026 00:00:00,21/08/2026 00:02:41,28/08/2026 14:00:20,,,
295761092,LT0Q8S4W36PW5,20260828C.T Duc Trong 0h HYen05,,100,28/08/2026 00:00:00,21/08/2026 00:02:41,28/08/2026 14:00:19,,,
295761091,LT0Q8S4W36PV4,20260828C.T Duc Trong 0h HYen04,,100,28/08/2026 00:00:00,21/08/2026 00:02:41,28/08/2026 14:00:19,,,
295761090,LT0Q8S4W36PU3,20260828C.T Duc Trong 0h HYen03,,100,28/08/2026 00:00:00,21/08/2026 00:02:41,28/08/2026 14:00:19,,,
295761089,LT0Q8S4W36PT2,20260828C.T Duc Trong 0h HYen02,,100,28/08/2026 00:00:00,21/08/2026 00:02:41,28/08/2026 14:00:19,,,
295761088,LT0Q8S4W36PS1,20260828C.T Duc Trong 0h HYen01,,100,28/08/2026 00:00:00,21/08/2026 00:02:41,28/08/2026 14:00:19,,,
295761087,LT0Q8S4W36PR8,20260828C.T Duc Trong 6h HYen08,,100,28/08/2026 00:00:00,21/08/2026 00:02:40,28/08/2026 18:00:15,,,
295761086,LT0Q8S4W36PQ7,20260828C.T Duc Trong 6h HYen07,,100,28/08/2026 00:00:00,21/08/2026 00:02:40,28/08/2026 18:00:14,,,
295761085,LT0Q8S4W36PP6,20260828C.T Duc Trong 6h HYen06,,100,28/08/2026 00:00:00,21/08/2026 00:02:40,28/08/2026 18:00:14,,,
295761084,LT0Q8S4W36PO5,20260828C.T Duc Trong 6h HYen05,,100,28/08/2026 00:00:00,21/08/2026 00:02:40,28/08/2026 18:00:14,,,
295761082,LT0Q8S4W36PM3,20260828C.T Duc Trong 6h HYen03,,100,28/08/2026 00:00:00,21/08/2026 00:02:40,28/08/2026 18:00:14,,,
295761081,LT0Q8S4W36PL2,20260828C.T Duc Trong 6h HYen02,,100,28/08/2026 00:00:00,21/08/2026 00:02:40,28/08/2026 18:00:14,,,
295761079,LT0Q8S4W36PJ8,20260828C0T_2:30_QL14_._HYenSOC08,,100,28/08/2026 00:00:00,21/08/2026 00:02:40,28/08/2026 15:00:15,,,
295761078,LT0Q8S4W36PI7,20260828C0T_2:30_QL14_._HYenSOC07,,100,28/08/2026 00:00:00,21/08/2026 00:02:40,28/08/2026 15:00:15,,,
295761074,LT0Q8S4W36PE3,20260828C0T_2:30_QL14_._HYenSOC03,,100,28/08/2026 00:00:00,21/08/2026 00:02:40,28/08/2026 15:00:14,,,
295761073,LT0Q8S4W36PD2,20260828C0T_2:30_QL14_._HYenSOC02,,100,28/08/2026 00:00:00,21/08/2026 00:02:40,28/08/2026 15:00:14,,,
295761071,LT0Q8S4W36PB8,20260828C0T_2:30_QL1_._HYenSOC08,,100,28/08/2026 00:00:00,21/08/2026 00:02:40,28/08/2026 15:00:14,,,
295761070,LT0Q8S4W36PA7,20260828C0T_2:30_QL1_._HYenSOC07,,100,28/08/2026 00:00:00,21/08/2026 00:02:40,28/08/2026 15:00:14,,,
295761069,LT0Q8S4W36P96,20260828C0T_2:30_QL1_._HYenSOC06,,100,28/08/2026 00:00:00,21/08/2026 00:02:40,28/08/2026 15:00:14,,,
295761068,LT0Q8S4W36P85,20260828C0T_2:30_QL1_._HYenSOC05,,100,28/08/2026 00:00:00,21/08/2026 00:02:40,28/08/2026 15:00:14,,,
295761067,LT0Q8S4W36P74,20260828C0T_2:30_QL1_._HYenSOC04,,100,28/08/2026 00:00:00,21/08/2026 00:02:40,28/08/2026 15:00:14,,,
295761066,LT0Q8S4W36P63,20260828C0T_2:30_QL1_._HYenSOC03,,100,28/08/2026 00:00:00,21/08/2026 00:02:40,28/08/2026 15:00:13,,,
295761065,LT0Q8S4W36P52,20260828C0T_2:30_QL1_._HYenSOC02,,100,28/08/2026 00:00:00,21/08/2026 00:02:40,28/08/2026 15:00:13,,,
295761064,LT0Q8S4W36P41,20260828C0T_2:30_QL1_._HYenSOC01,,100,28/08/2026 00:00:00,21/08/2026 00:02:40,28/08/2026 15:00:13,,,
295761062,LT0Q8S4W36P27,20260828TC3:30_QL1A_._HYenSOC07,29E-517.31,100,28/08/2026 00:00:00,21/08/2026 00:02:40,28/08/2026 10:01:41,,,
295761059,LT0Q8S4W36OZ4,20260828TC3:30_QL1A_._HYenSOC04,,100,28/08/2026 00:00:00,21/08/2026 00:02:40,28/08/2026 16:00:21,,,
295761055,LT0Q8S4W36OV8,20260828QL_1_A HYSOC_DUYÊN HẢI_6h08,,100,28/08/2026 00:00:00,21/08/2026 00:02:40,28/08/2026 19:00:18,,,
295761054,LT0Q8S4W36OU7,20260828QL_1_A HYSOC_DUYÊN HẢI_6h07,,100,28/08/2026 00:00:00,21/08/2026 00:02:40,28/08/2026 19:00:18,,,
295761053,LT0Q8S4W36OT6,20260828QL_1_A HYSOC_DUYÊN HẢI_6h06,,100,28/08/2026 00:00:00,21/08/2026 00:02:40,28/08/2026 19:00:18,,,
295761052,LT0Q8S4W36OS5,20260828QL_1_A HYSOC_DUYÊN HẢI_6h05,,100,28/08/2026 00:00:00,21/08/2026 00:02:40,28/08/2026 19:00:18,,,
295761051,LT0Q8S4W36OR4,20260828QL_1_A HYSOC_DUYÊN HẢI_6h04,,100,28/08/2026 00:00:00,21/08/2026 00:02:40,28/08/2026 19:00:18,,,
295761050,LT0Q8S4W36OQ3,20260828QL_1_A HYSOC_DUYÊN HẢI_6h03,,100,28/08/2026 00:00:00,21/08/2026 00:02:40,28/08/2026 19:00:18,,,
295761049,LT0Q8S4W36OP2,20260828QL_1_A HYSOC_DUYÊN HẢI_6h02,,100,28/08/2026 00:00:00,21/08/2026 00:02:40,28/08/2026 19:00:18,,,
295761048,LT0Q8S4W36OO1,20260828QL_1_A HYSOC_DUYÊN HẢI_6h01,,100,28/08/2026 00:00:00,21/08/2026 00:02:40,28/08/2026 19:00:17,,,
295761047,LT0Q8S4W36ON8,20260828QL_14_HYSOC_Tây Nguyên6h08,,100,28/08/2026 00:00:00,21/08/2026 00:02:39,28/08/2026 18:00:14,,,
295761046,LT0Q8S4W36OM7,20260828QL_14_HYSOC_Tây Nguyên6h07,,100,28/08/2026 00:00:00,21/08/2026 00:02:39,28/08/2026 18:00:14,,,
295761045,LT0Q8S4W36OL6,20260828QL_14_HYSOC_Tây Nguyên6h06,,100,28/08/2026 00:00:00,21/08/2026 00:02:39,28/08/2026 18:00:13,,,
295761044,LT0Q8S4W36OK5,20260828QL_14_HYSOC_Tây Nguyên6h05,,100,28/08/2026 00:00:00,21/08/2026 00:02:39,28/08/2026 18:00:13,,,
295761043,LT0Q8S4W36OJ4,20260828QL_14_HYSOC_Tây Nguyên6h04,,100,28/08/2026 00:00:00,21/08/2026 00:02:39,28/08/2026 18:00:13,,,
295761042,LT0Q8S4W36OI3,20260828QL_14_HYSOC_Tây Nguyên6h03,,100,28/08/2026 00:00:00,21/08/2026 00:02:39,28/08/2026 18:00:13,,,
295761041,LT0Q8S4W36OH2,20260828QL_14_HYSOC_Tây Nguyên6h02,,100,28/08/2026 00:00:00,21/08/2026 00:02:39,28/08/2026 18:00:13,,,
295761040,LT0Q8S4W36OG1,20260828QL_14_HYSOC_Tây Nguyên6h01,,100,28/08/2026 00:00:00,21/08/2026 00:02:39,28/08/2026 18:00:13,,,
295761039,LT0Q8S4W36OF8,20260828QL_1A_HYSOC_DUYÊN HẢI_9h08,,100,28/08/2026 00:00:00,21/08/2026 00:02:39,28/08/2026 22:00:21,,,
295761038,LT0Q8S4W36OE7,20260828QL_1A_HYSOC_DUYÊN HẢI_9h07,,100,28/08/2026 00:00:00,21/08/2026 00:02:39,28/08/2026 22:00:21,,,
295761037,LT0Q8S4W36OD6,20260828QL_1A_HYSOC_DUYÊN HẢI_9h06,,100,28/08/2026 00:00:00,21/08/2026 00:02:39,28/08/2026 22:00:21,,,
295761036,LT0Q8S4W36OC5,20260828QL_1A_HYSOC_DUYÊN HẢI_9h05,,100,28/08/2026 00:00:00,21/08/2026 00:02:39,28/08/2026 22:00:21,,,
295761035,LT0Q8S4W36OB4,20260828QL_1A_HYSOC_DUYÊN HẢI_9h04,,100,28/08/2026 00:00:00,21/08/2026 00:02:39,28/08/2026 22:00:21,,,
295761034,LT0Q8S4W36OA3,20260828QL_1A_HYSOC_DUYÊN HẢI_9h03,,100,28/08/2026 00:00:00,21/08/2026 00:02:39,28/08/2026 22:00:21,,,
295761033,LT0Q8S4W36O92,20260828QL_1A_HYSOC_DUYÊN HẢI_9h02,,100,28/08/2026 00:00:00,21/08/2026 00:02:39,28/08/2026 22:00:21,,,
295761032,LT0Q8S4W36O81,20260828QL_1A_HYSOC_DUYÊN HẢI_9h01,,100,28/08/2026 00:00:00,21/08/2026 00:02:39,28/08/2026 22:00:20,,,
295761031,LT0Q8S4W36O78,20260828QL_14_Tây Nguyên_HungYen08,,100,28/08/2026 00:00:00,21/08/2026 00:02:39,28/08/2026 21:00:07,,,
295761030,LT0Q8S4W36O67,20260828QL_14_Tây Nguyên_HungYen07,,100,28/08/2026 00:00:00,21/08/2026 00:02:39,28/08/2026 21:00:07,,,
295761029,LT0Q8S4W36O56,20260828QL_14_Tây Nguyên_HungYen06,,100,28/08/2026 00:00:00,21/08/2026 00:02:39,28/08/2026 21:00:07,,,
295761028,LT0Q8S4W36O45,20260828QL_14_Tây Nguyên_HungYen05,,100,28/08/2026 00:00:00,21/08/2026 00:02:39,28/08/2026 21:00:07,,,
295761027,LT0Q8S4W36O34,20260828QL_14_Tây Nguyên_HungYen04,,100,28/08/2026 00:00:00,21/08/2026 00:02:39,28/08/2026 21:00:06,,,
295761026,LT0Q8S4W36O23,20260828QL_14_Tây Nguyên_HungYen03,,100,28/08/2026 00:00:00,21/08/2026 00:02:39,28/08/2026 21:00:06,,,
295761025,LT0Q8S4W36O12,20260828QL_14_Tây Nguyên_HungYen02,,100,28/08/2026 00:00:00,21/08/2026 00:02:39,28/08/2026 21:00:06,,,
295761024,LT0Q8S4W36O01,20260828QL_14_Tây Nguyên_HungYen01,,100,28/08/2026 00:00:00,21/08/2026 00:02:39,28/08/2026 21:00:06,,,
295761015,LT0Q8S4W36NR8,20260828Cot6H_BTB_ĐÀ NẴNG08,,100,28/08/2026 00:00:00,21/08/2026 00:02:39,28/08/2026 19:00:17,,,
295761014,LT0Q8S4W36NQ7,20260828Cot6H_BTB_ĐÀ NẴNG07,,100,28/08/2026 00:00:00,21/08/2026 00:02:39,28/08/2026 19:00:17,,,
295761013,LT0Q8S4W36NP6,20260828Cot6H_BTB_ĐÀ NẴNG06,,100,28/08/2026 00:00:00,21/08/2026 00:02:39,28/08/2026 19:00:17,,,
295761012,LT0Q8S4W36NO5,20260828Cot6H_BTB_ĐÀ NẴNG05,29E-083.65,90,28/08/2026 00:00:00,21/08/2026 00:02:39,28/08/2026 16:51:29,28/08/2026 01:47:57,28/08/2026 01:47:57,SEQ 1 - Hung Yen SOC (3909) - 28/08/2026 01:47:57
295761011,LT0Q8S4W36NN4,20260828Cot6H_BTB_ĐÀ NẴNG04,,100,28/08/2026 00:00:00,21/08/2026 00:02:39,28/08/2026 19:00:17,,,
295761010,LT0Q8S4W36NM3,20260828Cot6H_BTB_ĐÀ NẴNG03,,100,28/08/2026 00:00:00,21/08/2026 00:02:39,28/08/2026 19:00:17,,,
295761009,LT0Q8S4W36NL2,20260828Cot6H_BTB_ĐÀ NẴNG02,89H-003.94,90,28/08/2026 00:00:00,21/08/2026 00:02:39,28/08/2026 16:28:39,28/08/2026 02:48:15,28/08/2026 02:48:15,SEQ 1 - Hung Yen SOC (3909) - 28/08/2026 02:48:15
295761008,LT0Q8S4W36NK1,20260828Cot6H_BTB_ĐÀ NẴNG01,29E-859.14,90,28/08/2026 00:00:00,21/08/2026 00:02:39,28/08/2026 13:55:40,28/08/2026 01:45:07,28/08/2026 01:45:07,SEQ 1 - Hung Yen SOC (3909) - 28/08/2026 01:45:07
295761007,LT0Q8S4W36NJ8,20260828COT_9H_BTB_ĐÀ NẴNG08,,100,28/08/2026 00:00:00,21/08/2026 00:02:39,28/08/2026 22:00:20,,,
295761006,LT0Q8S4W36NI7,20260828COT_9H_BTB_ĐÀ NẴNG07,,100,28/08/2026 00:00:00,21/08/2026 00:02:39,28/08/2026 22:00:20,,,
295761005,LT0Q8S4W36NH6,20260828COT_9H_BTB_ĐÀ NẴNG06,,100,28/08/2026 00:00:00,21/08/2026 00:02:39,28/08/2026 22:00:20,,,
295761004,LT0Q8S4W36NG5,20260828COT_9H_BTB_ĐÀ NẴNG05,,100,28/08/2026 00:00:00,21/08/2026 00:02:38,28/08/2026 22:00:20,,,
295761003,LT0Q8S4W36NF4,20260828COT_9H_BTB_ĐÀ NẴNG04,,100,28/08/2026 00:00:00,21/08/2026 00:02:38,28/08/2026 22:00:20,,,
295761002,LT0Q8S4W36NE3,20260828COT_9H_BTB_ĐÀ NẴNG03,,100,28/08/2026 00:00:00,21/08/2026 00:02:38,28/08/2026 22:00:20,,,
295761001,LT0Q8S4W36ND2,20260828COT_9H_BTB_ĐÀ NẴNG02,,100,28/08/2026 00:00:00,21/08/2026 00:02:38,28/08/2026 22:00:20,,,
295760944,LT0Q8R4W36LS3,202608270H_BTB_ĐÀ NẴNG03,89H-027.00,90,28/08/2026 00:00:00,21/08/2026 00:02:37,28/08/2026 22:55:47,28/08/2026 09:59:32,28/08/2026 09:59:32,SEQ 1 - Hung Yen SOC (3909) - 28/08/2026 09:59:32
295708151,LT0Q8R4W21VB8,20260827HN1-HN2 15:0008,29K-060.14,90,28/08/2026 00:00:00,20/08/2026 00:23:12,28/08/2026 07:20:41,28/08/2026 04:24:20,28/08/2026 04:24:20,SEQ 1 - HN SOC (6) - 28/08/2026 04:24:20
295655556,LT0Q8R4W0XAC1,20260827COT_9H_BTB_ĐÀ NẴNG01,29E-827.94,90,28/08/2026 00:00:00,20/08/2026 00:02:33,28/08/2026 09:21:37,27/08/2026 21:09:04,27/08/2026 21:09:04,SEQ 1 - Hung Yen SOC (3909) - 27/08/2026 21:09:04
296640521,LT0Q8R4WM1AH1,202608271188_HY_COT22:00_HNSPC-Trung tam dien tu tin hoc QH_PU TC301,,100,27/08/2026 00:00:00,27/08/2026 05:56:35,28/08/2026 11:19:17,,,
296640514,LT0Q8R4WM1AA1,202608271187_HY_COT22:00_HNSPC-Thuc pham sach Ngoc Han_PU TC301,,100,27/08/2026 00:00:00,27/08/2026 05:56:35,28/08/2026 11:19:17,,,
296640507,LT0Q8R4WM1A31,202608271186_HY_COT22:00_HNSPC-Thuc Pham Sach KALE FARM_PU TC301,,100,27/08/2026 00:00:00,27/08/2026 05:56:35,28/08/2026 11:19:17,,,
296640500,LT0Q8R4WM19W1,202608271185_HY_COT22:00_HNSPC-Store 2T_PU TC301,,100,27/08/2026 00:00:00,27/08/2026 05:56:35,28/08/2026 11:19:17,,,
296640493,LT0Q8R4WM19P1,202608271184_HY_COT22:00_HNSPC-Phu kien dien thoai Manh Anh_PU TC301,,100,27/08/2026 00:00:00,27/08/2026 05:56:35,28/08/2026 11:19:17,,,
296640486,LT0Q8R4WM19I1,202608271183_HY_COT22:00_HNSPC-Phong ve Bac Viet_PU TC301,,100,27/08/2026 00:00:00,27/08/2026 05:56:34,28/08/2026 11:19:17,,,
296640479,LT0Q8R4WM19B1,202608271182_HY_COT22:00_HNSPC-Mon Pet Shop_PU TC301,,100,27/08/2026 00:00:00,27/08/2026 05:56:34,28/08/2026 11:19:17,,,
296640472,LT0Q8R4WM1941,202608271181_HY_COT22:00_HNSPC-Mini Mart_PU TC301,,100,27/08/2026 00:00:00,27/08/2026 05:56:34,28/08/2026 11:19:16,,,
296640465,LT0Q8R4WM18X1,202608271180_HY_COT22:00_HNSPC-Kiwi Store_PU TC301,,100,27/08/2026 00:00:00,27/08/2026 05:56:34,28/08/2026 11:19:16,,,
296640458,LT0Q8R4WM18Q1,202608271179_HY_COT22:00_HNSPC-HOAI THUONG SHOP_PU TC301,,100,27/08/2026 00:00:00,27/08/2026 05:56:34,28/08/2026 11:19:16,,,
296640451,LT0Q8R4WM18J1,202608271178_HY_COT22:00_HNSPC-Cua hang tien loi HT Mart_PU TC301,,100,27/08/2026 00:00:00,27/08/2026 05:56:34,28/08/2026 11:19:16,,,
296640444,LT0Q8R4WM18C1,202608271177_HY_COT22:00_HNSPC-Cafe So_PU TC301,,100,27/08/2026 00:00:00,27/08/2026 05:56:33,28/08/2026 11:19:16,,,
296640437,LT0Q8R4WM1851,202608271176_HY_COT22:00_HNSPC-BOO MART_PU TC301,,100,27/08/2026 00:00:00,27/08/2026 05:56:33,28/08/2026 11:19:16,,,
296640430,LT0Q8R4WM17Y1,202608271175_HY_COT22:00_HNSPC-Anh Quan Mobile_PU TC301,,100,27/08/2026 00:00:00,27/08/2026 05:56:33,28/08/2026 11:19:16,,,
296640423,LT0Q8R4WM17R1,202608271174_HY_COT22:00_HNSPC - Sieu thi Euro Mart_PU TC301,,100,27/08/2026 00:00:00,27/08/2026 05:56:33,28/08/2026 11:19:16,,,
296640416,LT0Q8R4WM17K1,202608271173_HY_COT22:00_AG-21-HNI Phuc Tho Hub_PU TC301,,100,27/08/2026 00:00:00,27/08/2026 05:56:33,28/08/2026 11:19:15,,,
296640409,LT0Q8R4WM17D1,202608271172_HY_COT22:00_21-HNI Thach That Hub_PU TC301,,100,27/08/2026 00:00:00,27/08/2026 05:56:33,28/08/2026 11:19:15,,,
296640402,LT0Q8R4WM1761,202608271171_HY_COT22:00_21-HNI Thach That 5 Hub_PU TC301,,100,27/08/2026 00:00:00,27/08/2026 05:56:32,28/08/2026 11:19:15,,,
296640395,LT0Q8R4WM16Z1,202608271170_HY_COT22:00_21-HNI Thach That 4 Hub_PU TC301,,100,27/08/2026 00:00:00,27/08/2026 05:56:32,28/08/2026 11:19:15,,,
296640388,LT0Q8R4WM16S1,202608271169_HY_COT22:00_21-HNI Thach That 3 Hub_PU TC301,,100,27/08/2026 00:00:00,27/08/2026 05:56:32,28/08/2026 11:19:15,,,
296640381,LT0Q8R4WM16L1,202608271168_HY_COT22:00_21-HNI Thach That 2 Hub_PU TC301,,100,27/08/2026 00:00:00,27/08/2026 05:56:32,28/08/2026 11:19:15,,,
296640374,LT0Q8R4WM16E1,202608271167_HY_COT22:00_21-HNI Son Tay Hub_PU TC301,,100,27/08/2026 00:00:00,27/08/2026 05:56:31,28/08/2026 11:19:15,,,
296640367,LT0Q8R4WM1671,202608271166_HY_COT22:00_21-HNI Son Tay 3 Hub_PU TC301,,100,27/08/2026 00:00:00,27/08/2026 05:56:31,28/08/2026 11:19:14,,,
296640360,LT0Q8R4WM1601,202608271165_HY_COT22:00_21-HNI Son Tay 2 Hub_PU TC301,,100,27/08/2026 00:00:00,27/08/2026 05:56:31,28/08/2026 11:19:14,,,
296640353,LT0Q8R4WM15T1,202608271164_HY_COT22:00_21-HNI Quoc Oai Hub_PU TC301,,100,27/08/2026 00:00:00,27/08/2026 05:56:31,28/08/2026 11:19:14,,,
296640346,LT0Q8R4WM15M1,202608271163_HY_COT22:00_21-HNI Quoc Oai 4 Hub_PU TC301,,100,27/08/2026 00:00:00,27/08/2026 05:56:31,28/08/2026 11:19:14,,,
296640339,LT0Q8R4WM15F1,202608271162_HY_COT22:00_21-HNI Quoc Oai 3 Hub_PU TC301,,100,27/08/2026 00:00:00,27/08/2026 05:56:30,28/08/2026 11:19:14,,,
296640332,LT0Q8R4WM1581,202608271161_HY_COT22:00_21-HNI Quoc Oai 2 Hub_PU TC301,,100,27/08/2026 00:00:00,27/08/2026 05:56:30,28/08/2026 11:19:14,,,
296640325,LT0Q8R4WM1511,202608271160_HY_COT22:00_21-HNI Phuc Tho Hub_PU TC301,,100,27/08/2026 00:00:00,27/08/2026 05:56:30,28/08/2026 11:19:14,,,
296640318,LT0Q8R4WM14U1,202608271159_HY_COT22:00_21-HNI Phuc Tho 3 Hub_PU TC301,,100,27/08/2026 00:00:00,27/08/2026 05:56:30,28/08/2026 11:19:14,,,
296640311,LT0Q8R4WM14N1,202608271158_HY_COT22:00_21-HNI Phuc Tho 2 Hub_PU TC301,,100,27/08/2026 00:00:00,27/08/2026 05:56:30,28/08/2026 11:19:13,,,
296640304,LT0Q8R4WM14G1,202608271157_HY_COT22:00_21-HNI Hoai Duc Hub_PU TC301,,100,27/08/2026 00:00:00,27/08/2026 05:56:30,28/08/2026 11:19:13,,,
296640297,LT0Q8R4WM1491,202608271156_HY_COT22:00_21-HNI Hoai Duc 8 Hub_PU TC301,,100,27/08/2026 00:00:00,27/08/2026 05:56:29,28/08/2026 11:19:13,,,
296640290,LT0Q8R4WM1421,202608271155_HY_COT22:00_21-HNI Hoai Duc 7 Hub_PU TC301,,100,27/08/2026 00:00:00,27/08/2026 05:56:29,28/08/2026 11:19:13,,,
296640283,LT0Q8R4WM13V1,202608271154_HY_COT22:00_21-HNI Hoai Duc 6 Hub_PU TC301,,100,27/08/2026 00:00:00,27/08/2026 05:56:29,28/08/2026 11:19:13,,,
296640276,LT0Q8R4WM13O1,202608271153_HY_COT22:00_21-HNI Hoai Duc 5 Hub_PU TC301,,100,27/08/2026 00:00:00,27/08/2026 05:56:29,28/08/2026 11:19:13,,,
296640269,LT0Q8R4WM13H1,202608271152_HY_COT22:00_21-HNI Hoai Duc 4 Hub_PU TC301,,100,27/08/2026 00:00:00,27/08/2026 05:56:29,28/08/2026 11:19:13,,,
296640262,LT0Q8R4WM13A1,202608271151_HY_COT22:00_21-HNI Hoai Duc 3 Hub_PU TC301,,100,27/08/2026 00:00:00,27/08/2026 05:56:28,28/08/2026 11:19:13,,,
296640255,LT0Q8R4WM1331,202608271150_HY_COT22:00_21-HNI Hoai Duc 2 Hub_PU TC301,,100,27/08/2026 00:00:00,27/08/2026 05:56:28,28/08/2026 11:19:12,,,
296640248,LT0Q8R4WM12W1,202608271149_HY_COT22:00_21-HNI Dan Phuong Hub_PU TC301,,100,27/08/2026 00:00:00,27/08/2026 05:56:28,28/08/2026 11:19:12,,,
296640241,LT0Q8R4WM12P1,202608271148_HY_COT22:00_21-HNI Dan Phuong 3 Hub_PU TC301,,100,27/08/2026 00:00:00,27/08/2026 05:56:28,28/08/2026 11:19:12,,,
296640234,LT0Q8R4WM12I1,202608271147_HY_COT22:00_21-HNI Dan Phuong 2 Hub_PU TC301,,100,27/08/2026 00:00:00,27/08/2026 05:56:28,28/08/2026 11:19:12,,,
296640227,LT0Q8R4WM12B1,202608271146_HY_COT22:00_21-HNI Chuong My Hub_PU TC301,,100,27/08/2026 00:00:00,27/08/2026 05:56:28,28/08/2026 11:19:12,,,
296640220,LT0Q8R4WM1241,202608271145_HY_COT22:00_21-HNI Chuong My 4 Hub_PU TC301,,100,27/08/2026 00:00:00,27/08/2026 05:56:27,28/08/2026 11:19:12,,,
296640213,LT0Q8R4WM11X1,202608271144_HY_COT22:00_21-HNI Chuong My 3 Hub_PU TC301,,100,27/08/2026 00:00:00,27/08/2026 05:56:27,28/08/2026 11:19:12,,,
296640206,LT0Q8R4WM11Q1,202608271143_HY_COT22:00_21-HNI Chuong My 2 Hub_PU TC301,,100,27/08/2026 00:00:00,27/08/2026 05:56:27,28/08/2026 11:19:11,,,
296640199,LT0Q8R4WM11J1,202608271142_HY_COT22:00_21-HNI Ba Vi Hub_PU TC301,,100,27/08/2026 00:00:00,27/08/2026 05:56:27,28/08/2026 11:19:11,,,
296640192,LT0Q8R4WM11C1,202608271141_HY_COT22:00_21-HNI Ba Vi 4 Hub_PU TC301,,100,27/08/2026 00:00:00,27/08/2026 05:56:27,28/08/2026 11:19:11,,,
296640185,LT0Q8R4WM1151,202608271140_HY_COT22:00_21-HNI Ba Vi 3 Hub_PU TC301,,100,27/08/2026 00:00:00,27/08/2026 05:56:27,28/08/2026 11:19:11,,,
296640178,LT0Q8R4WM10Y1,202608271139_HY_COT22:00_21-HNI Ba Vi 2 Hub_PU TC301,,100,27/08/2026 00:00:00,27/08/2026 05:56:26,28/08/2026 11:19:11,,,
296640171,LT0Q8R4WM10R1,202608271138_HY_COT22:00_20-HNI Thanh Xuan Hub_PU TC301,,100,27/08/2026 00:00:00,27/08/2026 05:56:26,28/08/2026 11:19:11,,,
296640164,LT0Q8R4WM10K1,202608271137_HY_COT22:00_20-HNI Thanh Xuan 7 Hub_PU TC301,,100,27/08/2026 00:00:00,27/08/2026 05:56:26,28/08/2026 11:19:11,,,
296640157,LT0Q8R4WM10D1,202608271136_HY_COT22:00_20-HNI Thanh Xuan 6 Hub_PU TC301,,100,27/08/2026 00:00:00,27/08/2026 05:56:26,28/08/2026 11:19:11,,,
296640150,LT0Q8R4WM1061,202608271135_HY_COT22:00_20-HNI Thanh Xuan 5 Hub_PU TC301,,100,27/08/2026 00:00:00,27/08/2026 05:56:26,28/08/2026 11:19:10,,,
296640143,LT0Q8R4WM0ZZ1,202608271134_HY_COT22:00_20-HNI Thanh Xuan 4 Hub_PU TC301,,100,27/08/2026 00:00:00,27/08/2026 05:56:25,28/08/2026 11:19:10,,,
296640136,LT0Q8R4WM0ZS1,202608271133_HY_COT22:00_20-HNI Thanh Xuan 3 Hub_PU TC301,,100,27/08/2026 00:00:00,27/08/2026 05:56:25,28/08/2026 11:19:10,,,
296640129,LT0Q8R4WM0ZL1,202608271132_HY_COT22:00_20-HNI Tu Liem Hub_PU TC301,,100,27/08/2026 00:00:00,27/08/2026 05:56:25,28/08/2026 11:19:10,,,
296640122,LT0Q8R4WM0ZE1,202608271131_HY_COT22:00_20-HNI Tu Liem 7 Hub_PU TC301,,100,27/08/2026 00:00:00,27/08/2026 05:56:25,28/08/2026 11:19:10,,,
296640115,LT0Q8R4WM0Z71,202608271130_HY_COT22:00_20-HNI Tu Liem 6 Hub_PU TC301,,100,27/08/2026 00:00:00,27/08/2026 05:56:24,28/08/2026 11:19:10,,,
296640108,LT0Q8R4WM0Z01,202608271129_HY_COT22:00_20-HNI Tu Liem 5 Hub_PU TC301,,100,27/08/2026 00:00:00,27/08/2026 05:56:24,28/08/2026 11:19:10,,,
296640101,LT0Q8R4WM0YT1,202608271128_HY_COT22:00_20-HNI Tu Liem 4 Hub_PU TC301,,100,27/08/2026 00:00:00,27/08/2026 05:56:24,28/08/2026 11:19:09,,,
296640094,LT0Q8R4WM0YM1,202608271127_HY_COT22:00_20-HNI Tu Liem 3 Hub_PU TC301,,100,27/08/2026 00:00:00,27/08/2026 05:56:24,28/08/2026 11:19:09,,,
296640087,LT0Q8R4WM0YF1,202608271126_HY_COT22:00_20-HNI Tu Liem 2 Hub_PU TC301,,100,27/08/2026 00:00:00,27/08/2026 05:56:23,28/08/2026 11:19:09,,,
296640080,LT0Q8R4WM0Y81,202608271125_HY_COT22:00_20-HNI Tay Ho Hub_PU TC301,,100,27/08/2026 00:00:00,27/08/2026 05:56:23,28/08/2026 11:19:09,,,
296640073,LT0Q8R4WM0Y11,202608271124_HY_COT22:00_20-HNI Tay Ho 6 Hub_PU TC301,,100,27/08/2026 00:00:00,27/08/2026 05:56:23,28/08/2026 11:19:09,,,
296640066,LT0Q8R4WM0XU1,202608271123_HY_COT22:00_20-HNI Tay Ho 5 Hub_PU TC301,,100,27/08/2026 00:00:00,27/08/2026 05:56:23,28/08/2026 11:19:09,,,
296640059,LT0Q8R4WM0XN1,202608271122_HY_COT22:00_20-HNI Tay Ho 4 Hub_PU TC301,,100,27/08/2026 00:00:00,27/08/2026 05:56:23,28/08/2026 11:19:09,,,
296640052,LT0Q8R4WM0XG1,202608271121_HY_COT22:00_20-HNI Tay Ho 3 Hub_PU TC301,,100,27/08/2026 00:00:00,27/08/2026 05:56:22,28/08/2026 11:19:09,,,
296640045,LT0Q8R4WM0X91,202608271120_HY_COT22:00_20-HNI Tay Ho 2 Hub_PU TC301,,100,27/08/2026 00:00:00,27/08/2026 05:56:22,28/08/2026 11:19:08,,,
296640038,LT0Q8R4WM0X21,202608271119_HY_COT22:00_20-HNI Ha Dong 9 Hub_PU TC301,,100,27/08/2026 00:00:00,27/08/2026 05:56:22,28/08/2026 11:19:08,,,
296640031,LT0Q8R4WM0WV1,202608271118_HY_COT22:00_20-HNI Ha Dong 8 Hub_PU TC301,,100,27/08/2026 00:00:00,27/08/2026 05:56:22,28/08/2026 11:19:08,,,
296640024,LT0Q8R4WM0WO1,202608271117_HY_COT22:00_20-HNI Ha Dong 7 Hub_PU TC301,,100,27/08/2026 00:00:00,27/08/2026 05:56:21,28/08/2026 11:19:08,,,
296640017,LT0Q8R4WM0WH1,202608271116_HY_COT22:00_20-HNI Ha Dong 6 Hub_PU TC301,,100,27/08/2026 00:00:00,27/08/2026 05:56:21,28/08/2026 11:19:08,,,
296640010,LT0Q8R4WM0WA1,202608271115_HY_COT22:00_20-HNI Ha Dong 5 Hub_PU TC301,,100,27/08/2026 00:00:00,27/08/2026 05:56:21,28/08/2026 11:19:08,,,
296640003,LT0Q8R4WM0W31,202608271114_HY_COT22:00_20-HNI Ha Dong 4 Hub_PU TC301,,100,27/08/2026 00:00:00,27/08/2026 05:56:21,28/08/2026 11:19:08,,,
296639996,LT0Q8R4WM0VW1,202608271113_HY_COT22:00_20-HNI Ha Dong 3 Hub_PU TC301,,100,27/08/2026 00:00:00,27/08/2026 05:56:20,28/08/2026 11:19:08,,,
296639989,LT0Q8R4WM0VP1,202608271112_HY_COT22:00_20-HNI Ha Dong 2 Hub_PU TC301,,100,27/08/2026 00:00:00,27/08/2026 05:56:20,28/08/2026 11:19:07,,,
296639982,LT0Q8R4WM0VI1,202608271111_HY_COT22:00_20-HNI Ha Dong 14 Hub_PU TC301,,100,27/08/2026 00:00:00,27/08/2026 05:56:20,28/08/2026 11:19:07,,,
296639975,LT0Q8R4WM0VB1,202608271110_HY_COT22:00_20-HNI Ha Dong 13 Hub_PU TC301,,100,27/08/2026 00:00:00,27/08/2026 05:56:20,28/08/2026 11:19:07,,,
296639968,LT0Q8R4WM0V41,202608271109_HY_COT22:00_20-HNI Ha Dong 12 Hub_PU TC301,,100,27/08/2026 00:00:00,27/08/2026 05:56:19,28/08/2026 11:19:07,,,
296639961,LT0Q8R4WM0UX1,202608271108_HY_COT22:00_20-HNI Ha Dong 11 Hub_PU TC301,,100,27/08/2026 00:00:00,27/08/2026 05:56:19,28/08/2026 11:19:06,,,
296639954,LT0Q8R4WM0UQ1,202608271107_HY_COT22:00_20-HNI Ha Dong 10 Hub_PU TC301,,100,27/08/2026 00:00:00,27/08/2026 05:56:19,28/08/2026 11:19:05,,,
296639947,LT0Q8R4WM0UJ1,202608271106_HY_COT22:00_20-HNI Cau Giay Hub_PU TC301,,100,27/08/2026 00:00:00,27/08/2026 05:56:19,28/08/2026 11:19:05,,,
296639940,LT0Q8R4WM0UC1,202608271105_HY_COT22:00_20-HNI Cau Giay 8 Hub_PU TC301,,100,27/08/2026 00:00:00,27/08/2026 05:56:18,28/08/2026 11:19:05,,,
296639933,LT0Q8R4WM0U51,202608271104_HY_COT22:00_20-HNI Cau Giay 7 Hub_PU TC301,,100,27/08/2026 00:00:00,27/08/2026 05:56:18,28/08/2026 11:19:05,,,
296639926,LT0Q8R4WM0TY1,202608271103_HY_COT22:00_20-HNI Cau Giay 6 Hub_PU TC301,,100,27/08/2026 00:00:00,27/08/2026 05:56:18,28/08/2026 11:19:05,,,
296639919,LT0Q8R4WM0TR1,202608271102_HY_COT22:00_20-HNI Cau Giay 5 Hub_PU TC301,,100,27/08/2026 00:00:00,27/08/2026 05:56:18,28/08/2026 11:19:05,,,
296639912,LT0Q8R4WM0TK1,202608271101_HY_COT22:00_20-HNI Cau Giay 4 Hub_PU TC301,,100,27/08/2026 00:00:00,27/08/2026 05:56:17,28/08/2026 11:19:05,,,
296639905,LT0Q8R4WM0TD1,202608271100_HY_COT22:00_20-HNI Cau Giay 3 Hub_PU TC301,,100,27/08/2026 00:00:00,27/08/2026 05:56:17,28/08/2026 11:19:04,,,
296639898,LT0Q8R4WM0T61,202608271099_HY_COT22:00_20-HNI Cau Giay 2 Hub_PU TC301,,100,27/08/2026 00:00:00,27/08/2026 05:56:17,28/08/2026 11:19:04,,,
296639891,LT0Q8R4WM0SZ1,202608271098_HY_COT22:00_20-HNI Bac Tu Liem Hub_PU TC301,,100,27/08/2026 00:00:00,27/08/2026 05:56:17,28/08/2026 11:19:04,,,
296639884,LT0Q8R4WM0SS1,202608271097_HY_COT22:00_20-HNI Bac Tu Liem 9 Hub_PU TC301,,100,27/08/2026 00:00:00,27/08/2026 05:56:16,28/08/2026 11:19:04,,,
296639877,LT0Q8R4WM0SL1,202608271096_HY_COT22:00_20-HNI Bac Tu Liem 8 Hub_PU TC301,,100,27/08/2026 00:00:00,27/08/2026 05:56:16,28/08/2026 11:19:04,,,
296639870,LT0Q8R4WM0SE1,202608271095_HY_COT22:00_20-HNI Bac Tu Liem 7 Hub_PU TC301,,100,27/08/2026 00:00:00,27/08/2026 05:56:16,28/08/2026 11:19:04,,,
296639863,LT0Q8R4WM0S71,202608271094_HY_COT22:00_20-HNI Bac Tu Liem 6 Hub_PU TC301,,100,27/08/2026 00:00:00,27/08/2026 05:56:16,28/08/2026 11:19:04,,,
296639856,LT0Q8R4WM0S01,202608271093_HY_COT22:00_20-HNI Bac Tu Liem 5 Hub_PU TC301,,100,27/08/2026 00:00:00,27/08/2026 05:56:16,28/08/2026 11:19:04,,,
296639849,LT0Q8R4WM0RT1,202608271092_HY_COT22:00_20-HNI Bac Tu Liem 4 Hub_PU TC301,,100,27/08/2026 00:00:00,27/08/2026 05:56:15,28/08/2026 11:19:03,,,
296639842,LT0Q8R4WM0RM1,202608271091_HY_COT22:00_20-HNI Bac Tu Liem 3 Hub_PU TC301,,100,27/08/2026 00:00:00,27/08/2026 05:56:15,28/08/2026 11:19:03,,,
296639835,LT0Q8R4WM0RF1,202608271090_HY_COT22:00_20-HNI Bac Tu Liem 2 Hub_PU TC301,,100,27/08/2026 00:00:00,27/08/2026 05:56:15,28/08/2026 11:19:03,,,
296635670,LT0Q8R4WLXJQ1,20260827495_HY_COT13:30_HNSPC-Trung tam dien tu tin hoc QH_PU TC301,,100,27/08/2026 00:00:00,27/08/2026 05:54:15,28/08/2026 02:23:18,,,
296635663,LT0Q8R4WLXJJ1,20260827494_HY_COT13:30_HNSPC-Thuc pham sach Ngoc Han_PU TC301,,100,27/08/2026 00:00:00,27/08/2026 05:54:14,28/08/2026 02:23:18,,,
296635656,LT0Q8R4WLXJC1,20260827493_HY_COT13:30_HNSPC-Thuc Pham Sach KALE FARM_PU TC301,,100,27/08/2026 00:00:00,27/08/2026 05:54:14,28/08/2026 02:23:18,,,
296635649,LT0Q8R4WLXJ51,20260827492_HY_COT13:30_HNSPC-Store 2T_PU TC301,,100,27/08/2026 00:00:00,27/08/2026 05:54:14,28/08/2026 02:23:18,,,
296635642,LT0Q8R4WLXIY1,20260827491_HY_COT13:30_HNSPC-Phu kien dien thoai Manh Anh_PU TC301,,100,27/08/2026 00:00:00,27/08/2026 05:54:14,28/08/2026 02:23:18,,,
296635635,LT0Q8R4WLXIR1,20260827490_HY_COT13:30_HNSPC-Phong ve Bac Viet_PU TC301,,100,27/08/2026 00:00:00,27/08/2026 05:54:14,28/08/2026 02:23:17,,,
296635628,LT0Q8R4WLXIK1,20260827489_HY_COT13:30_HNSPC-Mon Pet Shop_PU TC301,,100,27/08/2026 00:00:00,27/08/2026 05:54:14,28/08/2026 02:23:17,,,
296635621,LT0Q8R4WLXID1,20260827488_HY_COT13:30_HNSPC-Mini Mart_PU TC301,,100,27/08/2026 00:00:00,27/08/2026 05:54:13,28/08/2026 02:23:17,,,
296635614,LT0Q8R4WLXI61,20260827487_HY_COT13:30_HNSPC-Kiwi Store_PU TC301,,100,27/08/2026 00:00:00,27/08/2026 05:54:13,28/08/2026 02:23:17,,,
296635607,LT0Q8R4WLXHZ1,20260827486_HY_COT13:30_HNSPC-HOAI THUONG SHOP_PU TC301,,100,27/08/2026 00:00:00,27/08/2026 05:54:13,28/08/2026 02:23:17,,,
296635600,LT0Q8R4WLXHS1,20260827485_HY_COT13:30_HNSPC-Cua hang tien loi HT Mart_PU TC301,,100,27/08/2026 00:00:00,27/08/2026 05:54:13,28/08/2026 02:23:17,,,
296635593,LT0Q8R4WLXHL1,20260827484_HY_COT13:30_HNSPC-Cafe So_PU TC301,,100,27/08/2026 00:00:00,27/08/2026 05:54:13,28/08/2026 02:23:17,,,
296635586,LT0Q8R4WLXHE1,20260827483_HY_COT13:30_HNSPC-BOO MART_PU TC301,,100,27/08/2026 00:00:00,27/08/2026 05:54:12,28/08/2026 02:23:17,,,
296635579,LT0Q8R4WLXH71,20260827482_HY_COT13:30_HNSPC-Anh Quan Mobile_PU TC301,,100,27/08/2026 00:00:00,27/08/2026 05:54:12,28/08/2026 02:23:16,,,
296635572,LT0Q8R4WLXH01,20260827481_HY_COT13:30_HNSPC - Sieu thi Euro Mart_PU TC301,,100,27/08/2026 00:00:00,27/08/2026 05:54:12,28/08/2026 02:23:16,,,
296635565,LT0Q8R4WLXGT1,20260827480_HY_COT13:30_AG-21-HNI Phuc Tho Hub_PU TC301,,100,27/08/2026 00:00:00,27/08/2026 05:54:12,28/08/2026 02:23:16,,,
296635558,LT0Q8R4WLXGM1,20260827479_HY_COT13:30_21-HNI Thach That Hub_PU TC301,,100,27/08/2026 00:00:00,27/08/2026 05:54:12,28/08/2026 02:23:16,,,
296635551,LT0Q8R4WLXGF1,20260827478_HY_COT13:30_21-HNI Thach That 5 Hub_PU TC301,,100,27/08/2026 00:00:00,27/08/2026 05:54:12,28/08/2026 02:23:16,,,
296635544,LT0Q8R4WLXG81,20260827477_HY_COT13:30_21-HNI Thach That 4 Hub_PU TC301,,100,27/08/2026 00:00:00,27/08/2026 05:54:11,28/08/2026 02:23:16,,,
296635537,LT0Q8R4WLXG11,20260827476_HY_COT13:30_21-HNI Thach That 3 Hub_PU TC301,,100,27/08/2026 00:00:00,27/08/2026 05:54:11,28/08/2026 02:23:16,,,
296635530,LT0Q8R4WLXFU1,20260827475_HY_COT13:30_21-HNI Thach That 2 Hub_PU TC301,,100,27/08/2026 00:00:00,27/08/2026 05:54:11,28/08/2026 02:23:16,,,
296635523,LT0Q8R4WLXFN1,20260827474_HY_COT13:30_21-HNI Son Tay Hub_PU TC301,,100,27/08/2026 00:00:00,27/08/2026 05:54:11,28/08/2026 02:23:15,,,
296635516,LT0Q8R4WLXFG1,20260827473_HY_COT13:30_21-HNI Son Tay 3 Hub_PU TC301,,100,27/08/2026 00:00:00,27/08/2026 05:54:11,28/08/2026 02:23:15,,,
296635509,LT0Q8R4WLXF91,20260827472_HY_COT13:30_21-HNI Son Tay 2 Hub_PU TC301,,100,27/08/2026 00:00:00,27/08/2026 05:54:11,28/08/2026 02:23:15,,,
296635502,LT0Q8R4WLXF21,20260827471_HY_COT13:30_21-HNI Quoc Oai Hub_PU TC301,,100,27/08/2026 00:00:00,27/08/2026 05:54:10,28/08/2026 02:23:15,,,
296635495,LT0Q8R4WLXEV1,20260827470_HY_COT13:30_21-HNI Quoc Oai 4 Hub_PU TC301,,100,27/08/2026 00:00:00,27/08/2026 05:54:10,28/08/2026 02:23:15,,,
296635488,LT0Q8R4WLXEO1,20260827469_HY_COT13:30_21-HNI Quoc Oai 3 Hub_PU TC301,,100,27/08/2026 00:00:00,27/08/2026 05:54:10,28/08/2026 02:23:15,,,
296635481,LT0Q8R4WLXEH1,20260827468_HY_COT13:30_21-HNI Quoc Oai 2 Hub_PU TC301,,100,27/08/2026 00:00:00,27/08/2026 05:54:10,28/08/2026 02:23:15,,,
296635474,LT0Q8R4WLXEA1,20260827467_HY_COT13:30_21-HNI Phuc Tho Hub_PU TC301,,100,27/08/2026 00:00:00,27/08/2026 05:54:10,28/08/2026 02:23:15,,,
296635467,LT0Q8R4WLXE31,20260827466_HY_COT13:30_21-HNI Phuc Tho 3 Hub_PU TC301,,100,27/08/2026 00:00:00,27/08/2026 05:54:09,28/08/2026 02:23:15,,,
296635460,LT0Q8R4WLXDW1,20260827465_HY_COT13:30_21-HNI Phuc Tho 2 Hub_PU TC301,,100,27/08/2026 00:00:00,27/08/2026 05:54:09,28/08/2026 02:23:14,,,
296635453,LT0Q8R4WLXDP1,20260827464_HY_COT13:30_21-HNI Hoai Duc Hub_PU TC301,,100,27/08/2026 00:00:00,27/08/2026 05:54:09,28/08/2026 02:23:14,,,
296635446,LT0Q8R4WLXDI1,20260827463_HY_COT13:30_21-HNI Hoai Duc 8 Hub_PU TC301,,100,27/08/2026 00:00:00,27/08/2026 05:54:09,28/08/2026 02:23:14,,,
296635439,LT0Q8R4WLXDB1,20260827462_HY_COT13:30_21-HNI Hoai Duc 7 Hub_PU TC301,,100,27/08/2026 00:00:00,27/08/2026 05:54:09,28/08/2026 02:23:14,,,
296635432,LT0Q8R4WLXD41,20260827461_HY_COT13:30_21-HNI Hoai Duc 6 Hub_PU TC301,,100,27/08/2026 00:00:00,27/08/2026 05:54:09,28/08/2026 02:23:14,,,
296635425,LT0Q8R4WLXCX1,20260827460_HY_COT13:30_21-HNI Hoai Duc 5 Hub_PU TC301,,100,27/08/2026 00:00:00,27/08/2026 05:54:08,28/08/2026 02:23:14,,,
296635418,LT0Q8R4WLXCQ1,20260827459_HY_COT13:30_21-HNI Hoai Duc 4 Hub_PU TC301,,100,27/08/2026 00:00:00,27/08/2026 05:54:08,28/08/2026 02:23:14,,,
296635411,LT0Q8R4WLXCJ1,20260827458_HY_COT13:30_21-HNI Hoai Duc 3 Hub_PU TC301,,100,27/08/2026 00:00:00,27/08/2026 05:54:08,28/08/2026 02:23:14,,,
296635404,LT0Q8R4WLXCC1,20260827457_HY_COT13:30_21-HNI Hoai Duc 2 Hub_PU TC301,,100,27/08/2026 00:00:00,27/08/2026 05:54:08,28/08/2026 02:23:13,,,
296635397,LT0Q8R4WLXC51,20260827456_HY_COT13:30_21-HNI Dan Phuong Hub_PU TC301,,100,27/08/2026 00:00:00,27/08/2026 05:54:08,28/08/2026 02:23:13,,,
296635390,LT0Q8R4WLXBY1,20260827455_HY_COT13:30_21-HNI Dan Phuong 3 Hub_PU TC301,,100,27/08/2026 00:00:00,27/08/2026 05:54:08,28/08/2026 02:23:13,,,
296635383,LT0Q8R4WLXBR1,20260827454_HY_COT13:30_21-HNI Dan Phuong 2 Hub_PU TC301,,100,27/08/2026 00:00:00,27/08/2026 05:54:07,28/08/2026 02:23:13,,,
296635376,LT0Q8R4WLXBK1,20260827453_HY_COT13:30_21-HNI Chuong My Hub_PU TC301,,100,27/08/2026 00:00:00,27/08/2026 05:54:07,28/08/2026 02:23:13,,,
296635369,LT0Q8R4WLXBD1,20260827452_HY_COT13:30_21-HNI Chuong My 4 Hub_PU TC301,,100,27/08/2026 00:00:00,27/08/2026 05:54:07,28/08/2026 02:23:13,,,
296635362,LT0Q8R4WLXB61,20260827451_HY_COT13:30_21-HNI Chuong My 3 Hub_PU TC301,,100,27/08/2026 00:00:00,27/08/2026 05:54:07,28/08/2026 02:23:13,,,
296635355,LT0Q8R4WLXAZ1,20260827450_HY_COT13:30_21-HNI Chuong My 2 Hub_PU TC301,,100,27/08/2026 00:00:00,27/08/2026 05:54:07,28/08/2026 02:23:13,,,
296635348,LT0Q8R4WLXAS1,20260827449_HY_COT13:30_21-HNI Ba Vi Hub_PU TC301,,100,27/08/2026 00:00:00,27/08/2026 05:54:07,28/08/2026 02:23:12,,,
296635341,LT0Q8R4WLXAL1,20260827448_HY_COT13:30_21-HNI Ba Vi 4 Hub_PU TC301,,100,27/08/2026 00:00:00,27/08/2026 05:54:06,28/08/2026 02:23:12,,,
296635334,LT0Q8R4WLXAE1,20260827447_HY_COT13:30_21-HNI Ba Vi 3 Hub_PU TC301,,100,27/08/2026 00:00:00,27/08/2026 05:54:06,28/08/2026 02:23:12,,,
296635327,LT0Q8R4WLXA71,20260827446_HY_COT13:30_21-HNI Ba Vi 2 Hub_PU TC301,,100,27/08/2026 00:00:00,27/08/2026 05:54:06,28/08/2026 02:23:12,,,
296635320,LT0Q8R4WLXA01,20260827445_HY_COT13:30_20-HNI Thanh Xuan Hub_PU TC301,,100,27/08/2026 00:00:00,27/08/2026 05:54:06,28/08/2026 02:23:12,,,
296635313,LT0Q8R4WLX9T1,20260827444_HY_COT13:30_20-HNI Thanh Xuan 7 Hub_PU TC301,,100,27/08/2026 00:00:00,27/08/2026 05:54:06,28/08/2026 02:23:12,,,
296635306,LT0Q8R4WLX9M1,20260827443_HY_COT13:30_20-HNI Thanh Xuan 6 Hub_PU TC301,,100,27/08/2026 00:00:00,27/08/2026 05:54:05,28/08/2026 02:23:12,,,
296635299,LT0Q8R4WLX9F1,20260827442_HY_COT13:30_20-HNI Thanh Xuan 5 Hub_PU TC301,,100,27/08/2026 00:00:00,27/08/2026 05:54:05,28/08/2026 02:23:12,,,
296635292,LT0Q8R4WLX981,20260827441_HY_COT13:30_20-HNI Thanh Xuan 4 Hub_PU TC301,,100,27/08/2026 00:00:00,27/08/2026 05:54:05,28/08/2026 02:23:11,,,
296635285,LT0Q8R4WLX911,20260827440_HY_COT13:30_20-HNI Thanh Xuan 3 Hub_PU TC301,,100,27/08/2026 00:00:00,27/08/2026 05:54:05,28/08/2026 02:23:11,,,
296635278,LT0Q8R4WLX8U1,20260827439_HY_COT13:30_20-HNI Tu Liem Hub_PU TC301,,100,27/08/2026 00:00:00,27/08/2026 05:54:05,28/08/2026 02:23:11,,,
296635271,LT0Q8R4WLX8N1,20260827438_HY_COT13:30_20-HNI Tu Liem 7 Hub_PU TC301,,100,27/08/2026 00:00:00,27/08/2026 05:54:05,28/08/2026 02:23:11,,,
296635264,LT0Q8R4WLX8G1,20260827437_HY_COT13:30_20-HNI Tu Liem 6 Hub_PU TC301,,100,27/08/2026 00:00:00,27/08/2026 05:54:04,28/08/2026 02:23:11,,,
296635257,LT0Q8R4WLX891,20260827436_HY_COT13:30_20-HNI Tu Liem 5 Hub_PU TC301,,100,27/08/2026 00:00:00,27/08/2026 05:54:04,28/08/2026 02:23:11,,,
296635250,LT0Q8R4WLX821,20260827435_HY_COT13:30_20-HNI Tu Liem 4 Hub_PU TC301,,100,27/08/2026 00:00:00,27/08/2026 05:54:04,28/08/2026 02:23:11,,,
296635243,LT0Q8R4WLX7V1,20260827434_HY_COT13:30_20-HNI Tu Liem 3 Hub_PU TC301,,100,27/08/2026 00:00:00,27/08/2026 05:54:04,28/08/2026 02:23:11,,,
296635236,LT0Q8R4WLX7O1,20260827433_HY_COT13:30_20-HNI Tu Liem 2 Hub_PU TC301,,100,27/08/2026 00:00:00,27/08/2026 05:54:04,28/08/2026 02:23:10,,,
296635229,LT0Q8R4WLX7H1,20260827432_HY_COT13:30_20-HNI Tay Ho Hub_PU TC301,,100,27/08/2026 00:00:00,27/08/2026 05:54:04,28/08/2026 02:23:10,,,
296635222,LT0Q8R4WLX7A1,20260827431_HY_COT13:30_20-HNI Tay Ho 6 Hub_PU TC301,,100,27/08/2026 00:00:00,27/08/2026 05:54:03,28/08/2026 02:23:10,,,
296635215,LT0Q8R4WLX731,20260827430_HY_COT13:30_20-HNI Tay Ho 5 Hub_PU TC301,,100,27/08/2026 00:00:00,27/08/2026 05:54:03,28/08/2026 02:23:10,,,
296635208,LT0Q8R4WLX6W1,20260827429_HY_COT13:30_20-HNI Tay Ho 4 Hub_PU TC301,,100,27/08/2026 00:00:00,27/08/2026 05:54:03,28/08/2026 02:23:10,,,
296635201,LT0Q8R4WLX6P1,20260827428_HY_COT13:30_20-HNI Tay Ho 3 Hub_PU TC301,,100,27/08/2026 00:00:00,27/08/2026 05:54:03,28/08/2026 02:23:10,,,
296635194,LT0Q8R4WLX6I1,20260827427_HY_COT13:30_20-HNI Tay Ho 2 Hub_PU TC301,,100,27/08/2026 00:00:00,27/08/2026 05:54:03,28/08/2026 02:23:10,,,
296635187,LT0Q8R4WLX6B1,20260827426_HY_COT13:30_20-HNI Ha Dong 9 Hub_PU TC301,,100,27/08/2026 00:00:00,27/08/2026 05:54:03,28/08/2026 02:23:10,,,
296635180,LT0Q8R4WLX641,20260827425_HY_COT13:30_20-HNI Ha Dong 8 Hub_PU TC301,,100,27/08/2026 00:00:00,27/08/2026 05:54:02,28/08/2026 02:23:09,,,
296635173,LT0Q8R4WLX5X1,20260827424_HY_COT13:30_20-HNI Ha Dong 7 Hub_PU TC301,,100,27/08/2026 00:00:00,27/08/2026 05:54:02,28/08/2026 02:23:09,,,
296635166,LT0Q8R4WLX5Q1,20260827423_HY_COT13:30_20-HNI Ha Dong 6 Hub_PU TC301,,100,27/08/2026 00:00:00,27/08/2026 05:54:02,28/08/2026 02:23:09,,,
296635159,LT0Q8R4WLX5J1,20260827422_HY_COT13:30_20-HNI Ha Dong 5 Hub_PU TC301,,100,27/08/2026 00:00:00,27/08/2026 05:54:02,28/08/2026 02:23:09,,,
296635152,LT0Q8R4WLX5C1,20260827421_HY_COT13:30_20-HNI Ha Dong 4 Hub_PU TC301,,100,27/08/2026 00:00:00,27/08/2026 05:54:02,28/08/2026 02:23:09,,,
296635145,LT0Q8R4WLX551,20260827420_HY_COT13:30_20-HNI Ha Dong 3 Hub_PU TC301,,100,27/08/2026 00:00:00,27/08/2026 05:54:02,28/08/2026 02:23:09,,,
296635138,LT0Q8R4WLX4Y1,20260827419_HY_COT13:30_20-HNI Ha Dong 2 Hub_PU TC301,,100,27/08/2026 00:00:00,27/08/2026 05:54:01,28/08/2026 02:23:09,,,
296635131,LT0Q8R4WLX4R1,20260827418_HY_COT13:30_20-HNI Ha Dong 14 Hub_PU TC301,,100,27/08/2026 00:00:00,27/08/2026 05:54:01,28/08/2026 02:23:09,,,
296635124,LT0Q8R4WLX4K1,20260827417_HY_COT13:30_20-HNI Ha Dong 13 Hub_PU TC301,,100,27/08/2026 00:00:00,27/08/2026 05:54:01,28/08/2026 02:23:08,,,
296635117,LT0Q8R4WLX4D1,20260827416_HY_COT13:30_20-HNI Ha Dong 12 Hub_PU TC301,,100,27/08/2026 00:00:00,27/08/2026 05:54:01,28/08/2026 02:23:08,,,
296635110,LT0Q8R4WLX461,20260827415_HY_COT13:30_20-HNI Ha Dong 11 Hub_PU TC301,,100,27/08/2026 00:00:00,27/08/2026 05:54:01,28/08/2026 02:23:08,,,
296635103,LT0Q8R4WLX3Z1,20260827414_HY_COT13:30_20-HNI Ha Dong 10 Hub_PU TC301,,100,27/08/2026 00:00:00,27/08/2026 05:54:00,28/08/2026 02:23:08,,,
296635096,LT0Q8R4WLX3S1,20260827413_HY_COT13:30_20-HNI Cau Giay Hub_PU TC301,,100,27/08/2026 00:00:00,27/08/2026 05:54:00,28/08/2026 02:23:08,,,
296635089,LT0Q8R4WLX3L1,20260827412_HY_COT13:30_20-HNI Cau Giay 8 Hub_PU TC301,,100,27/08/2026 00:00:00,27/08/2026 05:54:00,28/08/2026 02:23:08,,,
296635082,LT0Q8R4WLX3E1,20260827411_HY_COT13:30_20-HNI Cau Giay 7 Hub_PU TC301,,100,27/08/2026 00:00:00,27/08/2026 05:54:00,28/08/2026 02:23:08,,,
296635075,LT0Q8R4WLX371,20260827410_HY_COT13:30_20-HNI Cau Giay 6 Hub_PU TC301,,100,27/08/2026 00:00:00,27/08/2026 05:54:00,28/08/2026 02:23:08,,,
296635068,LT0Q8R4WLX301,20260827409_HY_COT13:30_20-HNI Cau Giay 5 Hub_PU TC301,,100,27/08/2026 00:00:00,27/08/2026 05:54:00,28/08/2026 02:23:07,,,
296635061,LT0Q8R4WLX2T1,20260827408_HY_COT13:30_20-HNI Cau Giay 4 Hub_PU TC301,,100,27/08/2026 00:00:00,27/08/2026 05:53:59,28/08/2026 02:23:07,,,
296635054,LT0Q8R4WLX2M1,20260827407_HY_COT13:30_20-HNI Cau Giay 3 Hub_PU TC301,,100,27/08/2026 00:00:00,27/08/2026 05:53:59,28/08/2026 02:23:07,,,
296635047,LT0Q8R4WLX2F1,20260827406_HY_COT13:30_20-HNI Cau Giay 2 Hub_PU TC301,,100,27/08/2026 00:00:00,27/08/2026 05:53:59,28/08/2026 02:23:07,,,
296635040,LT0Q8R4WLX281,20260827405_HY_COT13:30_20-HNI Bac Tu Liem Hub_PU TC301,,100,27/08/2026 00:00:00,27/08/2026 05:53:59,28/08/2026 02:23:07,,,
296635033,LT0Q8R4WLX211,20260827404_HY_COT13:30_20-HNI Bac Tu Liem 9 Hub_PU TC301,,100,27/08/2026 00:00:00,27/08/2026 05:53:59,28/08/2026 02:23:07,,,
296635026,LT0Q8R4WLX1U1,20260827403_HY_COT13:30_20-HNI Bac Tu Liem 8 Hub_PU TC301,,100,27/08/2026 00:00:00,27/08/2026 05:53:58,28/08/2026 02:23:07,,,
296635019,LT0Q8R4WLX1N1,20260827402_HY_COT13:30_20-HNI Bac Tu Liem 7 Hub_PU TC301,,100,27/08/2026 00:00:00,27/08/2026 05:53:58,28/08/2026 02:23:07,,,
296635012,LT0Q8R4WLX1G1,20260827401_HY_COT13:30_20-HNI Bac Tu Liem 6 Hub_PU TC301,,100,27/08/2026 00:00:00,27/08/2026 05:53:58,28/08/2026 02:23:06,,,
296635005,LT0Q8R4WLX191,20260827400_HY_COT13:30_20-HNI Bac Tu Liem 5 Hub_PU TC301,,100,27/08/2026 00:00:00,27/08/2026 05:53:58,28/08/2026 02:23:06,,,
296634998,LT0Q8R4WLX121,20260827399_HY_COT13:30_20-HNI Bac Tu Liem 4 Hub_PU TC301,,100,27/08/2026 00:00:00,27/08/2026 05:53:58,28/08/2026 02:23:06,,,
296634991,LT0Q8R4WLX0V1,20260827398_HY_COT13:30_20-HNI Bac Tu Liem 3 Hub_PU TC301,,100,27/08/2026 00:00:00,27/08/2026 05:53:58,28/08/2026 02:23:06,,,
296634984,LT0Q8R4WLX0O1,20260827397_HY_COT13:30_20-HNI Bac Tu Liem 2 Hub_PU TC301,,100,27/08/2026 00:00:00,27/08/2026 05:53:57,28/08/2026 02:23:06,,,
296626710,LT0Q8R4WLQMU1,202608271188_HY_COT22:00_HNSPC-Trung tam dien tu tin hoc QH_PU TC201,,100,27/08/2026 00:00:00,27/08/2026 05:50:02,28/08/2026 11:17:46,,,
296626703,LT0Q8R4WLQMN1,202608271187_HY_COT22:00_HNSPC-Thuc pham sach Ngoc Han_PU TC201,,100,27/08/2026 00:00:00,27/08/2026 05:50:02,28/08/2026 11:17:46,,,
296626696,LT0Q8R4WLQMG1,202608271186_HY_COT22:00_HNSPC-Thuc Pham Sach KALE FARM_PU TC201,,100,27/08/2026 00:00:00,27/08/2026 05:50:02,28/08/2026 11:17:46,,,
296626689,LT0Q8R4WLQM91,202608271185_HY_COT22:00_HNSPC-Store 2T_PU TC201,,100,27/08/2026 00:00:00,27/08/2026 05:50:01,28/08/2026 11:17:46,,,
296626682,LT0Q8R4WLQM21,202608271184_HY_COT22:00_HNSPC-Phu kien dien thoai Manh Anh_PU TC201,,100,27/08/2026 00:00:00,27/08/2026 05:50:01,28/08/2026 11:17:46,,,
296626675,LT0Q8R4WLQLV1,202608271183_HY_COT22:00_HNSPC-Phong ve Bac Viet_PU TC201,,100,27/08/2026 00:00:00,27/08/2026 05:50:01,28/08/2026 11:17:45,,,
296626668,LT0Q8R4WLQLO1,202608271182_HY_COT22:00_HNSPC-Mon Pet Shop_PU TC201,,100,27/08/2026 00:00:00,27/08/2026 05:50:01,28/08/2026 11:17:45,,,
296626661,LT0Q8R4WLQLH1,202608271181_HY_COT22:00_HNSPC-Mini Mart_PU TC201,,100,27/08/2026 00:00:00,27/08/2026 05:50:01,28/08/2026 11:17:45,,,
296626654,LT0Q8R4WLQLA1,202608271180_HY_COT22:00_HNSPC-Kiwi Store_PU TC201,,100,27/08/2026 00:00:00,27/08/2026 05:50:00,28/08/2026 11:17:45,,,
296626647,LT0Q8R4WLQL31,202608271179_HY_COT22:00_HNSPC-HOAI THUONG SHOP_PU TC201,,100,27/08/2026 00:00:00,27/08/2026 05:50:00,28/08/2026 11:17:45,,,
296626640,LT0Q8R4WLQKW1,202608271178_HY_COT22:00_HNSPC-Cua hang tien loi HT Mart_PU TC201,,100,27/08/2026 00:00:00,27/08/2026 05:50:00,28/08/2026 11:17:45,,,
296626633,LT0Q8R4WLQKP1,202608271177_HY_COT22:00_HNSPC-Cafe So_PU TC201,,100,27/08/2026 00:00:00,27/08/2026 05:50:00,28/08/2026 11:17:45,,,
296626626,LT0Q8R4WLQKI1,202608271176_HY_COT22:00_HNSPC-BOO MART_PU TC201,,100,27/08/2026 00:00:00,27/08/2026 05:50:00,28/08/2026 11:17:45,,,
296626619,LT0Q8R4WLQKB1,202608271175_HY_COT22:00_HNSPC-Anh Quan Mobile_PU TC201,,100,27/08/2026 00:00:00,27/08/2026 05:49:59,28/08/2026 11:17:44,,,
296626612,LT0Q8R4WLQK41,202608271174_HY_COT22:00_HNSPC - Sieu thi Euro Mart_PU TC201,,100,27/08/2026 00:00:00,27/08/2026 05:49:59,28/08/2026 11:17:44,,,
296626605,LT0Q8R4WLQJX1,202608271173_HY_COT22:00_AG-21-HNI Phuc Tho Hub_PU TC201,,100,27/08/2026 00:00:00,27/08/2026 05:49:59,28/08/2026 11:17:44,,,
296626598,LT0Q8R4WLQJQ1,202608271172_HY_COT22:00_21-HNI Thach That Hub_PU TC201,,100,27/08/2026 00:00:00,27/08/2026 05:49:59,28/08/2026 11:17:44,,,
296626591,LT0Q8R4WLQJJ1,202608271171_HY_COT22:00_21-HNI Thach That 5 Hub_PU TC201,,100,27/08/2026 00:00:00,27/08/2026 05:49:59,28/08/2026 11:17:44,,,
296626584,LT0Q8R4WLQJC1,202608271170_HY_COT22:00_21-HNI Thach That 4 Hub_PU TC201,,100,27/08/2026 00:00:00,27/08/2026 05:49:59,28/08/2026 11:17:44,,,
296626577,LT0Q8R4WLQJ51,202608271169_HY_COT22:00_21-HNI Thach That 3 Hub_PU TC201,,100,27/08/2026 00:00:00,27/08/2026 05:49:58,28/08/2026 11:17:44,,,
296626570,LT0Q8R4WLQIY1,202608271168_HY_COT22:00_21-HNI Thach That 2 Hub_PU TC201,,100,27/08/2026 00:00:00,27/08/2026 05:49:58,28/08/2026 11:17:44,,,
296626563,LT0Q8R4WLQIR1,202608271167_HY_COT22:00_21-HNI Son Tay Hub_PU TC201,,100,27/08/2026 00:00:00,27/08/2026 05:49:58,28/08/2026 11:17:43,,,
296626556,LT0Q8R4WLQIK1,202608271166_HY_COT22:00_21-HNI Son Tay 3 Hub_PU TC201,,100,27/08/2026 00:00:00,27/08/2026 05:49:58,28/08/2026 11:17:43,,,
296626549,LT0Q8R4WLQID1,202608271165_HY_COT22:00_21-HNI Son Tay 2 Hub_PU TC201,,100,27/08/2026 00:00:00,27/08/2026 05:49:58,28/08/2026 11:17:43,,,
296626542,LT0Q8R4WLQI61,202608271164_HY_COT22:00_21-HNI Quoc Oai Hub_PU TC201,,100,27/08/2026 00:00:00,27/08/2026 05:49:57,28/08/2026 11:17:43,,,
296626535,LT0Q8R4WLQHZ1,202608271163_HY_COT22:00_21-HNI Quoc Oai 4 Hub_PU TC201,,100,27/08/2026 00:00:00,27/08/2026 05:49:57,28/08/2026 11:17:43,,,
296626528,LT0Q8R4WLQHS1,202608271162_HY_COT22:00_21-HNI Quoc Oai 3 Hub_PU TC201,,100,27/08/2026 00:00:00,27/08/2026 05:49:57,28/08/2026 11:17:43,,,
296626521,LT0Q8R4WLQHL1,202608271161_HY_COT22:00_21-HNI Quoc Oai 2 Hub_PU TC201,,100,27/08/2026 00:00:00,27/08/2026 05:49:57,28/08/2026 11:17:43,,,
296626514,LT0Q8R4WLQHE1,202608271160_HY_COT22:00_21-HNI Phuc Tho Hub_PU TC201,,100,27/08/2026 00:00:00,27/08/2026 05:49:57,28/08/2026 11:17:42,,,
296626507,LT0Q8R4WLQH71,202608271159_HY_COT22:00_21-HNI Phuc Tho 3 Hub_PU TC201,,100,27/08/2026 00:00:00,27/08/2026 05:49:57,28/08/2026 11:17:42,,,
296626500,LT0Q8R4WLQH01,202608271158_HY_COT22:00_21-HNI Phuc Tho 2 Hub_PU TC201,,100,27/08/2026 00:00:00,27/08/2026 05:49:56,28/08/2026 11:17:42,,,
296626493,LT0Q8R4WLQGT1,202608271157_HY_COT22:00_21-HNI Hoai Duc Hub_PU TC201,,100,27/08/2026 00:00:00,27/08/2026 05:49:56,28/08/2026 11:17:42,,,
296626486,LT0Q8R4WLQGM1,202608271156_HY_COT22:00_21-HNI Hoai Duc 8 Hub_PU TC201,,100,27/08/2026 00:00:00,27/08/2026 05:49:56,28/08/2026 11:17:42,,,
296626479,LT0Q8R4WLQGF1,202608271155_HY_COT22:00_21-HNI Hoai Duc 7 Hub_PU TC201,,100,27/08/2026 00:00:00,27/08/2026 05:49:56,28/08/2026 11:17:42,,,
296626472,LT0Q8R4WLQG81,202608271154_HY_COT22:00_21-HNI Hoai Duc 6 Hub_PU TC201,,100,27/08/2026 00:00:00,27/08/2026 05:49:56,28/08/2026 11:17:42,,,
296626465,LT0Q8R4WLQG11,202608271153_HY_COT22:00_21-HNI Hoai Duc 5 Hub_PU TC201,,100,27/08/2026 00:00:00,27/08/2026 05:49:56,28/08/2026 11:17:42,,,
296626458,LT0Q8R4WLQFU1,202608271152_HY_COT22:00_21-HNI Hoai Duc 4 Hub_PU TC201,,100,27/08/2026 00:00:00,27/08/2026 05:49:55,28/08/2026 11:17:41,,,
296626451,LT0Q8R4WLQFN1,202608271151_HY_COT22:00_21-HNI Hoai Duc 3 Hub_PU TC201,,100,27/08/2026 00:00:00,27/08/2026 05:49:55,28/08/2026 11:17:41,,,
296626444,LT0Q8R4WLQFG1,202608271150_HY_COT22:00_21-HNI Hoai Duc 2 Hub_PU TC201,,100,27/08/2026 00:00:00,27/08/2026 05:49:55,28/08/2026 11:17:41,,,
296626437,LT0Q8R4WLQF91,202608271149_HY_COT22:00_21-HNI Dan Phuong Hub_PU TC201,,100,27/08/2026 00:00:00,27/08/2026 05:49:55,28/08/2026 11:17:41,,,
296626430,LT0Q8R4WLQF21,202608271148_HY_COT22:00_21-HNI Dan Phuong 3 Hub_PU TC201,,100,27/08/2026 00:00:00,27/08/2026 05:49:55,28/08/2026 11:17:41,,,
296626423,LT0Q8R4WLQEV1,202608271147_HY_COT22:00_21-HNI Dan Phuong 2 Hub_PU TC201,,100,27/08/2026 00:00:00,27/08/2026 05:49:54,28/08/2026 11:17:41,,,
296626416,LT0Q8R4WLQEO1,202608271146_HY_COT22:00_21-HNI Chuong My Hub_PU TC201,,100,27/08/2026 00:00:00,27/08/2026 05:49:54,28/08/2026 11:17:41,,,
296626409,LT0Q8R4WLQEH1,202608271145_HY_COT22:00_21-HNI Chuong My 4 Hub_PU TC201,,100,27/08/2026 00:00:00,27/08/2026 05:49:54,28/08/2026 11:17:40,,,
296626402,LT0Q8R4WLQEA1,202608271144_HY_COT22:00_21-HNI Chuong My 3 Hub_PU TC201,,100,27/08/2026 00:00:00,27/08/2026 05:49:54,28/08/2026 11:17:40,,,
296626395,LT0Q8R4WLQE31,202608271143_HY_COT22:00_21-HNI Chuong My 2 Hub_PU TC201,,100,27/08/2026 00:00:00,27/08/2026 05:49:54,28/08/2026 11:17:40,,,
296626388,LT0Q8R4WLQDW1,202608271142_HY_COT22:00_21-HNI Ba Vi Hub_PU TC201,,100,27/08/2026 00:00:00,27/08/2026 05:49:54,28/08/2026 11:17:40,,,
296626381,LT0Q8R4WLQDP1,202608271141_HY_COT22:00_21-HNI Ba Vi 4 Hub_PU TC201,,100,27/08/2026 00:00:00,27/08/2026 05:49:53,28/08/2026 11:17:40,,,
296626374,LT0Q8R4WLQDI1,202608271140_HY_COT22:00_21-HNI Ba Vi 3 Hub_PU TC201,,100,27/08/2026 00:00:00,27/08/2026 05:49:53,28/08/2026 11:17:40,,,
296626367,LT0Q8R4WLQDB1,202608271139_HY_COT22:00_21-HNI Ba Vi 2 Hub_PU TC201,29E-301.42,90,27/08/2026 00:00:00,27/08/2026 05:49:53,28/08/2026 01:21:50,27/08/2026 23:19:04,27/08/2026 23:19:04,SEQ 1 - 21-HNI Ba Vi 2 Hub (2058) - 27/08/2026 23:19:04
296626360,LT0Q8R4WLQD41,202608271138_HY_COT22:00_20-HNI Thanh Xuan Hub_PU TC201,,100,27/08/2026 00:00:00,27/08/2026 05:49:53,28/08/2026 11:17:40,,,
296626353,LT0Q8R4WLQCX1,202608271137_HY_COT22:00_20-HNI Thanh Xuan 7 Hub_PU TC201,,100,27/08/2026 00:00:00,27/08/2026 05:49:53,28/08/2026 11:17:40,,,
296626346,LT0Q8R4WLQCQ1,202608271136_HY_COT22:00_20-HNI Thanh Xuan 6 Hub_PU TC201,,100,27/08/2026 00:00:00,27/08/2026 05:49:52,28/08/2026 11:17:39,,,
296626339,LT0Q8R4WLQCJ1,202608271135_HY_COT22:00_20-HNI Thanh Xuan 5 Hub_PU TC201,,100,27/08/2026 00:00:00,27/08/2026 05:49:52,28/08/2026 11:17:39,,,
296626332,LT0Q8R4WLQCC1,202608271134_HY_COT22:00_20-HNI Thanh Xuan 4 Hub_PU TC201,,100,27/08/2026 00:00:00,27/08/2026 05:49:52,28/08/2026 11:17:39,,,
296626325,LT0Q8R4WLQC51,202608271133_HY_COT22:00_20-HNI Thanh Xuan 3 Hub_PU TC201,50E-202.18,90,27/08/2026 00:00:00,27/08/2026 05:49:52,28/08/2026 01:13:11,27/08/2026 22:20:31,27/08/2026 23:25:58,SEQ 1 - 20-HNI Thanh Xuan 3 Hub (2067) - 27/08/2026 22:20:31 | SEQ 2 - 20-HNI Thanh Xuan 6 Hub (4251) - 27/08/2026 23:25:58
296626318,LT0Q8R4WLQBY1,202608271132_HY_COT22:00_20-HNI Tu Liem Hub_PU TC201,,100,27/08/2026 00:00:00,27/08/2026 05:49:52,28/08/2026 11:17:39,,,
296626311,LT0Q8R4WLQBR1,202608271131_HY_COT22:00_20-HNI Tu Liem 7 Hub_PU TC201,,100,27/08/2026 00:00:00,27/08/2026 05:49:52,28/08/2026 11:17:39,,,
296626304,LT0Q8R4WLQBK1,202608271130_HY_COT22:00_20-HNI Tu Liem 6 Hub_PU TC201,,100,27/08/2026 00:00:00,27/08/2026 05:49:51,28/08/2026 11:17:39,,,
296626297,LT0Q8R4WLQBD1,202608271129_HY_COT22:00_20-HNI Tu Liem 5 Hub_PU TC201,,100,27/08/2026 00:00:00,27/08/2026 05:49:51,28/08/2026 11:17:39,,,
296626290,LT0Q8R4WLQB61,202608271128_HY_COT22:00_20-HNI Tu Liem 4 Hub_PU TC201,,100,27/08/2026 00:00:00,27/08/2026 05:49:51,28/08/2026 11:17:39,,,
296626283,LT0Q8R4WLQAZ1,202608271127_HY_COT22:00_20-HNI Tu Liem 3 Hub_PU TC201,,100,27/08/2026 00:00:00,27/08/2026 05:49:51,28/08/2026 11:17:38,,,
296626276,LT0Q8R4WLQAS1,202608271126_HY_COT22:00_20-HNI Tu Liem 2 Hub_PU TC201,,100,27/08/2026 00:00:00,27/08/2026 05:49:51,28/08/2026 11:17:38,,,
296626269,LT0Q8R4WLQAL1,202608271125_HY_COT22:00_20-HNI Tay Ho Hub_PU TC201,,100,27/08/2026 00:00:00,27/08/2026 05:49:50,28/08/2026 11:17:38,,,
296626262,LT0Q8R4WLQAE1,202608271124_HY_COT22:00_20-HNI Tay Ho 6 Hub_PU TC201,,100,27/08/2026 00:00:00,27/08/2026 05:49:50,28/08/2026 11:17:38,,,
296626255,LT0Q8R4WLQA71,202608271123_HY_COT22:00_20-HNI Tay Ho 5 Hub_PU TC201,,100,27/08/2026 00:00:00,27/08/2026 05:49:50,28/08/2026 11:17:38,,,
296626248,LT0Q8R4WLQA01,202608271122_HY_COT22:00_20-HNI Tay Ho 4 Hub_PU TC201,,100,27/08/2026 00:00:00,27/08/2026 05:49:50,28/08/2026 11:17:38,,,
296626241,LT0Q8R4WLQ9T1,202608271121_HY_COT22:00_20-HNI Tay Ho 3 Hub_PU TC201,,100,27/08/2026 00:00:00,27/08/2026 05:49:50,28/08/2026 11:17:38,,,
296626234,LT0Q8R4WLQ9M1,202608271120_HY_COT22:00_20-HNI Tay Ho 2 Hub_PU TC201,,100,27/08/2026 00:00:00,27/08/2026 05:49:50,28/08/2026 11:17:37,,,
296626227,LT0Q8R4WLQ9F1,202608271119_HY_COT22:00_20-HNI Ha Dong 9 Hub_PU TC201,,100,27/08/2026 00:00:00,27/08/2026 05:49:49,28/08/2026 11:17:37,,,
296626220,LT0Q8R4WLQ981,202608271118_HY_COT22:00_20-HNI Ha Dong 8 Hub_PU TC201,,100,27/08/2026 00:00:00,27/08/2026 05:49:49,28/08/2026 11:17:37,,,
296626213,LT0Q8R4WLQ911,202608271117_HY_COT22:00_20-HNI Ha Dong 7 Hub_PU TC201,,100,27/08/2026 00:00:00,27/08/2026 05:49:49,28/08/2026 11:17:37,,,
296626206,LT0Q8R4WLQ8U1,202608271116_HY_COT22:00_20-HNI Ha Dong 6 Hub_PU TC201,,100,27/08/2026 00:00:00,27/08/2026 05:49:49,28/08/2026 11:17:37,,,
296626199,LT0Q8R4WLQ8N1,202608271115_HY_COT22:00_20-HNI Ha Dong 5 Hub_PU TC201,,100,27/08/2026 00:00:00,27/08/2026 05:49:49,28/08/2026 11:17:37,,,
296626192,LT0Q8R4WLQ8G1,202608271114_HY_COT22:00_20-HNI Ha Dong 4 Hub_PU TC201,,100,27/08/2026 00:00:00,27/08/2026 05:49:48,28/08/2026 11:17:37,,,
296626185,LT0Q8R4WLQ891,202608271113_HY_COT22:00_20-HNI Ha Dong 3 Hub_PU TC201,,100,27/08/2026 00:00:00,27/08/2026 05:49:48,28/08/2026 11:17:37,,,
296626178,LT0Q8R4WLQ821,202608271112_HY_COT22:00_20-HNI Ha Dong 2 Hub_PU TC201,,100,27/08/2026 00:00:00,27/08/2026 05:49:48,28/08/2026 11:17:36,,,
296626171,LT0Q8R4WLQ7V1,202608271111_HY_COT22:00_20-HNI Ha Dong 14 Hub_PU TC201,,100,27/08/2026 00:00:00,27/08/2026 05:49:48,28/08/2026 11:17:36,,,
296626164,LT0Q8R4WLQ7O1,202608271110_HY_COT22:00_20-HNI Ha Dong 13 Hub_PU TC201,,100,27/08/2026 00:00:00,27/08/2026 05:49:48,28/08/2026 11:17:36,,,
296626157,LT0Q8R4WLQ7H1,202608271109_HY_COT22:00_20-HNI Ha Dong 12 Hub_PU TC201,,100,27/08/2026 00:00:00,27/08/2026 05:49:47,28/08/2026 11:17:36,,,
296626150,LT0Q8R4WLQ7A1,202608271108_HY_COT22:00_20-HNI Ha Dong 11 Hub_PU TC201,,100,27/08/2026 00:00:00,27/08/2026 05:49:47,28/08/2026 11:17:36,,,
296626143,LT0Q8R4WLQ731,202608271107_HY_COT22:00_20-HNI Ha Dong 10 Hub_PU TC201,,100,27/08/2026 00:00:00,27/08/2026 05:49:47,28/08/2026 11:17:36,,,
296626136,LT0Q8R4WLQ6W1,202608271106_HY_COT22:00_20-HNI Cau Giay Hub_PU TC201,,100,27/08/2026 00:00:00,27/08/2026 05:49:47,28/08/2026 11:17:36,,,
296626129,LT0Q8R4WLQ6P1,202608271105_HY_COT22:00_20-HNI Cau Giay 8 Hub_PU TC201,,100,27/08/2026 00:00:00,27/08/2026 05:49:47,28/08/2026 11:17:36,,,
296626122,LT0Q8R4WLQ6I1,202608271104_HY_COT22:00_20-HNI Cau Giay 7 Hub_PU TC201,,100,27/08/2026 00:00:00,27/08/2026 05:49:47,28/08/2026 11:17:35,,,
296626115,LT0Q8R4WLQ6B1,202608271103_HY_COT22:00_20-HNI Cau Giay 6 Hub_PU TC201,,100,27/08/2026 00:00:00,27/08/2026 05:49:46,28/08/2026 11:17:35,,,
296626108,LT0Q8R4WLQ641,202608271102_HY_COT22:00_20-HNI Cau Giay 5 Hub_PU TC201,,100,27/08/2026 00:00:00,27/08/2026 05:49:46,28/08/2026 11:17:35,,,
296626101,LT0Q8R4WLQ5X1,202608271101_HY_COT22:00_20-HNI Cau Giay 4 Hub_PU TC201,,100,27/08/2026 00:00:00,27/08/2026 05:49:46,28/08/2026 11:17:35,,,
296626094,LT0Q8R4WLQ5Q1,202608271100_HY_COT22:00_20-HNI Cau Giay 3 Hub_PU TC201,,100,27/08/2026 00:00:00,27/08/2026 05:49:46,28/08/2026 11:17:35,,,
296626087,LT0Q8R4WLQ5J1,202608271099_HY_COT22:00_20-HNI Cau Giay 2 Hub_PU TC201,,100,27/08/2026 00:00:00,27/08/2026 05:49:46,28/08/2026 11:17:35,,,
296626080,LT0Q8R4WLQ5C1,202608271098_HY_COT22:00_20-HNI Bac Tu Liem Hub_PU TC201,,100,27/08/2026 00:00:00,27/08/2026 05:49:45,28/08/2026 11:17:35,,,
296626073,LT0Q8R4WLQ551,202608271097_HY_COT22:00_20-HNI Bac Tu Liem 9 Hub_PU TC201,,100,27/08/2026 00:00:00,27/08/2026 05:49:45,28/08/2026 11:17:34,,,
296626066,LT0Q8R4WLQ4Y1,202608271096_HY_COT22:00_20-HNI Bac Tu Liem 8 Hub_PU TC201,,100,27/08/2026 00:00:00,27/08/2026 05:49:45,28/08/2026 11:17:34,,,
296626059,LT0Q8R4WLQ4R1,202608271095_HY_COT22:00_20-HNI Bac Tu Liem 7 Hub_PU TC201,,100,27/08/2026 00:00:00,27/08/2026 05:49:45,28/08/2026 11:17:34,,,
296626052,LT0Q8R4WLQ4K1,202608271094_HY_COT22:00_20-HNI Bac Tu Liem 6 Hub_PU TC201,,100,27/08/2026 00:00:00,27/08/2026 05:49:45,28/08/2026 11:17:34,,,
296626045,LT0Q8R4WLQ4D1,202608271093_HY_COT22:00_20-HNI Bac Tu Liem 5 Hub_PU TC201,,100,27/08/2026 00:00:00,27/08/2026 05:49:45,28/08/2026 11:17:34,,,
296626038,LT0Q8R4WLQ461,202608271092_HY_COT22:00_20-HNI Bac Tu Liem 4 Hub_PU TC201,,100,27/08/2026 00:00:00,27/08/2026 05:49:44,28/08/2026 11:17:34,,,
296626031,LT0Q8R4WLQ3Z1,202608271091_HY_COT22:00_20-HNI Bac Tu Liem 3 Hub_PU TC201,,100,27/08/2026 00:00:00,27/08/2026 05:49:44,28/08/2026 11:17:34,,,
296626024,LT0Q8R4WLQ3S1,202608271090_HY_COT22:00_20-HNI Bac Tu Liem 2 Hub_PU TC201,,100,27/08/2026 00:00:00,27/08/2026 05:49:44,28/08/2026 11:17:34,,,
296621859,LT0Q8R4WLMW31,20260827495_HY_COT13:30_HNSPC-Trung tam dien tu tin hoc QH_PU TC201,,100,27/08/2026 00:00:00,27/08/2026 05:47:54,28/08/2026 02:21:53,,,
296621852,LT0Q8R4WLMVW1,20260827494_HY_COT13:30_HNSPC-Thuc pham sach Ngoc Han_PU TC201,,100,27/08/2026 00:00:00,27/08/2026 05:47:53,28/08/2026 02:21:53,,,
296621845,LT0Q8R4WLMVP1,20260827493_HY_COT13:30_HNSPC-Thuc Pham Sach KALE FARM_PU TC201,,100,27/08/2026 00:00:00,27/08/2026 05:47:53,28/08/2026 02:21:52,,,
296621838,LT0Q8R4WLMVI1,20260827492_HY_COT13:30_HNSPC-Store 2T_PU TC201,,100,27/08/2026 00:00:00,27/08/2026 05:47:53,28/08/2026 02:21:52,,,
296621831,LT0Q8R4WLMVB1,20260827491_HY_COT13:30_HNSPC-Phu kien dien thoai Manh Anh_PU TC201,,100,27/08/2026 00:00:00,27/08/2026 05:47:53,28/08/2026 02:21:52,,,
296621824,LT0Q8R4WLMV41,20260827490_HY_COT13:30_HNSPC-Phong ve Bac Viet_PU TC201,,100,27/08/2026 00:00:00,27/08/2026 05:47:53,28/08/2026 02:21:52,,,
296621817,LT0Q8R4WLMUX1,20260827489_HY_COT13:30_HNSPC-Mon Pet Shop_PU TC201,,100,27/08/2026 00:00:00,27/08/2026 05:47:52,28/08/2026 02:21:52,,,
296621810,LT0Q8R4WLMUQ1,20260827488_HY_COT13:30_HNSPC-Mini Mart_PU TC201,,100,27/08/2026 00:00:00,27/08/2026 05:47:52,28/08/2026 02:21:52,,,
296621803,LT0Q8R4WLMUJ1,20260827487_HY_COT13:30_HNSPC-Kiwi Store_PU TC201,,100,27/08/2026 00:00:00,27/08/2026 05:47:52,28/08/2026 02:21:52,,,
296621796,LT0Q8R4WLMUC1,20260827486_HY_COT13:30_HNSPC-HOAI THUONG SHOP_PU TC201,,100,27/08/2026 00:00:00,27/08/2026 05:47:52,28/08/2026 02:21:52,,,
296621789,LT0Q8R4WLMU51,20260827485_HY_COT13:30_HNSPC-Cua hang tien loi HT Mart_PU TC201,,100,27/08/2026 00:00:00,27/08/2026 05:47:52,28/08/2026 02:21:51,,,
296621782,LT0Q8R4WLMTY1,20260827484_HY_COT13:30_HNSPC-Cafe So_PU TC201,,100,27/08/2026 00:00:00,27/08/2026 05:47:52,28/08/2026 02:21:51,,,
296621775,LT0Q8R4WLMTR1,20260827483_HY_COT13:30_HNSPC-BOO MART_PU TC201,,100,27/08/2026 00:00:00,27/08/2026 05:47:51,28/08/2026 02:21:51,,,
296621768,LT0Q8R4WLMTK1,20260827482_HY_COT13:30_HNSPC-Anh Quan Mobile_PU TC201,,100,27/08/2026 00:00:00,27/08/2026 05:47:51,28/08/2026 02:21:51,,,
296621761,LT0Q8R4WLMTD1,20260827481_HY_COT13:30_HNSPC - Sieu thi Euro Mart_PU TC201,,100,27/08/2026 00:00:00,27/08/2026 05:47:51,28/08/2026 02:21:51,,,
296621754,LT0Q8R4WLMT61,20260827480_HY_COT13:30_AG-21-HNI Phuc Tho Hub_PU TC201,,100,27/08/2026 00:00:00,27/08/2026 05:47:51,28/08/2026 02:21:51,,,
296621747,LT0Q8R4WLMSZ1,20260827479_HY_COT13:30_21-HNI Thach That Hub_PU TC201,,100,27/08/2026 00:00:00,27/08/2026 05:47:51,28/08/2026 02:21:51,,,
296621740,LT0Q8R4WLMSS1,20260827478_HY_COT13:30_21-HNI Thach That 5 Hub_PU TC201,,100,27/08/2026 00:00:00,27/08/2026 05:47:50,28/08/2026 02:21:51,,,
296621733,LT0Q8R4WLMSL1,20260827477_HY_COT13:30_21-HNI Thach That 4 Hub_PU TC201,,100,27/08/2026 00:00:00,27/08/2026 05:47:50,28/08/2026 02:21:50,,,
296621726,LT0Q8R4WLMSE1,20260827476_HY_COT13:30_21-HNI Thach That 3 Hub_PU TC201,,100,27/08/2026 00:00:00,27/08/2026 05:47:50,28/08/2026 02:21:50,,,
296621719,LT0Q8R4WLMS71,20260827475_HY_COT13:30_21-HNI Thach That 2 Hub_PU TC201,,100,27/08/2026 00:00:00,27/08/2026 05:47:50,28/08/2026 02:21:50,,,
296621712,LT0Q8R4WLMS01,20260827474_HY_COT13:30_21-HNI Son Tay Hub_PU TC201,,100,27/08/2026 00:00:00,27/08/2026 05:47:50,28/08/2026 02:21:50,,,
296621705,LT0Q8R4WLMRT1,20260827473_HY_COT13:30_21-HNI Son Tay 3 Hub_PU TC201,,100,27/08/2026 00:00:00,27/08/2026 05:47:50,28/08/2026 02:21:50,,,
296621698,LT0Q8R4WLMRM1,20260827472_HY_COT13:30_21-HNI Son Tay 2 Hub_PU TC201,,100,27/08/2026 00:00:00,27/08/2026 05:47:49,28/08/2026 02:21:50,,,
296621691,LT0Q8R4WLMRF1,20260827471_HY_COT13:30_21-HNI Quoc Oai Hub_PU TC201,,100,27/08/2026 00:00:00,27/08/2026 05:47:49,28/08/2026 02:21:50,,,
296621684,LT0Q8R4WLMR81,20260827470_HY_COT13:30_21-HNI Quoc Oai 4 Hub_PU TC201,,100,27/08/2026 00:00:00,27/08/2026 05:47:49,28/08/2026 02:21:50,,,
296621677,LT0Q8R4WLMR11,20260827469_HY_COT13:30_21-HNI Quoc Oai 3 Hub_PU TC201,,100,27/08/2026 00:00:00,27/08/2026 05:47:49,28/08/2026 02:21:49,,,
296621670,LT0Q8R4WLMQU1,20260827468_HY_COT13:30_21-HNI Quoc Oai 2 Hub_PU TC201,,100,27/08/2026 00:00:00,27/08/2026 05:47:49,28/08/2026 02:21:49,,,
296621663,LT0Q8R4WLMQN1,20260827467_HY_COT13:30_21-HNI Phuc Tho Hub_PU TC201,,100,27/08/2026 00:00:00,27/08/2026 05:47:48,28/08/2026 02:21:49,,,
296621656,LT0Q8R4WLMQG1,20260827466_HY_COT13:30_21-HNI Phuc Tho 3 Hub_PU TC201,,100,27/08/2026 00:00:00,27/08/2026 05:47:48,28/08/2026 02:21:49,,,
296621649,LT0Q8R4WLMQ91,20260827465_HY_COT13:30_21-HNI Phuc Tho 2 Hub_PU TC201,,100,27/08/2026 00:00:00,27/08/2026 05:47:48,28/08/2026 02:21:49,,,
296621642,LT0Q8R4WLMQ21,20260827464_HY_COT13:30_21-HNI Hoai Duc Hub_PU TC201,,100,27/08/2026 00:00:00,27/08/2026 05:47:48,28/08/2026 02:21:49,,,
296621635,LT0Q8R4WLMPV1,20260827463_HY_COT13:30_21-HNI Hoai Duc 8 Hub_PU TC201,,100,27/08/2026 00:00:00,27/08/2026 05:47:48,28/08/2026 02:21:49,,,
296621628,LT0Q8R4WLMPO1,20260827462_HY_COT13:30_21-HNI Hoai Duc 7 Hub_PU TC201,,100,27/08/2026 00:00:00,27/08/2026 05:47:47,28/08/2026 02:21:49,,,
296621621,LT0Q8R4WLMPH1,20260827461_HY_COT13:30_21-HNI Hoai Duc 6 Hub_PU TC201,,100,27/08/2026 00:00:00,27/08/2026 05:47:47,28/08/2026 02:21:49,,,
296621614,LT0Q8R4WLMPA1,20260827460_HY_COT13:30_21-HNI Hoai Duc 5 Hub_PU TC201,,100,27/08/2026 00:00:00,27/08/2026 05:47:47,28/08/2026 02:21:48,,,
296621607,LT0Q8R4WLMP31,20260827459_HY_COT13:30_21-HNI Hoai Duc 4 Hub_PU TC201,,100,27/08/2026 00:00:00,27/08/2026 05:47:47,28/08/2026 02:21:48,,,
296621600,LT0Q8R4WLMOW1,20260827458_HY_COT13:30_21-HNI Hoai Duc 3 Hub_PU TC201,,100,27/08/2026 00:00:00,27/08/2026 05:47:47,28/08/2026 02:21:48,,,
296621593,LT0Q8R4WLMOP1,20260827457_HY_COT13:30_21-HNI Hoai Duc 2 Hub_PU TC201,,100,27/08/2026 00:00:00,27/08/2026 05:47:47,28/08/2026 02:21:48,,,
296621586,LT0Q8R4WLMOI1,20260827456_HY_COT13:30_21-HNI Dan Phuong Hub_PU TC201,,100,27/08/2026 00:00:00,27/08/2026 05:47:46,28/08/2026 02:21:48,,,
296621579,LT0Q8R4WLMOB1,20260827455_HY_COT13:30_21-HNI Dan Phuong 3 Hub_PU TC201,,100,27/08/2026 00:00:00,27/08/2026 05:47:46,28/08/2026 02:21:48,,,
296621572,LT0Q8R4WLMO41,20260827454_HY_COT13:30_21-HNI Dan Phuong 2 Hub_PU TC201,,100,27/08/2026 00:00:00,27/08/2026 05:47:46,28/08/2026 02:21:48,,,
296621565,LT0Q8R4WLMNX1,20260827453_HY_COT13:30_21-HNI Chuong My Hub_PU TC201,,100,27/08/2026 00:00:00,27/08/2026 05:47:46,28/08/2026 02:21:48,,,
296621558,LT0Q8R4WLMNQ1,20260827452_HY_COT13:30_21-HNI Chuong My 4 Hub_PU TC201,,100,27/08/2026 00:00:00,27/08/2026 05:47:46,28/08/2026 02:21:47,,,
296621551,LT0Q8R4WLMNJ1,20260827451_HY_COT13:30_21-HNI Chuong My 3 Hub_PU TC201,,100,27/08/2026 00:00:00,27/08/2026 05:47:46,28/08/2026 02:21:47,,,
296621544,LT0Q8R4WLMNC1,20260827450_HY_COT13:30_21-HNI Chuong My 2 Hub_PU TC201,,100,27/08/2026 00:00:00,27/08/2026 05:47:45,28/08/2026 02:21:47,,,
296621537,LT0Q8R4WLMN51,20260827449_HY_COT13:30_21-HNI Ba Vi Hub_PU TC201,,100,27/08/2026 00:00:00,27/08/2026 05:47:45,28/08/2026 02:21:47,,,
296621530,LT0Q8R4WLMMY1,20260827448_HY_COT13:30_21-HNI Ba Vi 4 Hub_PU TC201,,100,27/08/2026 00:00:00,27/08/2026 05:47:45,28/08/2026 02:21:47,,,
296621523,LT0Q8R4WLMMR1,20260827447_HY_COT13:30_21-HNI Ba Vi 3 Hub_PU TC201,,100,27/08/2026 00:00:00,27/08/2026 05:47:45,28/08/2026 02:21:47,,,
296621516,LT0Q8R4WLMMK1,20260827446_HY_COT13:30_21-HNI Ba Vi 2 Hub_PU TC201,,100,27/08/2026 00:00:00,27/08/2026 05:47:45,28/08/2026 02:21:47,,,
296621509,LT0Q8R4WLMMD1,20260827445_HY_COT13:30_20-HNI Thanh Xuan Hub_PU TC201,,100,27/08/2026 00:00:00,27/08/2026 05:47:45,28/08/2026 02:21:47,,,
296621502,LT0Q8R4WLMM61,20260827444_HY_COT13:30_20-HNI Thanh Xuan 7 Hub_PU TC201,,100,27/08/2026 00:00:00,27/08/2026 05:47:44,28/08/2026 02:21:46,,,
296621495,LT0Q8R4WLMLZ1,20260827443_HY_COT13:30_20-HNI Thanh Xuan 6 Hub_PU TC201,,100,27/08/2026 00:00:00,27/08/2026 05:47:44,28/08/2026 02:21:46,,,
296621488,LT0Q8R4WLMLS1,20260827442_HY_COT13:30_20-HNI Thanh Xuan 5 Hub_PU TC201,,100,27/08/2026 00:00:00,27/08/2026 05:47:44,28/08/2026 02:21:46,,,
296621481,LT0Q8R4WLMLL1,20260827441_HY_COT13:30_20-HNI Thanh Xuan 4 Hub_PU TC201,,100,27/08/2026 00:00:00,27/08/2026 05:47:44,28/08/2026 02:21:46,,,
296621474,LT0Q8R4WLMLE1,20260827440_HY_COT13:30_20-HNI Thanh Xuan 3 Hub_PU TC201,,100,27/08/2026 00:00:00,27/08/2026 05:47:44,28/08/2026 02:21:46,,,
296621467,LT0Q8R4WLML71,20260827439_HY_COT13:30_20-HNI Tu Liem Hub_PU TC201,,100,27/08/2026 00:00:00,27/08/2026 05:47:43,28/08/2026 02:21:46,,,
296621460,LT0Q8R4WLML01,20260827438_HY_COT13:30_20-HNI Tu Liem 7 Hub_PU TC201,,100,27/08/2026 00:00:00,27/08/2026 05:47:43,28/08/2026 02:21:46,,,
296621453,LT0Q8R4WLMKT1,20260827437_HY_COT13:30_20-HNI Tu Liem 6 Hub_PU TC201,,100,27/08/2026 00:00:00,27/08/2026 05:47:43,28/08/2026 02:21:46,,,
296621446,LT0Q8R4WLMKM1,20260827436_HY_COT13:30_20-HNI Tu Liem 5 Hub_PU TC201,,100,27/08/2026 00:00:00,27/08/2026 05:47:43,28/08/2026 02:21:45,,,
296621439,LT0Q8R4WLMKF1,20260827435_HY_COT13:30_20-HNI Tu Liem 4 Hub_PU TC201,,100,27/08/2026 00:00:00,27/08/2026 05:47:43,28/08/2026 02:21:45,,,
296621432,LT0Q8R4WLMK81,20260827434_HY_COT13:30_20-HNI Tu Liem 3 Hub_PU TC201,,100,27/08/2026 00:00:00,27/08/2026 05:47:43,28/08/2026 02:21:45,,,
296621425,LT0Q8R4WLMK11,20260827433_HY_COT13:30_20-HNI Tu Liem 2 Hub_PU TC201,,100,27/08/2026 00:00:00,27/08/2026 05:47:42,28/08/2026 02:21:45,,,
296621418,LT0Q8R4WLMJU1,20260827432_HY_COT13:30_20-HNI Tay Ho Hub_PU TC201,,100,27/08/2026 00:00:00,27/08/2026 05:47:42,28/08/2026 02:21:45,,,
296621411,LT0Q8R4WLMJN1,20260827431_HY_COT13:30_20-HNI Tay Ho 6 Hub_PU TC201,,100,27/08/2026 00:00:00,27/08/2026 05:47:42,28/08/2026 02:21:45,,,
296621404,LT0Q8R4WLMJG1,20260827430_HY_COT13:30_20-HNI Tay Ho 5 Hub_PU TC201,,100,27/08/2026 00:00:00,27/08/2026 05:47:42,28/08/2026 02:21:45,,,
296621397,LT0Q8R4WLMJ91,20260827429_HY_COT13:30_20-HNI Tay Ho 4 Hub_PU TC201,,100,27/08/2026 00:00:00,27/08/2026 05:47:42,28/08/2026 02:21:45,,,
296621390,LT0Q8R4WLMJ21,20260827428_HY_COT13:30_20-HNI Tay Ho 3 Hub_PU TC201,,100,27/08/2026 00:00:00,27/08/2026 05:47:41,28/08/2026 02:21:45,,,
296621383,LT0Q8R4WLMIV1,20260827427_HY_COT13:30_20-HNI Tay Ho 2 Hub_PU TC201,,100,27/08/2026 00:00:00,27/08/2026 05:47:41,28/08/2026 02:21:44,,,
296621376,LT0Q8R4WLMIO1,20260827426_HY_COT13:30_20-HNI Ha Dong 9 Hub_PU TC201,,100,27/08/2026 00:00:00,27/08/2026 05:47:41,28/08/2026 02:21:44,,,
296621369,LT0Q8R4WLMIH1,20260827425_HY_COT13:30_20-HNI Ha Dong 8 Hub_PU TC201,,100,27/08/2026 00:00:00,27/08/2026 05:47:41,28/08/2026 02:21:44,,,
296621362,LT0Q8R4WLMIA1,20260827424_HY_COT13:30_20-HNI Ha Dong 7 Hub_PU TC201,,100,27/08/2026 00:00:00,27/08/2026 05:47:41,28/08/2026 02:21:44,,,
296621355,LT0Q8R4WLMI31,20260827423_HY_COT13:30_20-HNI Ha Dong 6 Hub_PU TC201,,100,27/08/2026 00:00:00,27/08/2026 05:47:40,28/08/2026 02:21:44,,,
296621348,LT0Q8R4WLMHW1,20260827422_HY_COT13:30_20-HNI Ha Dong 5 Hub_PU TC201,,100,27/08/2026 00:00:00,27/08/2026 05:47:40,28/08/2026 02:21:44,,,
296621341,LT0Q8R4WLMHP1,20260827421_HY_COT13:30_20-HNI Ha Dong 4 Hub_PU TC201,,100,27/08/2026 00:00:00,27/08/2026 05:47:40,28/08/2026 02:21:44,,,
296621334,LT0Q8R4WLMHI1,20260827420_HY_COT13:30_20-HNI Ha Dong 3 Hub_PU TC201,,100,27/08/2026 00:00:00,27/08/2026 05:47:40,28/08/2026 02:21:44,,,
296621327,LT0Q8R4WLMHB1,20260827419_HY_COT13:30_20-HNI Ha Dong 2 Hub_PU TC201,,100,27/08/2026 00:00:00,27/08/2026 05:47:40,28/08/2026 02:21:43,,,
296621320,LT0Q8R4WLMH41,20260827418_HY_COT13:30_20-HNI Ha Dong 14 Hub_PU TC201,,100,27/08/2026 00:00:00,27/08/2026 05:47:39,28/08/2026 02:21:43,,,
296621313,LT0Q8R4WLMGX1,20260827417_HY_COT13:30_20-HNI Ha Dong 13 Hub_PU TC201,,100,27/08/2026 00:00:00,27/08/2026 05:47:39,28/08/2026 02:21:43,,,
296621306,LT0Q8R4WLMGQ1,20260827416_HY_COT13:30_20-HNI Ha Dong 12 Hub_PU TC201,,100,27/08/2026 00:00:00,27/08/2026 05:47:39,28/08/2026 02:21:43,,,
296621299,LT0Q8R4WLMGJ1,20260827415_HY_COT13:30_20-HNI Ha Dong 11 Hub_PU TC201,,100,27/08/2026 00:00:00,27/08/2026 05:47:39,28/08/2026 02:21:43,,,
296621292,LT0Q8R4WLMGC1,20260827414_HY_COT13:30_20-HNI Ha Dong 10 Hub_PU TC201,,100,27/08/2026 00:00:00,27/08/2026 05:47:39,28/08/2026 02:21:43,,,
296621285,LT0Q8R4WLMG51,20260827413_HY_COT13:30_20-HNI Cau Giay Hub_PU TC201,,100,27/08/2026 00:00:00,27/08/2026 05:47:38,28/08/2026 02:21:43,,,
296621278,LT0Q8R4WLMFY1,20260827412_HY_COT13:30_20-HNI Cau Giay 8 Hub_PU TC201,,100,27/08/2026 00:00:00,27/08/2026 05:47:38,28/08/2026 02:21:43,,,
296621271,LT0Q8R4WLMFR1,20260827411_HY_COT13:30_20-HNI Cau Giay 7 Hub_PU TC201,,100,27/08/2026 00:00:00,27/08/2026 05:47:38,28/08/2026 02:21:42,,,
296621264,LT0Q8R4WLMFK1,20260827410_HY_COT13:30_20-HNI Cau Giay 6 Hub_PU TC201,,100,27/08/2026 00:00:00,27/08/2026 05:47:38,28/08/2026 02:21:42,,,
296621257,LT0Q8R4WLMFD1,20260827409_HY_COT13:30_20-HNI Cau Giay 5 Hub_PU TC201,,100,27/08/2026 00:00:00,27/08/2026 05:47:38,28/08/2026 02:21:42,,,
296621250,LT0Q8R4WLMF61,20260827408_HY_COT13:30_20-HNI Cau Giay 4 Hub_PU TC201,,100,27/08/2026 00:00:00,27/08/2026 05:47:37,28/08/2026 02:21:42,,,
296621243,LT0Q8R4WLMEZ1,20260827407_HY_COT13:30_20-HNI Cau Giay 3 Hub_PU TC201,,100,27/08/2026 00:00:00,27/08/2026 05:47:37,28/08/2026 02:21:42,,,
296621236,LT0Q8R4WLMES1,20260827406_HY_COT13:30_20-HNI Cau Giay 2 Hub_PU TC201,,100,27/08/2026 00:00:00,27/08/2026 05:47:37,28/08/2026 02:21:42,,,
296621229,LT0Q8R4WLMEL1,20260827405_HY_COT13:30_20-HNI Bac Tu Liem Hub_PU TC201,,100,27/08/2026 00:00:00,27/08/2026 05:47:37,28/08/2026 02:21:42,,,
296621222,LT0Q8R4WLMEE1,20260827404_HY_COT13:30_20-HNI Bac Tu Liem 9 Hub_PU TC201,,100,27/08/2026 00:00:00,27/08/2026 05:47:37,28/08/2026 02:21:42,,,
296621215,LT0Q8R4WLME71,20260827403_HY_COT13:30_20-HNI Bac Tu Liem 8 Hub_PU TC201,,100,27/08/2026 00:00:00,27/08/2026 05:47:36,28/08/2026 02:21:41,,,
296621208,LT0Q8R4WLME01,20260827402_HY_COT13:30_20-HNI Bac Tu Liem 7 Hub_PU TC201,,100,27/08/2026 00:00:00,27/08/2026 05:47:36,28/08/2026 02:21:41,,,
296621201,LT0Q8R4WLMDT1,20260827401_HY_COT13:30_20-HNI Bac Tu Liem 6 Hub_PU TC201,,100,27/08/2026 00:00:00,27/08/2026 05:47:36,28/08/2026 02:21:41,,,
296621194,LT0Q8R4WLMDM1,20260827400_HY_COT13:30_20-HNI Bac Tu Liem 5 Hub_PU TC201,,100,27/08/2026 00:00:00,27/08/2026 05:47:36,28/08/2026 02:21:41,,,
296621187,LT0Q8R4WLMDF1,20260827399_HY_COT13:30_20-HNI Bac Tu Liem 4 Hub_PU TC201,,100,27/08/2026 00:00:00,27/08/2026 05:47:36,28/08/2026 02:21:41,,,
296621180,LT0Q8R4WLMD81,20260827398_HY_COT13:30_20-HNI Bac Tu Liem 3 Hub_PU TC201,,100,27/08/2026 00:00:00,27/08/2026 05:47:35,28/08/2026 02:21:41,,,
296621173,LT0Q8R4WLMD11,20260827397_HY_COT13:30_20-HNI Bac Tu Liem 2 Hub_PU TC201,,100,27/08/2026 00:00:00,27/08/2026 05:47:35,28/08/2026 02:21:41,,,
296612899,LT0Q8R4WLFZ71,202608271188_HY_COT22:00_HNSPC-Trung tam dien tu tin hoc QH_PU01,,100,27/08/2026 00:00:00,27/08/2026 05:43:47,28/08/2026 11:16:14,,,
296612892,LT0Q8R4WLFZ01,202608271187_HY_COT22:00_HNSPC-Thuc pham sach Ngoc Han_PU01,,100,27/08/2026 00:00:00,27/08/2026 05:43:47,28/08/2026 11:16:14,,,
296612885,LT0Q8R4WLFYT1,202608271186_HY_COT22:00_HNSPC-Thuc Pham Sach KALE FARM_PU01,,100,27/08/2026 00:00:00,27/08/2026 05:43:46,28/08/2026 11:16:14,,,
296612878,LT0Q8R4WLFYM1,202608271185_HY_COT22:00_HNSPC-Store 2T_PU01,,100,27/08/2026 00:00:00,27/08/2026 05:43:46,28/08/2026 11:16:14,,,
296612871,LT0Q8R4WLFYF1,202608271184_HY_COT22:00_HNSPC-Phu kien dien thoai Manh Anh_PU01,,100,27/08/2026 00:00:00,27/08/2026 05:43:46,28/08/2026 11:16:13,,,
296612864,LT0Q8R4WLFY81,202608271183_HY_COT22:00_HNSPC-Phong ve Bac Viet_PU01,,100,27/08/2026 00:00:00,27/08/2026 05:43:46,28/08/2026 11:16:13,,,
296612857,LT0Q8R4WLFY11,202608271182_HY_COT22:00_HNSPC-Mon Pet Shop_PU01,,100,27/08/2026 00:00:00,27/08/2026 05:43:46,28/08/2026 11:16:13,,,
296612850,LT0Q8R4WLFXU1,202608271181_HY_COT22:00_HNSPC-Mini Mart_PU01,,100,27/08/2026 00:00:00,27/08/2026 05:43:46,28/08/2026 11:16:13,,,
296612843,LT0Q8R4WLFXN1,202608271180_HY_COT22:00_HNSPC-Kiwi Store_PU01,,100,27/08/2026 00:00:00,27/08/2026 05:43:45,28/08/2026 11:16:13,,,
296612836,LT0Q8R4WLFXG1,202608271179_HY_COT22:00_HNSPC-HOAI THUONG SHOP_PU01,,100,27/08/2026 00:00:00,27/08/2026 05:43:45,28/08/2026 11:16:13,,,
296612829,LT0Q8R4WLFX91,202608271178_HY_COT22:00_HNSPC-Cua hang tien loi HT Mart_PU01,,100,27/08/2026 00:00:00,27/08/2026 05:43:45,28/08/2026 11:16:13,,,
296612822,LT0Q8R4WLFX21,202608271177_HY_COT22:00_HNSPC-Cafe So_PU01,,100,27/08/2026 00:00:00,27/08/2026 05:43:45,28/08/2026 11:16:12,,,
296612815,LT0Q8R4WLFWV1,202608271176_HY_COT22:00_HNSPC-BOO MART_PU01,,100,27/08/2026 00:00:00,27/08/2026 05:43:45,28/08/2026 11:16:12,,,
296612808,LT0Q8R4WLFWO1,202608271175_HY_COT22:00_HNSPC-Anh Quan Mobile_PU01,,100,27/08/2026 00:00:00,27/08/2026 05:43:44,28/08/2026 11:16:12,,,
296612801,LT0Q8R4WLFWH1,202608271174_HY_COT22:00_HNSPC - Sieu thi Euro Mart_PU01,,100,27/08/2026 00:00:00,27/08/2026 05:43:44,28/08/2026 11:16:12,,,
296612794,LT0Q8R4WLFWA1,202608271173_HY_COT22:00_AG-21-HNI Phuc Tho Hub_PU01,,100,27/08/2026 00:00:00,27/08/2026 05:43:44,28/08/2026 11:16:12,,,
296612787,LT0Q8R4WLFW31,202608271172_HY_COT22:00_21-HNI Thach That Hub_PU01,,100,27/08/2026 00:00:00,27/08/2026 05:43:44,28/08/2026 11:16:12,,,
296612780,LT0Q8R4WLFVW1,202608271171_HY_COT22:00_21-HNI Thach That 5 Hub_PU01,,100,27/08/2026 00:00:00,27/08/2026 05:43:44,28/08/2026 11:16:12,,,
296612773,LT0Q8R4WLFVP1,202608271170_HY_COT22:00_21-HNI Thach That 4 Hub_PU01,,100,27/08/2026 00:00:00,27/08/2026 05:43:44,28/08/2026 11:16:11,,,
296612766,LT0Q8R4WLFVI1,202608271169_HY_COT22:00_21-HNI Thach That 3 Hub_PU01,,100,27/08/2026 00:00:00,27/08/2026 05:43:43,28/08/2026 11:16:11,,,
296612759,LT0Q8R4WLFVB1,202608271168_HY_COT22:00_21-HNI Thach That 2 Hub_PU01,,100,27/08/2026 00:00:00,27/08/2026 05:43:43,28/08/2026 11:16:11,,,
296612752,LT0Q8R4WLFV41,202608271167_HY_COT22:00_21-HNI Son Tay Hub_PU01,,100,27/08/2026 00:00:00,27/08/2026 05:43:43,28/08/2026 11:16:11,,,
296612745,LT0Q8R4WLFUX1,202608271166_HY_COT22:00_21-HNI Son Tay 3 Hub_PU01,,100,27/08/2026 00:00:00,27/08/2026 05:43:43,28/08/2026 11:16:11,,,
296612738,LT0Q8R4WLFUQ1,202608271165_HY_COT22:00_21-HNI Son Tay 2 Hub_PU01,,100,27/08/2026 00:00:00,27/08/2026 05:43:43,28/08/2026 11:16:11,,,
296612731,LT0Q8R4WLFUJ1,202608271164_HY_COT22:00_21-HNI Quoc Oai Hub_PU01,,100,27/08/2026 00:00:00,27/08/2026 05:43:42,28/08/2026 11:16:11,,,
296612724,LT0Q8R4WLFUC1,202608271163_HY_COT22:00_21-HNI Quoc Oai 4 Hub_PU01,,100,27/08/2026 00:00:00,27/08/2026 05:43:42,28/08/2026 11:16:10,,,
296612717,LT0Q8R4WLFU51,202608271162_HY_COT22:00_21-HNI Quoc Oai 3 Hub_PU01,,100,27/08/2026 00:00:00,27/08/2026 05:43:42,28/08/2026 11:16:10,,,
296612710,LT0Q8R4WLFTY1,202608271161_HY_COT22:00_21-HNI Quoc Oai 2 Hub_PU01,,100,27/08/2026 00:00:00,27/08/2026 05:43:42,28/08/2026 11:16:10,,,
296612703,LT0Q8R4WLFTR1,202608271160_HY_COT22:00_21-HNI Phuc Tho Hub_PU01,,100,27/08/2026 00:00:00,27/08/2026 05:43:42,28/08/2026 11:16:10,,,
296612696,LT0Q8R4WLFTK1,202608271159_HY_COT22:00_21-HNI Phuc Tho 3 Hub_PU01,,100,27/08/2026 00:00:00,27/08/2026 05:43:42,28/08/2026 11:16:10,,,
296612689,LT0Q8R4WLFTD1,202608271158_HY_COT22:00_21-HNI Phuc Tho 2 Hub_PU01,,100,27/08/2026 00:00:00,27/08/2026 05:43:41,28/08/2026 11:16:10,,,
296612682,LT0Q8R4WLFT61,202608271157_HY_COT22:00_21-HNI Hoai Duc Hub_PU01,,100,27/08/2026 00:00:00,27/08/2026 05:43:41,28/08/2026 11:16:10,,,
296612675,LT0Q8R4WLFSZ1,202608271156_HY_COT22:00_21-HNI Hoai Duc 8 Hub_PU01,,100,27/08/2026 00:00:00,27/08/2026 05:43:41,28/08/2026 11:16:09,,,
296612668,LT0Q8R4WLFSS1,202608271155_HY_COT22:00_21-HNI Hoai Duc 7 Hub_PU01,,100,27/08/2026 00:00:00,27/08/2026 05:43:41,28/08/2026 11:16:09,,,
296612661,LT0Q8R4WLFSL1,202608271154_HY_COT22:00_21-HNI Hoai Duc 6 Hub_PU01,,100,27/08/2026 00:00:00,27/08/2026 05:43:41,28/08/2026 11:16:09,,,
296612654,LT0Q8R4WLFSE1,202608271153_HY_COT22:00_21-HNI Hoai Duc 5 Hub_PU01,,100,27/08/2026 00:00:00,27/08/2026 05:43:41,28/08/2026 11:16:09,,,
296612647,LT0Q8R4WLFS71,202608271152_HY_COT22:00_21-HNI Hoai Duc 4 Hub_PU01,,100,27/08/2026 00:00:00,27/08/2026 05:43:40,28/08/2026 11:16:09,,,
296612640,LT0Q8R4WLFS01,202608271151_HY_COT22:00_21-HNI Hoai Duc 3 Hub_PU01,,100,27/08/2026 00:00:00,27/08/2026 05:43:40,28/08/2026 11:16:09,,,
296612633,LT0Q8R4WLFRT1,202608271150_HY_COT22:00_21-HNI Hoai Duc 2 Hub_PU01,,100,27/08/2026 00:00:00,27/08/2026 05:43:40,28/08/2026 11:16:09,,,
296612626,LT0Q8R4WLFRM1,202608271149_HY_COT22:00_21-HNI Dan Phuong Hub_PU01,,100,27/08/2026 00:00:00,27/08/2026 05:43:40,28/08/2026 11:16:08,,,
296612619,LT0Q8R4WLFRF1,202608271148_HY_COT22:00_21-HNI Dan Phuong 3 Hub_PU01,,100,27/08/2026 00:00:00,27/08/2026 05:43:40,28/08/2026 11:16:08,,,
296612612,LT0Q8R4WLFR81,202608271147_HY_COT22:00_21-HNI Dan Phuong 2 Hub_PU01,,100,27/08/2026 00:00:00,27/08/2026 05:43:39,28/08/2026 11:16:08,,,
296612605,LT0Q8R4WLFR11,202608271146_HY_COT22:00_21-HNI Chuong My Hub_PU01,,100,27/08/2026 00:00:00,27/08/2026 05:43:39,28/08/2026 11:16:08,,,
296612598,LT0Q8R4WLFQU1,202608271145_HY_COT22:00_21-HNI Chuong My 4 Hub_PU01,,100,27/08/2026 00:00:00,27/08/2026 05:43:39,28/08/2026 11:16:08,,,
296612591,LT0Q8R4WLFQN1,202608271144_HY_COT22:00_21-HNI Chuong My 3 Hub_PU01,,100,27/08/2026 00:00:00,27/08/2026 05:43:39,28/08/2026 11:16:08,,,
296612584,LT0Q8R4WLFQG1,202608271143_HY_COT22:00_21-HNI Chuong My 2 Hub_PU01,,100,27/08/2026 00:00:00,27/08/2026 05:43:39,28/08/2026 11:16:08,,,
296612577,LT0Q8R4WLFQ91,202608271142_HY_COT22:00_21-HNI Ba Vi Hub_PU01,,100,27/08/2026 00:00:00,27/08/2026 05:43:39,28/08/2026 11:16:07,,,
296612570,LT0Q8R4WLFQ21,202608271141_HY_COT22:00_21-HNI Ba Vi 4 Hub_PU01,,100,27/08/2026 00:00:00,27/08/2026 05:43:38,28/08/2026 11:16:07,,,
296612563,LT0Q8R4WLFPV1,202608271140_HY_COT22:00_21-HNI Ba Vi 3 Hub_PU01,,100,27/08/2026 00:00:00,27/08/2026 05:43:38,28/08/2026 11:16:07,,,
296612556,LT0Q8R4WLFPO1,202608271139_HY_COT22:00_21-HNI Ba Vi 2 Hub_PU01,,100,27/08/2026 00:00:00,27/08/2026 05:43:38,28/08/2026 11:16:07,,,
296612549,LT0Q8R4WLFPH1,202608271138_HY_COT22:00_20-HNI Thanh Xuan Hub_PU01,,100,27/08/2026 00:00:00,27/08/2026 05:43:38,28/08/2026 11:16:07,,,
296612542,LT0Q8R4WLFPA1,202608271137_HY_COT22:00_20-HNI Thanh Xuan 7 Hub_PU01,,100,27/08/2026 00:00:00,27/08/2026 05:43:37,28/08/2026 11:16:07,,,
296612535,LT0Q8R4WLFP31,202608271136_HY_COT22:00_20-HNI Thanh Xuan 6 Hub_PU01,,100,27/08/2026 00:00:00,27/08/2026 05:43:37,28/08/2026 11:16:07,,,
296612528,LT0Q8R4WLFOW1,202608271135_HY_COT22:00_20-HNI Thanh Xuan 5 Hub_PU01,,100,27/08/2026 00:00:00,27/08/2026 05:43:37,28/08/2026 11:16:06,,,
296612521,LT0Q8R4WLFOP1,202608271134_HY_COT22:00_20-HNI Thanh Xuan 4 Hub_PU01,,100,27/08/2026 00:00:00,27/08/2026 05:43:37,28/08/2026 11:16:06,,,
296612514,LT0Q8R4WLFOI1,202608271133_HY_COT22:00_20-HNI Thanh Xuan 3 Hub_PU01,,100,27/08/2026 00:00:00,27/08/2026 05:43:37,28/08/2026 11:16:06,,,
296612507,LT0Q8R4WLFOB1,202608271132_HY_COT22:00_20-HNI Tu Liem Hub_PU01,,100,27/08/2026 00:00:00,27/08/2026 05:43:37,28/08/2026 11:16:06,,,
296612500,LT0Q8R4WLFO41,202608271131_HY_COT22:00_20-HNI Tu Liem 7 Hub_PU01,,100,27/08/2026 00:00:00,27/08/2026 05:43:36,28/08/2026 11:16:06,,,
296612493,LT0Q8R4WLFNX1,202608271130_HY_COT22:00_20-HNI Tu Liem 6 Hub_PU01,,100,27/08/2026 00:00:00,27/08/2026 05:43:36,28/08/2026 11:16:06,,,
296612486,LT0Q8R4WLFNQ1,202608271129_HY_COT22:00_20-HNI Tu Liem 5 Hub_PU01,,100,27/08/2026 00:00:00,27/08/2026 05:43:36,28/08/2026 11:16:06,,,
296612479,LT0Q8R4WLFNJ1,202608271128_HY_COT22:00_20-HNI Tu Liem 4 Hub_PU01,,100,27/08/2026 00:00:00,27/08/2026 05:43:36,28/08/2026 11:16:05,,,
296612472,LT0Q8R4WLFNC1,202608271127_HY_COT22:00_20-HNI Tu Liem 3 Hub_PU01,,100,27/08/2026 00:00:00,27/08/2026 05:43:36,28/08/2026 11:16:05,,,
296612465,LT0Q8R4WLFN51,202608271126_HY_COT22:00_20-HNI Tu Liem 2 Hub_PU01,,100,27/08/2026 00:00:00,27/08/2026 05:43:36,28/08/2026 11:16:05,,,
296612458,LT0Q8R4WLFMY1,202608271125_HY_COT22:00_20-HNI Tay Ho Hub_PU01,,100,27/08/2026 00:00:00,27/08/2026 05:43:35,28/08/2026 11:16:05,,,
296612451,LT0Q8R4WLFMR1,202608271124_HY_COT22:00_20-HNI Tay Ho 6 Hub_PU01,,100,27/08/2026 00:00:00,27/08/2026 05:43:35,28/08/2026 11:16:05,,,
296612444,LT0Q8R4WLFMK1,202608271123_HY_COT22:00_20-HNI Tay Ho 5 Hub_PU01,,100,27/08/2026 00:00:00,27/08/2026 05:43:35,28/08/2026 11:16:05,,,
296612437,LT0Q8R4WLFMD1,202608271122_HY_COT22:00_20-HNI Tay Ho 4 Hub_PU01,,100,27/08/2026 00:00:00,27/08/2026 05:43:35,28/08/2026 11:16:05,,,
296612430,LT0Q8R4WLFM61,202608271121_HY_COT22:00_20-HNI Tay Ho 3 Hub_PU01,,100,27/08/2026 00:00:00,27/08/2026 05:43:35,28/08/2026 11:16:04,,,
296612423,LT0Q8R4WLFLZ1,202608271120_HY_COT22:00_20-HNI Tay Ho 2 Hub_PU01,,100,27/08/2026 00:00:00,27/08/2026 05:43:34,28/08/2026 11:16:04,,,
296612416,LT0Q8R4WLFLS1,202608271119_HY_COT22:00_20-HNI Ha Dong 9 Hub_PU01,,100,27/08/2026 00:00:00,27/08/2026 05:43:34,28/08/2026 11:16:04,,,
296612409,LT0Q8R4WLFLL1,202608271118_HY_COT22:00_20-HNI Ha Dong 8 Hub_PU01,,100,27/08/2026 00:00:00,27/08/2026 05:43:34,28/08/2026 11:16:04,,,
296612402,LT0Q8R4WLFLE1,202608271117_HY_COT22:00_20-HNI Ha Dong 7 Hub_PU01,,100,27/08/2026 00:00:00,27/08/2026 05:43:34,28/08/2026 11:16:04,,,
296612395,LT0Q8R4WLFL71,202608271116_HY_COT22:00_20-HNI Ha Dong 6 Hub_PU01,,100,27/08/2026 00:00:00,27/08/2026 05:43:34,28/08/2026 11:16:04,,,
296612388,LT0Q8R4WLFL01,202608271115_HY_COT22:00_20-HNI Ha Dong 5 Hub_PU01,,100,27/08/2026 00:00:00,27/08/2026 05:43:34,28/08/2026 11:16:04,,,
296612381,LT0Q8R4WLFKT1,202608271114_HY_COT22:00_20-HNI Ha Dong 4 Hub_PU01,,100,27/08/2026 00:00:00,27/08/2026 05:43:33,28/08/2026 11:16:03,,,
296612374,LT0Q8R4WLFKM1,202608271113_HY_COT22:00_20-HNI Ha Dong 3 Hub_PU01,,100,27/08/2026 00:00:00,27/08/2026 05:43:33,28/08/2026 11:16:03,,,
296612367,LT0Q8R4WLFKF1,202608271112_HY_COT22:00_20-HNI Ha Dong 2 Hub_PU01,,100,27/08/2026 00:00:00,27/08/2026 05:43:33,28/08/2026 11:16:03,,,
296612360,LT0Q8R4WLFK81,202608271111_HY_COT22:00_20-HNI Ha Dong 14 Hub_PU01,,100,27/08/2026 00:00:00,27/08/2026 05:43:33,28/08/2026 11:16:03,,,
296612353,LT0Q8R4WLFK11,202608271110_HY_COT22:00_20-HNI Ha Dong 13 Hub_PU01,,100,27/08/2026 00:00:00,27/08/2026 05:43:33,28/08/2026 11:16:03,,,
296612346,LT0Q8R4WLFJU1,202608271109_HY_COT22:00_20-HNI Ha Dong 12 Hub_PU01,,100,27/08/2026 00:00:00,27/08/2026 05:43:32,28/08/2026 11:16:03,,,
296612339,LT0Q8R4WLFJN1,202608271108_HY_COT22:00_20-HNI Ha Dong 11 Hub_PU01,,100,27/08/2026 00:00:00,27/08/2026 05:43:32,28/08/2026 11:16:03,,,
296612332,LT0Q8R4WLFJG1,202608271107_HY_COT22:00_20-HNI Ha Dong 10 Hub_PU01,,100,27/08/2026 00:00:00,27/08/2026 05:43:32,28/08/2026 11:16:03,,,
296612325,LT0Q8R4WLFJ91,202608271106_HY_COT22:00_20-HNI Cau Giay Hub_PU01,,100,27/08/2026 00:00:00,27/08/2026 05:43:32,28/08/2026 11:16:02,,,
296612318,LT0Q8R4WLFJ21,202608271105_HY_COT22:00_20-HNI Cau Giay 8 Hub_PU01,,100,27/08/2026 00:00:00,27/08/2026 05:43:32,28/08/2026 11:16:02,,,
296612311,LT0Q8R4WLFIV1,202608271104_HY_COT22:00_20-HNI Cau Giay 7 Hub_PU01,,100,27/08/2026 00:00:00,27/08/2026 05:43:32,28/08/2026 11:16:02,,,
296612304,LT0Q8R4WLFIO1,202608271103_HY_COT22:00_20-HNI Cau Giay 6 Hub_PU01,,100,27/08/2026 00:00:00,27/08/2026 05:43:31,28/08/2026 11:16:02,,,
296612297,LT0Q8R4WLFIH1,202608271102_HY_COT22:00_20-HNI Cau Giay 5 Hub_PU01,,100,27/08/2026 00:00:00,27/08/2026 05:43:31,28/08/2026 11:16:02,,,
296612290,LT0Q8R4WLFIA1,202608271101_HY_COT22:00_20-HNI Cau Giay 4 Hub_PU01,,100,27/08/2026 00:00:00,27/08/2026 05:43:31,28/08/2026 11:16:02,,,
296612283,LT0Q8R4WLFI31,202608271100_HY_COT22:00_20-HNI Cau Giay 3 Hub_PU01,,100,27/08/2026 00:00:00,27/08/2026 05:43:31,28/08/2026 11:16:01,,,
296612276,LT0Q8R4WLFHW1,202608271099_HY_COT22:00_20-HNI Cau Giay 2 Hub_PU01,,100,27/08/2026 00:00:00,27/08/2026 05:43:31,28/08/2026 11:16:01,,,
296612269,LT0Q8R4WLFHP1,202608271098_HY_COT22:00_20-HNI Bac Tu Liem Hub_PU01,,100,27/08/2026 00:00:00,27/08/2026 05:43:30,28/08/2026 11:16:01,,,
296612262,LT0Q8R4WLFHI1,202608271097_HY_COT22:00_20-HNI Bac Tu Liem 9 Hub_PU01,,100,27/08/2026 00:00:00,27/08/2026 05:43:30,28/08/2026 11:16:01,,,
296612255,LT0Q8R4WLFHB1,202608271096_HY_COT22:00_20-HNI Bac Tu Liem 8 Hub_PU01,,100,27/08/2026 00:00:00,27/08/2026 05:43:30,28/08/2026 11:16:01,,,
296612248,LT0Q8R4WLFH41,202608271095_HY_COT22:00_20-HNI Bac Tu Liem 7 Hub_PU01,,100,27/08/2026 00:00:00,27/08/2026 05:43:30,28/08/2026 11:16:01,,,
296612241,LT0Q8R4WLFGX1,202608271094_HY_COT22:00_20-HNI Bac Tu Liem 6 Hub_PU01,,100,27/08/2026 00:00:00,27/08/2026 05:43:30,28/08/2026 11:16:01,,,
296612234,LT0Q8R4WLFGQ1,202608271093_HY_COT22:00_20-HNI Bac Tu Liem 5 Hub_PU01,,100,27/08/2026 00:00:00,27/08/2026 05:43:30,28/08/2026 11:16:01,,,
296612227,LT0Q8R4WLFGJ1,202608271092_HY_COT22:00_20-HNI Bac Tu Liem 4 Hub_PU01,,100,27/08/2026 00:00:00,27/08/2026 05:43:29,28/08/2026 11:16:00,,,
296612220,LT0Q8R4WLFGC1,202608271091_HY_COT22:00_20-HNI Bac Tu Liem 3 Hub_PU01,,100,27/08/2026 00:00:00,27/08/2026 05:43:29,28/08/2026 11:16:00,,,
296612213,LT0Q8R4WLFG51,202608271090_HY_COT22:00_20-HNI Bac Tu Liem 2 Hub_PU01,,100,27/08/2026 00:00:00,27/08/2026 05:43:29,28/08/2026 11:16:00,,,
296608048,LT0Q8R4WLC8G1,20260827495_HY_COT13:30_HNSPC-Trung tam dien tu tin hoc QH_PU01,,100,27/08/2026 00:00:00,27/08/2026 05:41:40,28/08/2026 02:20:23,,,
296608041,LT0Q8R4WLC891,20260827494_HY_COT13:30_HNSPC-Thuc pham sach Ngoc Han_PU01,,100,27/08/2026 00:00:00,27/08/2026 05:41:40,28/08/2026 02:20:22,,,
296608034,LT0Q8R4WLC821,20260827493_HY_COT13:30_HNSPC-Thuc Pham Sach KALE FARM_PU01,,100,27/08/2026 00:00:00,27/08/2026 05:41:40,28/08/2026 02:20:22,,,
296608027,LT0Q8R4WLC7V1,20260827492_HY_COT13:30_HNSPC-Store 2T_PU01,,100,27/08/2026 00:00:00,27/08/2026 05:41:39,28/08/2026 02:20:22,,,
296608020,LT0Q8R4WLC7O1,20260827491_HY_COT13:30_HNSPC-Phu kien dien thoai Manh Anh_PU01,,100,27/08/2026 00:00:00,27/08/2026 05:41:39,28/08/2026 02:20:22,,,
296608013,LT0Q8R4WLC7H1,20260827490_HY_COT13:30_HNSPC-Phong ve Bac Viet_PU01,,100,27/08/2026 00:00:00,27/08/2026 05:41:39,28/08/2026 02:20:22,,,
296608006,LT0Q8R4WLC7A1,20260827489_HY_COT13:30_HNSPC-Mon Pet Shop_PU01,,100,27/08/2026 00:00:00,27/08/2026 05:41:39,28/08/2026 02:20:22,,,
296607999,LT0Q8R4WLC731,20260827488_HY_COT13:30_HNSPC-Mini Mart_PU01,,100,27/08/2026 00:00:00,27/08/2026 05:41:39,28/08/2026 02:20:22,,,
296607992,LT0Q8R4WLC6W1,20260827487_HY_COT13:30_HNSPC-Kiwi Store_PU01,,100,27/08/2026 00:00:00,27/08/2026 05:41:39,28/08/2026 02:20:22,,,
296607985,LT0Q8R4WLC6P1,20260827486_HY_COT13:30_HNSPC-HOAI THUONG SHOP_PU01,,100,27/08/2026 00:00:00,27/08/2026 05:41:38,28/08/2026 02:20:21,,,
296607978,LT0Q8R4WLC6I1,20260827485_HY_COT13:30_HNSPC-Cua hang tien loi HT Mart_PU01,,100,27/08/2026 00:00:00,27/08/2026 05:41:38,28/08/2026 02:20:21,,,
296607971,LT0Q8R4WLC6B1,20260827484_HY_COT13:30_HNSPC-Cafe So_PU01,,100,27/08/2026 00:00:00,27/08/2026 05:41:38,28/08/2026 02:20:21,,,
296607964,LT0Q8R4WLC641,20260827483_HY_COT13:30_HNSPC-BOO MART_PU01,,100,27/08/2026 00:00:00,27/08/2026 05:41:38,28/08/2026 02:20:21,,,
296607957,LT0Q8R4WLC5X1,20260827482_HY_COT13:30_HNSPC-Anh Quan Mobile_PU01,,100,27/08/2026 00:00:00,27/08/2026 05:41:38,28/08/2026 02:20:21,,,
296607950,LT0Q8R4WLC5Q1,20260827481_HY_COT13:30_HNSPC - Sieu thi Euro Mart_PU01,,100,27/08/2026 00:00:00,27/08/2026 05:41:37,28/08/2026 02:20:21,,,
296607943,LT0Q8R4WLC5J1,20260827480_HY_COT13:30_AG-21-HNI Phuc Tho Hub_PU01,,100,27/08/2026 00:00:00,27/08/2026 05:41:37,28/08/2026 02:20:21,,,
296607936,LT0Q8R4WLC5C1,20260827479_HY_COT13:30_21-HNI Thach That Hub_PU01,,100,27/08/2026 00:00:00,27/08/2026 05:41:37,28/08/2026 02:20:21,,,
296607929,LT0Q8R4WLC551,20260827478_HY_COT13:30_21-HNI Thach That 5 Hub_PU01,,100,27/08/2026 00:00:00,27/08/2026 05:41:37,28/08/2026 02:20:20,,,
296607922,LT0Q8R4WLC4Y1,20260827477_HY_COT13:30_21-HNI Thach That 4 Hub_PU01,,100,27/08/2026 00:00:00,27/08/2026 05:41:37,28/08/2026 02:20:20,,,
296607915,LT0Q8R4WLC4R1,20260827476_HY_COT13:30_21-HNI Thach That 3 Hub_PU01,,100,27/08/2026 00:00:00,27/08/2026 05:41:37,28/08/2026 02:20:20,,,
296607908,LT0Q8R4WLC4K1,20260827475_HY_COT13:30_21-HNI Thach That 2 Hub_PU01,,100,27/08/2026 00:00:00,27/08/2026 05:41:36,28/08/2026 02:20:20,,,
296607901,LT0Q8R4WLC4D1,20260827474_HY_COT13:30_21-HNI Son Tay Hub_PU01,,100,27/08/2026 00:00:00,27/08/2026 05:41:36,28/08/2026 02:20:20,,,
296607894,LT0Q8R4WLC461,20260827473_HY_COT13:30_21-HNI Son Tay 3 Hub_PU01,,100,27/08/2026 00:00:00,27/08/2026 05:41:36,28/08/2026 02:20:20,,,
296607887,LT0Q8R4WLC3Z1,20260827472_HY_COT13:30_21-HNI Son Tay 2 Hub_PU01,,100,27/08/2026 00:00:00,27/08/2026 05:41:36,28/08/2026 02:20:20,,,
296607880,LT0Q8R4WLC3S1,20260827471_HY_COT13:30_21-HNI Quoc Oai Hub_PU01,,100,27/08/2026 00:00:00,27/08/2026 05:41:36,28/08/2026 02:20:20,,,
296607873,LT0Q8R4WLC3L1,20260827470_HY_COT13:30_21-HNI Quoc Oai 4 Hub_PU01,,100,27/08/2026 00:00:00,27/08/2026 05:41:35,28/08/2026 02:20:20,,,
296607866,LT0Q8R4WLC3E1,20260827469_HY_COT13:30_21-HNI Quoc Oai 3 Hub_PU01,,100,27/08/2026 00:00:00,27/08/2026 05:41:35,28/08/2026 02:20:19,,,
296607859,LT0Q8R4WLC371,20260827468_HY_COT13:30_21-HNI Quoc Oai 2 Hub_PU01,,100,27/08/2026 00:00:00,27/08/2026 05:41:35,28/08/2026 02:20:19,,,
296607852,LT0Q8R4WLC301,20260827467_HY_COT13:30_21-HNI Phuc Tho Hub_PU01,,100,27/08/2026 00:00:00,27/08/2026 05:41:35,28/08/2026 02:20:19,,,
296607845,LT0Q8R4WLC2T1,20260827466_HY_COT13:30_21-HNI Phuc Tho 3 Hub_PU01,,100,27/08/2026 00:00:00,27/08/2026 05:41:35,28/08/2026 02:20:19,,,
296607838,LT0Q8R4WLC2M1,20260827465_HY_COT13:30_21-HNI Phuc Tho 2 Hub_PU01,,100,27/08/2026 00:00:00,27/08/2026 05:41:35,28/08/2026 02:20:19,,,
296607831,LT0Q8R4WLC2F1,20260827464_HY_COT13:30_21-HNI Hoai Duc Hub_PU01,,100,27/08/2026 00:00:00,27/08/2026 05:41:34,28/08/2026 02:20:19,,,
296607824,LT0Q8R4WLC281,20260827463_HY_COT13:30_21-HNI Hoai Duc 8 Hub_PU01,,100,27/08/2026 00:00:00,27/08/2026 05:41:34,28/08/2026 02:20:19,,,
296607817,LT0Q8R4WLC211,20260827462_HY_COT13:30_21-HNI Hoai Duc 7 Hub_PU01,,100,27/08/2026 00:00:00,27/08/2026 05:41:34,28/08/2026 02:20:19,,,
296607810,LT0Q8R4WLC1U1,20260827461_HY_COT13:30_21-HNI Hoai Duc 6 Hub_PU01,,100,27/08/2026 00:00:00,27/08/2026 05:41:34,28/08/2026 02:20:18,,,
296607803,LT0Q8R4WLC1N1,20260827460_HY_COT13:30_21-HNI Hoai Duc 5 Hub_PU01,,100,27/08/2026 00:00:00,27/08/2026 05:41:34,28/08/2026 02:20:18,,,
296607796,LT0Q8R4WLC1G1,20260827459_HY_COT13:30_21-HNI Hoai Duc 4 Hub_PU01,,100,27/08/2026 00:00:00,27/08/2026 05:41:33,28/08/2026 02:20:18,,,
296607789,LT0Q8R4WLC191,20260827458_HY_COT13:30_21-HNI Hoai Duc 3 Hub_PU01,,100,27/08/2026 00:00:00,27/08/2026 05:41:33,28/08/2026 02:20:18,,,
296607782,LT0Q8R4WLC121,20260827457_HY_COT13:30_21-HNI Hoai Duc 2 Hub_PU01,,100,27/08/2026 00:00:00,27/08/2026 05:41:33,28/08/2026 02:20:18,,,
296607775,LT0Q8R4WLC0V1,20260827456_HY_COT13:30_21-HNI Dan Phuong Hub_PU01,,100,27/08/2026 00:00:00,27/08/2026 05:41:33,28/08/2026 02:20:18,,,
296607768,LT0Q8R4WLC0O1,20260827455_HY_COT13:30_21-HNI Dan Phuong 3 Hub_PU01,,100,27/08/2026 00:00:00,27/08/2026 05:41:33,28/08/2026 02:20:18,,,
296607761,LT0Q8R4WLC0H1,20260827454_HY_COT13:30_21-HNI Dan Phuong 2 Hub_PU01,,100,27/08/2026 00:00:00,27/08/2026 05:41:33,28/08/2026 02:20:18,,,
296607754,LT0Q8R4WLC0A1,20260827453_HY_COT13:30_21-HNI Chuong My Hub_PU01,,100,27/08/2026 00:00:00,27/08/2026 05:41:32,28/08/2026 02:20:17,,,
296607747,LT0Q8R4WLC031,20260827452_HY_COT13:30_21-HNI Chuong My 4 Hub_PU01,,100,27/08/2026 00:00:00,27/08/2026 05:41:32,28/08/2026 02:20:17,,,
296607740,LT0Q8R4WLBZW1,20260827451_HY_COT13:30_21-HNI Chuong My 3 Hub_PU01,,100,27/08/2026 00:00:00,27/08/2026 05:41:32,28/08/2026 02:20:17,,,
296607733,LT0Q8R4WLBZP1,20260827450_HY_COT13:30_21-HNI Chuong My 2 Hub_PU01,,100,27/08/2026 00:00:00,27/08/2026 05:41:32,28/08/2026 02:20:17,,,
296607726,LT0Q8R4WLBZI1,20260827449_HY_COT13:30_21-HNI Ba Vi Hub_PU01,,100,27/08/2026 00:00:00,27/08/2026 05:41:32,28/08/2026 02:20:17,,,
296607719,LT0Q8R4WLBZB1,20260827448_HY_COT13:30_21-HNI Ba Vi 4 Hub_PU01,,100,27/08/2026 00:00:00,27/08/2026 05:41:31,28/08/2026 02:20:17,,,
296607712,LT0Q8R4WLBZ41,20260827447_HY_COT13:30_21-HNI Ba Vi 3 Hub_PU01,,100,27/08/2026 00:00:00,27/08/2026 05:41:31,28/08/2026 02:20:17,,,
296607705,LT0Q8R4WLBYX1,20260827446_HY_COT13:30_21-HNI Ba Vi 2 Hub_PU01,,100,27/08/2026 00:00:00,27/08/2026 05:41:31,28/08/2026 02:20:17,,,
296607698,LT0Q8R4WLBYQ1,20260827445_HY_COT13:30_20-HNI Thanh Xuan Hub_PU01,,100,27/08/2026 00:00:00,27/08/2026 05:41:31,28/08/2026 02:20:16,,,
296607691,LT0Q8R4WLBYJ1,20260827444_HY_COT13:30_20-HNI Thanh Xuan 7 Hub_PU01,,100,27/08/2026 00:00:00,27/08/2026 05:41:31,28/08/2026 02:20:16,,,
296607684,LT0Q8R4WLBYC1,20260827443_HY_COT13:30_20-HNI Thanh Xuan 6 Hub_PU01,,100,27/08/2026 00:00:00,27/08/2026 05:41:30,28/08/2026 02:20:16,,,
296607677,LT0Q8R4WLBY51,20260827442_HY_COT13:30_20-HNI Thanh Xuan 5 Hub_PU01,,100,27/08/2026 00:00:00,27/08/2026 05:41:30,28/08/2026 02:20:16,,,
296607670,LT0Q8R4WLBXY1,20260827441_HY_COT13:30_20-HNI Thanh Xuan 4 Hub_PU01,,100,27/08/2026 00:00:00,27/08/2026 05:41:30,28/08/2026 02:20:16,,,
296607663,LT0Q8R4WLBXR1,20260827440_HY_COT13:30_20-HNI Thanh Xuan 3 Hub_PU01,,100,27/08/2026 00:00:00,27/08/2026 05:41:30,28/08/2026 02:20:16,,,
296607656,LT0Q8R4WLBXK1,20260827439_HY_COT13:30_20-HNI Tu Liem Hub_PU01,,100,27/08/2026 00:00:00,27/08/2026 05:41:30,28/08/2026 02:20:16,,,
296607649,LT0Q8R4WLBXD1,20260827438_HY_COT13:30_20-HNI Tu Liem 7 Hub_PU01,,100,27/08/2026 00:00:00,27/08/2026 05:41:29,28/08/2026 02:20:16,,,
296607642,LT0Q8R4WLBX61,20260827437_HY_COT13:30_20-HNI Tu Liem 6 Hub_PU01,,100,27/08/2026 00:00:00,27/08/2026 05:41:29,28/08/2026 02:20:15,,,
296607635,LT0Q8R4WLBWZ1,20260827436_HY_COT13:30_20-HNI Tu Liem 5 Hub_PU01,,100,27/08/2026 00:00:00,27/08/2026 05:41:29,28/08/2026 02:20:15,,,
296607628,LT0Q8R4WLBWS1,20260827435_HY_COT13:30_20-HNI Tu Liem 4 Hub_PU01,,100,27/08/2026 00:00:00,27/08/2026 05:41:29,28/08/2026 02:20:15,,,
296607621,LT0Q8R4WLBWL1,20260827434_HY_COT13:30_20-HNI Tu Liem 3 Hub_PU01,,100,27/08/2026 00:00:00,27/08/2026 05:41:29,28/08/2026 02:20:15,,,
296607614,LT0Q8R4WLBWE1,20260827433_HY_COT13:30_20-HNI Tu Liem 2 Hub_PU01,,100,27/08/2026 00:00:00,27/08/2026 05:41:29,28/08/2026 02:20:15,,,
296607607,LT0Q8R4WLBW71,20260827432_HY_COT13:30_20-HNI Tay Ho Hub_PU01,,100,27/08/2026 00:00:00,27/08/2026 05:41:28,28/08/2026 02:20:15,,,
296607600,LT0Q8R4WLBW01,20260827431_HY_COT13:30_20-HNI Tay Ho 6 Hub_PU01,,100,27/08/2026 00:00:00,27/08/2026 05:41:28,28/08/2026 02:20:15,,,
296607593,LT0Q8R4WLBVT1,20260827430_HY_COT13:30_20-HNI Tay Ho 5 Hub_PU01,,100,27/08/2026 00:00:00,27/08/2026 05:41:28,28/08/2026 02:20:15,,,
296607586,LT0Q8R4WLBVM1,20260827429_HY_COT13:30_20-HNI Tay Ho 4 Hub_PU01,,100,27/08/2026 00:00:00,27/08/2026 05:41:28,28/08/2026 02:20:14,,,
296607579,LT0Q8R4WLBVF1,20260827428_HY_COT13:30_20-HNI Tay Ho 3 Hub_PU01,,100,27/08/2026 00:00:00,27/08/2026 05:41:28,28/08/2026 02:20:14,,,
296607572,LT0Q8R4WLBV81,20260827427_HY_COT13:30_20-HNI Tay Ho 2 Hub_PU01,,100,27/08/2026 00:00:00,27/08/2026 05:41:27,28/08/2026 02:20:14,,,
296607565,LT0Q8R4WLBV11,20260827426_HY_COT13:30_20-HNI Ha Dong 9 Hub_PU01,,100,27/08/2026 00:00:00,27/08/2026 05:41:27,28/08/2026 02:20:14,,,
296607558,LT0Q8R4WLBUU1,20260827425_HY_COT13:30_20-HNI Ha Dong 8 Hub_PU01,,100,27/08/2026 00:00:00,27/08/2026 05:41:27,28/08/2026 02:20:14,,,
296607551,LT0Q8R4WLBUN1,20260827424_HY_COT13:30_20-HNI Ha Dong 7 Hub_PU01,,100,27/08/2026 00:00:00,27/08/2026 05:41:27,28/08/2026 02:20:14,,,
296607544,LT0Q8R4WLBUG1,20260827423_HY_COT13:30_20-HNI Ha Dong 6 Hub_PU01,,100,27/08/2026 00:00:00,27/08/2026 05:41:27,28/08/2026 02:20:14,,,
296607537,LT0Q8R4WLBU91,20260827422_HY_COT13:30_20-HNI Ha Dong 5 Hub_PU01,,100,27/08/2026 00:00:00,27/08/2026 05:41:27,28/08/2026 02:20:14,,,
296607530,LT0Q8R4WLBU21,20260827421_HY_COT13:30_20-HNI Ha Dong 4 Hub_PU01,,100,27/08/2026 00:00:00,27/08/2026 05:41:26,28/08/2026 02:20:13,,,
296607523,LT0Q8R4WLBTV1,20260827420_HY_COT13:30_20-HNI Ha Dong 3 Hub_PU01,,100,27/08/2026 00:00:00,27/08/2026 05:41:26,28/08/2026 02:20:13,,,
296607516,LT0Q8R4WLBTO1,20260827419_HY_COT13:30_20-HNI Ha Dong 2 Hub_PU01,,100,27/08/2026 00:00:00,27/08/2026 05:41:26,28/08/2026 02:20:13,,,
296607509,LT0Q8R4WLBTH1,20260827418_HY_COT13:30_20-HNI Ha Dong 14 Hub_PU01,,100,27/08/2026 00:00:00,27/08/2026 05:41:26,28/08/2026 02:20:13,,,
296607502,LT0Q8R4WLBTA1,20260827417_HY_COT13:30_20-HNI Ha Dong 13 Hub_PU01,,100,27/08/2026 00:00:00,27/08/2026 05:41:26,28/08/2026 02:20:13,,,
296607495,LT0Q8R4WLBT31,20260827416_HY_COT13:30_20-HNI Ha Dong 12 Hub_PU01,,100,27/08/2026 00:00:00,27/08/2026 05:41:26,28/08/2026 02:20:13,,,
296607488,LT0Q8R4WLBSW1,20260827415_HY_COT13:30_20-HNI Ha Dong 11 Hub_PU01,,100,27/08/2026 00:00:00,27/08/2026 05:41:25,28/08/2026 02:20:13,,,
296607481,LT0Q8R4WLBSP1,20260827414_HY_COT13:30_20-HNI Ha Dong 10 Hub_PU01,,100,27/08/2026 00:00:00,27/08/2026 05:41:25,28/08/2026 02:20:13,,,
296607474,LT0Q8R4WLBSI1,20260827413_HY_COT13:30_20-HNI Cau Giay Hub_PU01,,100,27/08/2026 00:00:00,27/08/2026 05:41:25,28/08/2026 02:20:12,,,
296607467,LT0Q8R4WLBSB1,20260827412_HY_COT13:30_20-HNI Cau Giay 8 Hub_PU01,,100,27/08/2026 00:00:00,27/08/2026 05:41:25,28/08/2026 02:20:12,,,
296607460,LT0Q8R4WLBS41,20260827411_HY_COT13:30_20-HNI Cau Giay 7 Hub_PU01,,100,27/08/2026 00:00:00,27/08/2026 05:41:25,28/08/2026 02:20:12,,,
296607453,LT0Q8R4WLBRX1,20260827410_HY_COT13:30_20-HNI Cau Giay 6 Hub_PU01,,100,27/08/2026 00:00:00,27/08/2026 05:41:25,28/08/2026 02:20:12,,,
296607446,LT0Q8R4WLBRQ1,20260827409_HY_COT13:30_20-HNI Cau Giay 5 Hub_PU01,,100,27/08/2026 00:00:00,27/08/2026 05:41:24,28/08/2026 02:20:12,,,
296607439,LT0Q8R4WLBRJ1,20260827408_HY_COT13:30_20-HNI Cau Giay 4 Hub_PU01,,100,27/08/2026 00:00:00,27/08/2026 05:41:24,28/08/2026 02:20:12,,,
296607432,LT0Q8R4WLBRC1,20260827407_HY_COT13:30_20-HNI Cau Giay 3 Hub_PU01,,100,27/08/2026 00:00:00,27/08/2026 05:41:24,28/08/2026 02:20:12,,,
296607425,LT0Q8R4WLBR51,20260827406_HY_COT13:30_20-HNI Cau Giay 2 Hub_PU01,,100,27/08/2026 00:00:00,27/08/2026 05:41:24,28/08/2026 02:20:12,,,
296607418,LT0Q8R4WLBQY1,20260827405_HY_COT13:30_20-HNI Bac Tu Liem Hub_PU01,,100,27/08/2026 00:00:00,27/08/2026 05:41:24,28/08/2026 02:20:11,,,
296607411,LT0Q8R4WLBQR1,20260827404_HY_COT13:30_20-HNI Bac Tu Liem 9 Hub_PU01,,100,27/08/2026 00:00:00,27/08/2026 05:41:23,28/08/2026 02:20:11,,,
296607404,LT0Q8R4WLBQK1,20260827403_HY_COT13:30_20-HNI Bac Tu Liem 8 Hub_PU01,,100,27/08/2026 00:00:00,27/08/2026 05:41:23,28/08/2026 02:20:11,,,
296607397,LT0Q8R4WLBQD1,20260827402_HY_COT13:30_20-HNI Bac Tu Liem 7 Hub_PU01,,100,27/08/2026 00:00:00,27/08/2026 05:41:23,28/08/2026 02:20:11,,,
296607390,LT0Q8R4WLBQ61,20260827401_HY_COT13:30_20-HNI Bac Tu Liem 6 Hub_PU01,,100,27/08/2026 00:00:00,27/08/2026 05:41:23,28/08/2026 02:20:11,,,
296607383,LT0Q8R4WLBPZ1,20260827400_HY_COT13:30_20-HNI Bac Tu Liem 5 Hub_PU01,,100,27/08/2026 00:00:00,27/08/2026 05:41:22,28/08/2026 02:20:11,,,
296607376,LT0Q8R4WLBPS1,20260827399_HY_COT13:30_20-HNI Bac Tu Liem 4 Hub_PU01,,100,27/08/2026 00:00:00,27/08/2026 05:41:22,28/08/2026 02:20:11,,,
296607369,LT0Q8R4WLBPL1,20260827398_HY_COT13:30_20-HNI Bac Tu Liem 3 Hub_PU01,,100,27/08/2026 00:00:00,27/08/2026 05:41:22,28/08/2026 02:20:11,,,
296607362,LT0Q8R4WLBPE1,20260827397_HY_COT13:30_20-HNI Bac Tu Liem 2 Hub_PU01,,100,27/08/2026 00:00:00,27/08/2026 05:41:22,28/08/2026 02:20:11,,,
296603218,LT0Q8R4WL8IA1,20260827318_HY_COTMater-TC Trip Số 3M321:30_20-HNI Thanh Xuan Hub+20-HNI Tu Liem 7 Hub_PU01,,100,27/08/2026 00:00:00,27/08/2026 05:39:20,28/08/2026 10:37:56,,,
296603211,LT0Q8R4WL8I31,20260827318_HY_COTMater-TC Trip Số 3M314:00_20-HNI Thanh Xuan Hub+20-HNI Tu Liem 7 Hub_PU01,,100,27/08/2026 00:00:00,27/08/2026 05:39:19,28/08/2026 03:08:32,,,
296603204,LT0Q8R4WL8HW1,20260827317_HY_COTMater-TC Trip Số 3M321:30_20-HNI Cau Giay 7 Hub+20-HNI Cau Giay 8 Hub_PU01,,100,27/08/2026 00:00:00,27/08/2026 05:39:19,28/08/2026 10:37:56,,,
296603197,LT0Q8R4WL8HP1,20260827317_HY_COTMater-TC Trip Số 3M313:30_20-HNI Cau Giay 7 Hub+20-HNI Cau Giay 8 Hub_PU01,,100,27/08/2026 00:00:00,27/08/2026 05:39:19,28/08/2026 02:19:14,,,
296602945,LT0Q8R4WL8AP1,20260827301_HY_COTMater-TC Trip Số 3M321:30_20-HNI Thanh Xuan 4 Hub+20-HNI Thanh Xuan 5 Hub+20-HNI Thanh Xuan 7 Hub_PU01,,100,27/08/2026 00:00:00,27/08/2026 05:39:12,28/08/2026 10:37:56,,,
296602938,LT0Q8R4WL8AI1,20260827301_HY_COTMater-TC Trip Số 3M313:30_20-HNI Thanh Xuan 4 Hub+20-HNI Thanh Xuan 5 Hub+20-HNI Thanh Xuan 7 Hub_PU01,,100,27/08/2026 00:00:00,27/08/2026 05:39:12,28/08/2026 02:19:13,,,
296602917,LT0Q8R4WL89X1,20260827298_HY_COTMater-TC Trip Số 3M321:30_20-HNI Tu Liem 3 Hub_PU01,,100,27/08/2026 00:00:00,27/08/2026 05:39:11,28/08/2026 10:37:56,,,
296602910,LT0Q8R4WL89Q1,20260827298_HY_COTMater-TC Trip Số 3M314:00_20-HNI Tu Liem 3 Hub_PU01,,100,27/08/2026 00:00:00,27/08/2026 05:39:11,28/08/2026 03:08:32,,,
296602903,LT0Q8R4WL89J1,20260827297_HY_COTMater-TC Trip Số 3M321:30_20-HNI Thanh Xuan 3 Hub+20-HNI Thanh Xuan 6 Hub_PU01,,100,27/08/2026 00:00:00,27/08/2026 05:39:11,28/08/2026 10:37:56,,,
296602896,LT0Q8R4WL89C1,20260827297_HY_COTMater-TC Trip Số 3M313:30_20-HNI Thanh Xuan 3 Hub+20-HNI Thanh Xuan 6 Hub_PU01,,100,27/08/2026 00:00:00,27/08/2026 05:39:11,28/08/2026 02:19:13,,,
296602889,LT0Q8R4WL8951,20260827296_HY_COTMater-TC Trip Số 3M321:30_20-HNI Cau Giay 3 Hub+20-HNI Cau Giay 5 Hub_PU01,,100,27/08/2026 00:00:00,27/08/2026 05:39:11,28/08/2026 10:37:56,,,
296602882,LT0Q8R4WL88Y1,20260827296_HY_COTMater-TC Trip Số 3M313:30_20-HNI Cau Giay 3 Hub+20-HNI Cau Giay 5 Hub_PU01,,100,27/08/2026 00:00:00,27/08/2026 05:39:10,28/08/2026 02:19:13,,,
296601636,LT0Q8R4WL7AC1,20260827227_HY_COTMater-TC Trip Số 3M321:30_20-HNI Cau Giay Hub+20-HNI Cau Giay 2 Hub_PU01,,100,27/08/2026 00:00:00,27/08/2026 05:38:38,28/08/2026 10:37:55,,,
296601629,LT0Q8R4WL7A51,20260827227_HY_COTMater-TC Trip Số 3M314:00_20-HNI Cau Giay Hub+20-HNI Cau Giay 2 Hub_PU01,,100,27/08/2026 00:00:00,27/08/2026 05:38:38,28/08/2026 03:08:30,,,
296601258,LT0Q8R4WL6ZU1,20260827207_HY_COTMater-TC Trip Số 3M321:15_21-HNI Hoai Duc 7 Hub_PU01,,100,27/08/2026 00:00:00,27/08/2026 05:38:28,28/08/2026 10:37:55,,,
296601251,LT0Q8R4WL6ZN1,20260827207_HY_COTMater-TC Trip Số 3M313:30_21-HNI Hoai Duc 7 Hub_PU01,,100,27/08/2026 00:00:00,27/08/2026 05:38:28,28/08/2026 02:19:10,,,
296601244,LT0Q8R4WL6ZG1,20260827206_HY_COTMater-TC Trip Số 3M321:15_21-HNI Hoai Duc 5 Hub_PU01,,100,27/08/2026 00:00:00,27/08/2026 05:38:28,28/08/2026 10:37:55,,,
296601237,LT0Q8R4WL6Z91,20260827206_HY_COTMater-TC Trip Số 3M313:30_21-HNI Hoai Duc 5 Hub_PU01,,100,27/08/2026 00:00:00,27/08/2026 05:38:28,28/08/2026 02:19:10,,,
296601230,LT0Q8R4WL6Z21,20260827205_HY_COTMater-TC Trip Số 3M321:15_21-HNI Hoai Duc 2 Hub_PU01,,100,27/08/2026 00:00:00,27/08/2026 05:38:27,28/08/2026 10:37:54,,,
296601223,LT0Q8R4WL6YV1,20260827205_HY_COTMater-TC Trip Số 3M313:30_21-HNI Hoai Duc 2 Hub_PU01,,100,27/08/2026 00:00:00,27/08/2026 05:38:27,28/08/2026 02:19:10,,,
296601216,LT0Q8R4WL6YO1,20260827204_HY_COTMater-TC Trip Số 3M321:15_20-HNI Ha Dong 2 Hub+20-HNI Ha Dong 12 Hub_PU01,,100,27/08/2026 00:00:00,27/08/2026 05:38:27,28/08/2026 10:37:54,,,
296601209,LT0Q8R4WL6YH1,20260827204_HY_COTMater-TC Trip Số 3M313:30_20-HNI Ha Dong 2 Hub+20-HNI Ha Dong 12 Hub_PU01,,100,27/08/2026 00:00:00,27/08/2026 05:38:27,28/08/2026 02:19:10,,,
296601202,LT0Q8R4WL6YA1,20260827203_HY_COTMater-TC Trip Số 3M321:15_21-HNI Hoai Duc Hub_PU01,,100,27/08/2026 00:00:00,27/08/2026 05:38:27,28/08/2026 10:37:54,,,
296601195,LT0Q8R4WL6Y31,20260827203_HY_COTMater-TC Trip Số 3M313:30_21-HNI Hoai Duc Hub_PU01,,100,27/08/2026 00:00:00,27/08/2026 05:38:27,28/08/2026 02:19:09,,,
296601188,LT0Q8R4WL6XW1,20260827202_HY_COTMater-TC Trip Số 3M321:15_21-HNI Hoai Duc 6 Hub_PU01,,100,27/08/2026 00:00:00,27/08/2026 05:38:26,28/08/2026 10:37:54,,,
296601181,LT0Q8R4WL6XP1,20260827202_HY_COTMater-TC Trip Số 3M313:30_21-HNI Hoai Duc 6 Hub_PU01,,100,27/08/2026 00:00:00,27/08/2026 05:38:26,28/08/2026 02:19:09,,,
296601174,LT0Q8R4WL6XI1,20260827201_HY_COTMater-TC Trip Số 3M321:15_20-HNI Cau Giay 4 Hub+20-HNI Cau Giay 6 Hub_PU01,,100,27/08/2026 00:00:00,27/08/2026 05:38:26,28/08/2026 10:37:54,,,
296601167,LT0Q8R4WL6XB1,20260827201_HY_COTMater-TC Trip Số 3M313:30_20-HNI Cau Giay 4 Hub+20-HNI Cau Giay 6 Hub_PU01,,100,27/08/2026 00:00:00,27/08/2026 05:38:26,28/08/2026 02:19:09,,,
296601160,LT0Q8R4WL6X41,20260827200_HY_COTMater-TC Trip Số 3M321:15_20-HNI Ha Dong 5 Hub_PU01,,100,27/08/2026 00:00:00,27/08/2026 05:38:26,28/08/2026 10:37:54,,,
296601153,LT0Q8R4WL6WX1,20260827200_HY_COTMater-TC Trip Số 3M313:30_20-HNI Ha Dong 5 Hub_PU01,,100,27/08/2026 00:00:00,27/08/2026 05:38:25,28/08/2026 02:19:09,,,
296601146,LT0Q8R4WL6WQ1,20260827199_HY_COTMater-TC Trip Số 3M321:15_20-HNI Tay Ho 4 Hub+20-HNI Tay Ho 6 Hub_PU01,,100,27/08/2026 00:00:00,27/08/2026 05:38:25,28/08/2026 10:37:54,,,
296601132,LT0Q8R4WL6WC1,20260827198_HY_COTMater-TC Trip Số 3M321:15_20-HNI Bac Tu Liem 4 Hub+20-HNI Bac Tu Liem 8 Hub_PU01,,100,27/08/2026 00:00:00,27/08/2026 05:38:25,28/08/2026 10:37:54,,,
296601125,LT0Q8R4WL6W51,20260827198_HY_COTMater-TC Trip Số 3M313:30_20-HNI Bac Tu Liem 4 Hub+20-HNI Bac Tu Liem 8 Hub_PU01,,100,27/08/2026 00:00:00,27/08/2026 05:38:25,28/08/2026 02:19:09,,,
296601118,LT0Q8R4WL6VY1,20260827197_HY_COTMater-TC Trip Số 3M321:15_20-HNI Bac Tu Liem 6 Hub+20-HNI Bac Tu Liem 7 Hub_PU01,,100,27/08/2026 00:00:00,27/08/2026 05:38:25,28/08/2026 10:37:53,,,
296601111,LT0Q8R4WL6VR1,20260827197_HY_COTMater-TC Trip Số 3M313:30_20-HNI Bac Tu Liem 6 Hub+20-HNI Bac Tu Liem 7 Hub_PU01,,100,27/08/2026 00:00:00,27/08/2026 05:38:24,28/08/2026 02:19:09,,,
296601104,LT0Q8R4WL6VK1,20260827196_HY_COTMater-TC Trip Số 3M321:15_20-HNI Tay Ho 2 Hub+20-HNI Tay Ho 5 Hub_PU01,,100,27/08/2026 00:00:00,27/08/2026 05:38:24,28/08/2026 10:37:53,,,
296601097,LT0Q8R4WL6VD1,20260827196_HY_COTMater-TC Trip Số 3M313:30_20-HNI Tay Ho 2 Hub+20-HNI Tay Ho 5 Hub_PU01,,100,27/08/2026 00:00:00,27/08/2026 05:38:24,28/08/2026 02:19:09,,,
296601090,LT0Q8R4WL6V61,20260827195_HY_COTMater-TC Trip Số 3M321:15_20-HNI Ha Dong 4 Hub+20-HNI Ha Dong 9 Hub_PU01,,100,27/08/2026 00:00:00,27/08/2026 05:38:24,28/08/2026 10:37:53,,,
296601083,LT0Q8R4WL6UZ1,20260827195_HY_COTMater-TC Trip Số 3M313:30_20-HNI Ha Dong 4 Hub+20-HNI Ha Dong 9 Hub_PU01,,100,27/08/2026 00:00:00,27/08/2026 05:38:24,28/08/2026 02:19:09,,,
296601076,LT0Q8R4WL6US1,20260827194_HY_COTMater-TC Trip Số 3M321:15_20-HNI Ha Dong 3 Hub_PU01,,100,27/08/2026 00:00:00,27/08/2026 05:38:23,28/08/2026 10:37:53,,,
296601069,LT0Q8R4WL6UL1,20260827194_HY_COTMater-TC Trip Số 3M313:30_20-HNI Ha Dong 3 Hub_PU01,,100,27/08/2026 00:00:00,27/08/2026 05:38:23,28/08/2026 02:19:08,,,
296601062,LT0Q8R4WL6UE1,20260827193_HY_COTMater-TC Trip Số 3M321:15_20-HNI Ha Dong 13 Hub_PU01,,100,27/08/2026 00:00:00,27/08/2026 05:38:23,28/08/2026 10:37:53,,,
296601055,LT0Q8R4WL6U71,20260827193_HY_COTMater-TC Trip Số 3M313:30_20-HNI Ha Dong 13 Hub_PU01,,100,27/08/2026 00:00:00,27/08/2026 05:38:23,28/08/2026 02:19:08,,,
296601048,LT0Q8R4WL6U01,20260827192_HY_COTMater-TC Trip Số 3M321:15_20-HNI Ha Dong 8 Hub+20-HNI Ha Dong 14 Hub_PU01,,100,27/08/2026 00:00:00,27/08/2026 05:38:23,28/08/2026 10:37:53,,,
296601041,LT0Q8R4WL6TT1,20260827192_HY_COTMater-TC Trip Số 3M313:30_20-HNI Ha Dong 8 Hub+20-HNI Ha Dong 14 Hub_PU01,,100,27/08/2026 00:00:00,27/08/2026 05:38:23,28/08/2026 02:19:08,,,
296601034,LT0Q8R4WL6TM1,20260827191_HY_COTMater-TC Trip Số 3M321:15_20-HNI Ha Dong 11 Hub_PU01,,100,27/08/2026 00:00:00,27/08/2026 05:38:22,28/08/2026 10:37:53,,,
296601027,LT0Q8R4WL6TF1,20260827191_HY_COTMater-TC Trip Số 3M313:30_20-HNI Ha Dong 11 Hub_PU01,,100,27/08/2026 00:00:00,27/08/2026 05:38:22,28/08/2026 02:19:08,,,
296601020,LT0Q8R4WL6T81,20260827190_HY_COTMater-TC Trip Số 3M321:15_20-HNI Bac Tu Liem 2 Hub_PU01,,100,27/08/2026 00:00:00,27/08/2026 05:38:22,28/08/2026 10:37:53,,,
296601013,LT0Q8R4WL6T11,20260827190_HY_COTMater-TC Trip Số 3M313:30_20-HNI Bac Tu Liem 2 Hub_PU01,,100,27/08/2026 00:00:00,27/08/2026 05:38:22,28/08/2026 02:19:08,,,
296601006,LT0Q8R4WL6SU1,20260827189_HY_COTMater-TC Trip Số 3M321:15_20-HNI Bac Tu Liem 3 Hub_PU01,,100,27/08/2026 00:00:00,27/08/2026 05:38:22,28/08/2026 10:37:52,,,
296600999,LT0Q8R4WL6SN1,20260827189_HY_COTMater-TC Trip Số 3M313:30_20-HNI Bac Tu Liem 3 Hub_PU01,,100,27/08/2026 00:00:00,27/08/2026 05:38:21,28/08/2026 02:19:08,,,
296600950,LT0Q8R4WL6RA1,20260827186_HY_COTMater-TC Trip Số 3M321:15_21-HNI Phuc Tho 2 Hub_PU01,,100,27/08/2026 00:00:00,27/08/2026 05:38:20,28/08/2026 10:37:52,,,
296600929,LT0Q8R4WL6QP1,20260827185_HY_COTMater-TC Trip Số 3M321:15_21-HNI Chuong My 3 Hub+21-HNI Chuong My 4 Hub_PU01,,100,27/08/2026 00:00:00,27/08/2026 05:38:20,28/08/2026 10:37:52,,,
296600908,LT0Q8R4WL6Q41,20260827184_HY_COTMater-TC Trip Số 3M313:30_21-HNI Chuong My 3 Hub+21-HNI Chuong My 4 Hub_PU01,,100,27/08/2026 00:00:00,27/08/2026 05:38:19,28/08/2026 02:19:08,,,
296600859,LT0Q8R4WL6OR1,20260827182_HY_COTMater-TC Trip Số 3M313:30_21-HNI Son Tay Hub+21-HNI Son Tay 2 Hub_PU01,,100,27/08/2026 00:00:00,27/08/2026 05:38:18,28/08/2026 02:19:07,,,
296600852,LT0Q8R4WL6OK1,20260827181_HY_COTMater-TC Trip Số 3M321:15_21-HNI Quoc Oai 4 Hub_PU01,,100,27/08/2026 00:00:00,27/08/2026 05:38:18,28/08/2026 10:37:52,,,
296600838,LT0Q8R4WL6O61,20260827180_HY_COTMater-TC Trip Số 3M321:30_20-HNI Ha Dong 6 Hub_PU01,,100,27/08/2026 00:00:00,27/08/2026 05:38:17,28/08/2026 10:37:52,,,
296600754,LT0Q8R4WL6LU1,20260827175_HY_COTMater-TC Trip Số 3M321:15_20-HNI Tu Liem 2 Hub_PU01,,100,27/08/2026 00:00:00,27/08/2026 05:38:15,28/08/2026 10:37:52,,,
296600747,LT0Q8R4WL6LN1,20260827175_HY_COTMater-TC Trip Số 3M313:30_20-HNI Tu Liem 2 Hub_PU01,,100,27/08/2026 00:00:00,27/08/2026 05:38:15,28/08/2026 02:19:07,,,
296600684,LT0Q8R4WL6JW1,20260827171_HY_COTMater-TC Trip Số 3M321:30_20-HNI Ha Dong 10 Hub_PU01,,100,27/08/2026 00:00:00,27/08/2026 05:38:13,28/08/2026 10:37:52,,,
296600656,LT0Q8R4WL6J41,20260827169_HY_COTMater-TC Trip Số 3M321:15_21-HNI Thach That Hub+21-HNI Thach That 5 Hub_PU01,,100,27/08/2026 00:00:00,27/08/2026 05:38:12,28/08/2026 10:37:51,,,
296600635,LT0Q8R4WL6IJ1,20260827168_HY_COTMater-TC Trip Số 3M321:15_21-HNI Hoai Duc 3 Hub_PU01,,100,27/08/2026 00:00:00,27/08/2026 05:38:12,28/08/2026 10:37:51,,,
296600628,LT0Q8R4WL6IC1,20260827168_HY_COTMater-TC Trip Số 3M313:30_21-HNI Hoai Duc 3 Hub_PU01,,100,27/08/2026 00:00:00,27/08/2026 05:38:12,28/08/2026 02:19:07,,,
296600621,LT0Q8R4WL6I51,20260827167_HY_COTMater-TC Trip Số 3M321:15_21-HNI Ba Vi 3 Hub+21-HNI Ba Vi 4 Hub_PU01,,100,27/08/2026 00:00:00,27/08/2026 05:38:11,28/08/2026 10:37:51,,,
296600600,LT0Q8R4WL6HK1,20260827166_HY_COTMater-TC Trip Số 3M321:15_21-HNI Quoc Oai 2 Hub_PU01,,100,27/08/2026 00:00:00,27/08/2026 05:38:11,28/08/2026 10:37:51,,,
296600593,LT0Q8R4WL6HD1,20260827166_BNA_COTMater-TC Trip Số 3M319:30_21-HNI Quoc Oai 2 Hub_DE01,29E-494.13,90,27/08/2026 00:00:00,27/08/2026 05:38:10,28/08/2026 00:54:49,27/08/2026 17:49:08,27/08/2026 22:45:39,SEQ 1 - BN A Mega SOC (1701) - 27/08/2026 17:49:08 | SEQ 2 - 21-HNI Quoc Oai 3 Hub (2195) - 27/08/2026 22:01:09 | SEQ 3 - 21-HNI Quoc Oai 2 Hub (1196) - 27/08/2026 22:45:39
296600579,LT0Q8R4WL6GZ1,20260827165_HY_COTMater-TC Trip Số 3M321:15_21-HNI Thach That 3 Hub_PU01,,100,27/08/2026 00:00:00,27/08/2026 05:38:09,28/08/2026 10:37:51,,,
296600516,LT0Q8R4WL6F81,20260827161_HY_COTMater-TC Trip Số 3M321:15_21-HNI Thach That 4 Hub+21-HNI Thach That 2 Hub_PU01,,100,27/08/2026 00:00:00,27/08/2026 05:38:08,28/08/2026 10:37:51,,,
296600481,LT0Q8R4WL6E91,20260827159_HY_COTMater-TC Trip Số 3M313:30_21-HNI Thach That Hub+21-HNI Thach That 3 Hub+21-HNI Thach That 5 Hub_PU01,,100,27/08/2026 00:00:00,27/08/2026 05:38:07,28/08/2026 02:19:06,,,
296600376,LT0Q8R4WL6BC1,20260827154_HY_COTMater-TC Trip Số 3M321:15_21-HNI Chuong My 2 Hub+21-HNI Chuong My Hub_PU01,,100,27/08/2026 00:00:00,27/08/2026 05:38:04,28/08/2026 10:37:51,,,
296600257,LT0Q8R4WL6811,20260827147_HY_COTMater-TC Trip Số 3M321:15_21-HNI Son Tay Hub+21-HNI Son Tay 2 Hub_PU01,,100,27/08/2026 00:00:00,27/08/2026 05:38:01,28/08/2026 10:37:51,,,
296600236,LT0Q8R4WL67G1,20260827146_HY_COTMater-TC Trip Số 3M321:15_21-HNI Chuong My Hub_PU01,,100,27/08/2026 00:00:00,27/08/2026 05:38:01,28/08/2026 10:37:50,,,
296600187,LT0Q8R4WL6631,20260827144_HY_COTMater-TC Trip Số 3M321:15_21-HNI Quoc Oai Hub_PU01,,100,27/08/2026 00:00:00,27/08/2026 05:37:59,28/08/2026 10:37:50,,,
296600159,LT0Q8R4WL65B1,20260827142_HY_COTMater-TC Trip Số 3M321:15_21-HNI Phuc Tho Hub+21-HNI Phuc Tho 3 Hub_PU01,,100,27/08/2026 00:00:00,27/08/2026 05:37:59,28/08/2026 10:37:50,,,
296600145,LT0Q8R4WL64X1,20260827142_HY_COTMater-TC Trip Số 3M313:30_20-HNI Tay Ho 4 Hub_PU01,,100,27/08/2026 00:00:00,27/08/2026 05:37:58,28/08/2026 02:19:06,,,
296600117,LT0Q8R4WL6451,20260827140_HY_COTMater-TC Trip Số 3M314:00_21-HNI Ba Vi Hub+21-HNI Ba Vi 3 Hub+21-HNI Ba Vi 4 Hub_PU01,,100,27/08/2026 00:00:00,27/08/2026 05:37:58,28/08/2026 03:08:26,,,
296600103,LT0Q8R4WL63R1,20260827139_HY_COTMater-TC Trip Số 3M321:15_20-HNI Ha Dong 7 Hub_PU01,,100,27/08/2026 00:00:00,27/08/2026 05:37:57,28/08/2026 10:37:50,,,
296600096,LT0Q8R4WL63K1,20260827139_HY_COTMater-TC Trip Số 3M313:30_20-HNI Ha Dong 7 Hub_PU01,,100,27/08/2026 00:00:00,27/08/2026 05:37:57,28/08/2026 02:19:05,,,
296600019,LT0Q8R4WL61F1,20260827135_HY_COTMater-TC Trip Số 3M313:30_21-HNI Chuong My 2 Hub+21-HNI Chuong My Hub_PU01,,100,27/08/2026 00:00:00,27/08/2026 05:37:55,28/08/2026 02:19:05,,,
296599907,LT0Q8R4WL5YB1,20260827128_HY_COTMater-TC Trip Số 3M321:15_21-HNI Ba Vi 2 Hub_PU01,,100,27/08/2026 00:00:00,27/08/2026 05:37:52,28/08/2026 10:37:50,,,
296599690,LT0Q8R4WL5SA1,20260827116_HY_COTMater-TC Trip Số 3M321:15_21-HNI Dan Phuong 3 Hub+21-HNI Dan Phuong Hub+21-HNI Dan Phuong 2 Hub_PU01,,100,27/08/2026 00:00:00,27/08/2026 05:37:47,28/08/2026 10:37:50,,,
296599683,LT0Q8R4WL5S31,20260827116_HY_COTMater-TC Trip Số 3M313:30_21-HNI Dan Phuong 3 Hub+21-HNI Dan Phuong Hub+21-HNI Dan Phuong 2 Hub_PU01,,100,27/08/2026 00:00:00,27/08/2026 05:37:47,28/08/2026 02:19:05,,,
296599641,LT0Q8R4WL5QX1,20260827113_HY_COTMater-TC Trip Số 3M321:30_20-HNI Bac Tu Liem 9 Hub_PU01,,100,27/08/2026 00:00:00,27/08/2026 05:37:45,28/08/2026 10:37:50,,,
296599634,LT0Q8R4WL5QQ1,20260827113_HY_COTMater-TC Trip Số 3M313:30_20-HNI Bac Tu Liem 9 Hub_PU01,,100,27/08/2026 00:00:00,27/08/2026 05:37:45,28/08/2026 02:19:05,,,
296599592,LT0Q8R4WL5PK1,20260827110_HY_COTMater-TC Trip Số 3M321:15_21-HNI Son Tay 2 Hub_PU01,,100,27/08/2026 00:00:00,27/08/2026 05:37:44,28/08/2026 10:37:50,,,
296599529,LT0Q8R4WL5NT1,20260827107_HY_COTMater-TC Trip Số 3M321:15_AG-21-HNI Phuc Tho Hub_PU01,,100,27/08/2026 00:00:00,27/08/2026 05:37:42,28/08/2026 10:37:49,,,
296599508,LT0Q8R4WL5N81,20260827106_HY_COTMater-TC Trip Số 3M321:15_20-HNI Ha Dong 10 Hub_PU01,,100,27/08/2026 00:00:00,27/08/2026 05:37:42,28/08/2026 10:37:49,,,
296599501,LT0Q8R4WL5N11,20260827106_HY_COTMater-TC Trip Số 3M313:30_20-HNI Ha Dong 10 Hub_PU01,,100,27/08/2026 00:00:00,27/08/2026 05:37:42,28/08/2026 02:19:04,,,
296599459,LT0Q8R4WL5LV1,20260827103_HY_COTMater-TC Trip Số 3M321:15_21-HNI Hoai Duc 4 Hub_PU01,,100,27/08/2026 00:00:00,27/08/2026 05:37:40,28/08/2026 10:37:49,,,
296599452,LT0Q8R4WL5LO1,20260827103_HY_COTMater-TC Trip Số 3M313:30_21-HNI Hoai Duc 4 Hub_PU01,,100,27/08/2026 00:00:00,27/08/2026 05:37:40,28/08/2026 02:19:04,,,
296599445,LT0Q8R4WL5LH1,20260827102_HY_COTMater-TC Trip Số 3M313:30_21-HNI Phuc Tho 2 Hub+21-HNI Phuc Tho Hub+21-HNI Phuc Tho 3 Hub_PU01,,100,27/08/2026 00:00:00,27/08/2026 05:37:40,28/08/2026 02:19:04,,,
296599319,LT0Q8R4WL5HZ1,2026082795_HY_COTMater-TC Trip Số 3M321:15_21-HNI Ba Vi Hub_PU01,,100,27/08/2026 00:00:00,27/08/2026 05:37:37,28/08/2026 10:37:49,,,
296598738,LT0Q8R4WL51U1,2026082763_HY_COTMater-TC Trip Số 3M313:30_20-HNI Ha Dong 6 Hub_PU01,,100,27/08/2026 00:00:00,27/08/2026 05:37:21,28/08/2026 02:19:03,,,
296598731,LT0Q8R4WL51N1,2026082763_HY_COTMater-TC Trip Số 3M321:30_20-HNI Thanh Xuan Hub+20-HNI Tu Liem 7 Hub_PU01,,100,27/08/2026 00:00:00,27/08/2026 05:37:21,28/08/2026 10:37:49,,,
296598703,LT0Q8R4WL50V1,2026082761_HY_COTMater-TC Trip Số 3M321:30_20-HNI Tu Liem 5 Hub+20-HNI Tu Liem 6 Hub_PU01,,100,27/08/2026 00:00:00,27/08/2026 05:37:20,28/08/2026 10:37:49,,,
296598696,LT0Q8R4WL50O1,2026082761_HY_COTMater-TC Trip Số 3M314:00_20-HNI Tu Liem 5 Hub+20-HNI Tu Liem 6 Hub_PU01,,100,27/08/2026 00:00:00,27/08/2026 05:37:20,28/08/2026 03:08:24,,,
296598689,LT0Q8R4WL50H1,2026082760_HY_COTMater-TC Trip Số 3M321:30_20-HNI Tu Liem 4 Hub+20-HNI Bac Tu Liem 5 Hub_PU01,,100,27/08/2026 00:00:00,27/08/2026 05:37:19,28/08/2026 10:37:49,,,
296598675,LT0Q8R4WL5031,2026082759_HY_COTMater-TC Trip Số 3M321:30_20-HNI Tay Ho 3 Hub_PU01,,100,27/08/2026 00:00:00,27/08/2026 05:37:19,28/08/2026 10:37:49,,,
296598668,LT0Q8R4WL4ZW1,2026082759_HY_COTMater-TC Trip Số 3M314:00_20-HNI Tay Ho 3 Hub_PU01,,100,27/08/2026 00:00:00,27/08/2026 05:37:19,28/08/2026 03:08:24,,,
296596638,LT0Q8R4WL3FI1,20260827318_HY_COTMater-TC Trip 2M321:30_20-HNI Thanh Xuan Hub+20-HNI Tu Liem 7 Hub_PU01,,100,27/08/2026 00:00:00,27/08/2026 05:36:26,28/08/2026 10:37:45,,,
296596631,LT0Q8R4WL3FB1,20260827318_HY_COTMater-TC Trip 2M314:00_20-HNI Thanh Xuan Hub+20-HNI Tu Liem 7 Hub_PU01,,100,27/08/2026 00:00:00,27/08/2026 05:36:25,28/08/2026 03:08:16,,,
296596624,LT0Q8R4WL3F41,20260827317_HY_COTMater-TC Trip 2M321:30_20-HNI Cau Giay 7 Hub+20-HNI Cau Giay 8 Hub_PU01,,100,27/08/2026 00:00:00,27/08/2026 05:36:25,28/08/2026 10:37:45,,,
296596617,LT0Q8R4WL3EX1,20260827317_HY_COTMater-TC Trip 2M313:30_20-HNI Cau Giay 7 Hub+20-HNI Cau Giay 8 Hub_PU01,,100,27/08/2026 00:00:00,27/08/2026 05:36:25,28/08/2026 02:18:57,,,
296596365,LT0Q8R4WL37X1,20260827301_HY_COTMater-TC Trip 2M321:30_20-HNI Thanh Xuan 4 Hub+20-HNI Thanh Xuan 5 Hub+20-HNI Thanh Xuan 7 Hub_PU01,,100,27/08/2026 00:00:00,27/08/2026 05:36:16,28/08/2026 10:37:45,,,
296596358,LT0Q8R4WL37Q1,20260827301_HY_COTMater-TC Trip 2M313:30_20-HNI Thanh Xuan 4 Hub+20-HNI Thanh Xuan 5 Hub+20-HNI Thanh Xuan 7 Hub_PU01,,100,27/08/2026 00:00:00,27/08/2026 05:36:16,28/08/2026 02:18:57,,,
296596330,LT0Q8R4WL36Y1,20260827298_HY_COTMater-TC Trip 2M314:00_20-HNI Tu Liem 3 Hub_PU01,,100,27/08/2026 00:00:00,27/08/2026 05:36:15,28/08/2026 03:08:16,,,
296596323,LT0Q8R4WL36R1,20260827297_HY_COTMater-TC Trip 2M321:30_20-HNI Thanh Xuan 3 Hub+20-HNI Thanh Xuan 6 Hub_PU01,,100,27/08/2026 00:00:00,27/08/2026 05:36:15,28/08/2026 10:37:45,,,
296596316,LT0Q8R4WL36K1,20260827297_HY_COTMater-TC Trip 2M313:30_20-HNI Thanh Xuan 3 Hub+20-HNI Thanh Xuan 6 Hub_PU01,,100,27/08/2026 00:00:00,27/08/2026 05:36:14,28/08/2026 02:18:57,,,
296596309,LT0Q8R4WL36D1,20260827296_HY_COTMater-TC Trip 2M321:30_20-HNI Cau Giay 3 Hub+20-HNI Cau Giay 5 Hub_PU01,,100,27/08/2026 00:00:00,27/08/2026 05:36:14,28/08/2026 10:37:45,,,
296596302,LT0Q8R4WL3661,20260827296_HY_COTMater-TC Trip 2M313:30_20-HNI Cau Giay 3 Hub+20-HNI Cau Giay 5 Hub_PU01,,100,27/08/2026 00:00:00,27/08/2026 05:36:14,28/08/2026 02:18:57,,,
296595056,LT0Q8R4WL27K1,20260827227_HY_COTMater-TC Trip 2M321:30_20-HNI Cau Giay Hub+20-HNI Cau Giay 2 Hub_PU01,,100,27/08/2026 00:00:00,27/08/2026 05:35:32,28/08/2026 10:37:44,,,
296595049,LT0Q8R4WL27D1,20260827227_HY_COTMater-TC Trip 2M314:00_20-HNI Cau Giay Hub+20-HNI Cau Giay 2 Hub_PU01,,100,27/08/2026 00:00:00,27/08/2026 05:35:32,28/08/2026 03:08:13,,,
296594678,LT0Q8R4WL1X21,20260827207_HY_COTMater-TC Trip 2M321:15_21-HNI Hoai Duc 7 Hub_PU01,,100,27/08/2026 00:00:00,27/08/2026 05:35:21,28/08/2026 10:37:44,,,
296594671,LT0Q8R4WL1WV1,20260827207_HY_COTMater-TC Trip 2M313:30_21-HNI Hoai Duc 7 Hub_PU01,,100,27/08/2026 00:00:00,27/08/2026 05:35:21,28/08/2026 02:18:53,,,
296594664,LT0Q8R4WL1WO1,20260827206_HY_COTMater-TC Trip 2M321:15_21-HNI Hoai Duc 5 Hub_PU01,,100,27/08/2026 00:00:00,27/08/2026 05:35:21,28/08/2026 10:37:44,,,
296594657,LT0Q8R4WL1WH1,20260827206_HY_COTMater-TC Trip 2M313:30_21-HNI Hoai Duc 5 Hub_PU01,,100,27/08/2026 00:00:00,27/08/2026 05:35:21,28/08/2026 02:18:53,,,
296594650,LT0Q8R4WL1WA1,20260827205_HY_COTMater-TC Trip 2M321:15_21-HNI Hoai Duc 2 Hub_PU01,,100,27/08/2026 00:00:00,27/08/2026 05:35:20,28/08/2026 10:37:44,,,
296594643,LT0Q8R4WL1W31,20260827205_HY_COTMater-TC Trip 2M313:30_21-HNI Hoai Duc 2 Hub_PU01,,100,27/08/2026 00:00:00,27/08/2026 05:35:20,28/08/2026 02:18:53,,,
296594636,LT0Q8R4WL1VW1,20260827204_HY_COTMater-TC Trip 2M321:15_20-HNI Ha Dong 2 Hub+20-HNI Ha Dong 12 Hub_PU01,,100,27/08/2026 00:00:00,27/08/2026 05:35:20,28/08/2026 10:37:44,,,
296594629,LT0Q8R4WL1VP1,20260827204_HY_COTMater-TC Trip 2M313:30_20-HNI Ha Dong 2 Hub+20-HNI Ha Dong 12 Hub_PU01,,100,27/08/2026 00:00:00,27/08/2026 05:35:20,28/08/2026 02:18:53,,,
296594622,LT0Q8R4WL1VI1,20260827203_HY_COTMater-TC Trip 2M321:15_21-HNI Hoai Duc Hub_PU01,,100,27/08/2026 00:00:00,27/08/2026 05:35:20,28/08/2026 10:37:43,,,
296594615,LT0Q8R4WL1VB1,20260827203_HY_COTMater-TC Trip 2M313:30_21-HNI Hoai Duc Hub_PU01,,100,27/08/2026 00:00:00,27/08/2026 05:35:19,28/08/2026 02:18:53,,,
296594608,LT0Q8R4WL1V41,20260827202_HY_COTMater-TC Trip 2M321:15_21-HNI Hoai Duc 6 Hub_PU01,,100,27/08/2026 00:00:00,27/08/2026 05:35:19,28/08/2026 10:37:43,,,
296594601,LT0Q8R4WL1UX1,20260827202_HY_COTMater-TC Trip 2M313:30_21-HNI Hoai Duc 6 Hub_PU01,,100,27/08/2026 00:00:00,27/08/2026 05:35:19,28/08/2026 02:18:53,,,
296594594,LT0Q8R4WL1UQ1,20260827201_HY_COTMater-TC Trip 2M321:15_20-HNI Cau Giay 4 Hub+20-HNI Cau Giay 6 Hub_PU01,,100,27/08/2026 00:00:00,27/08/2026 05:35:19,28/08/2026 10:37:43,,,
296594587,LT0Q8R4WL1UJ1,20260827201_HY_COTMater-TC Trip 2M313:30_20-HNI Cau Giay 4 Hub+20-HNI Cau Giay 6 Hub_PU01,,100,27/08/2026 00:00:00,27/08/2026 05:35:19,28/08/2026 02:18:53,,,
296594580,LT0Q8R4WL1UC1,20260827200_HY_COTMater-TC Trip 2M321:15_20-HNI Ha Dong 5 Hub_PU01,,100,27/08/2026 00:00:00,27/08/2026 05:35:18,28/08/2026 10:37:43,,,
296594573,LT0Q8R4WL1U51,20260827200_HY_COTMater-TC Trip 2M313:30_20-HNI Ha Dong 5 Hub_PU01,,100,27/08/2026 00:00:00,27/08/2026 05:35:18,28/08/2026 02:18:53,,,
296594566,LT0Q8R4WL1TY1,20260827199_HY_COTMater-TC Trip 2M321:15_20-HNI Tay Ho 4 Hub+20-HNI Tay Ho 6 Hub_PU01,,100,27/08/2026 00:00:00,27/08/2026 05:35:18,28/08/2026 10:37:43,,,
296594552,LT0Q8R4WL1TK1,20260827198_HY_COTMater-TC Trip 2M321:15_20-HNI Bac Tu Liem 4 Hub+20-HNI Bac Tu Liem 8 Hub_PU01,,100,27/08/2026 00:00:00,27/08/2026 05:35:18,28/08/2026 10:37:43,,,
296594545,LT0Q8R4WL1TD1,20260827198_HY_COTMater-TC Trip 2M313:30_20-HNI Bac Tu Liem 4 Hub+20-HNI Bac Tu Liem 8 Hub_PU01,,100,27/08/2026 00:00:00,27/08/2026 05:35:18,28/08/2026 02:18:52,,,
296594538,LT0Q8R4WL1T61,20260827197_HY_COTMater-TC Trip 2M321:15_20-HNI Bac Tu Liem 6 Hub+20-HNI Bac Tu Liem 7 Hub_PU01,,100,27/08/2026 00:00:00,27/08/2026 05:35:17,28/08/2026 10:37:43,,,
296594531,LT0Q8R4WL1SZ1,20260827197_HY_COTMater-TC Trip 2M313:30_20-HNI Bac Tu Liem 6 Hub+20-HNI Bac Tu Liem 7 Hub_PU01,,100,27/08/2026 00:00:00,27/08/2026 05:35:17,28/08/2026 02:18:52,,,
296594524,LT0Q8R4WL1SS1,20260827196_HY_COTMater-TC Trip 2M321:15_20-HNI Tay Ho 2 Hub+20-HNI Tay Ho 5 Hub_PU01,,100,27/08/2026 00:00:00,27/08/2026 05:35:17,28/08/2026 10:37:43,,,
296594517,LT0Q8R4WL1SL1,20260827196_HY_COTMater-TC Trip 2M313:30_20-HNI Tay Ho 2 Hub+20-HNI Tay Ho 5 Hub_PU01,,100,27/08/2026 00:00:00,27/08/2026 05:35:17,28/08/2026 02:18:52,,,
296594510,LT0Q8R4WL1SE1,20260827195_HY_COTMater-TC Trip 2M321:15_20-HNI Ha Dong 4 Hub+20-HNI Ha Dong 9 Hub_PU01,,100,27/08/2026 00:00:00,27/08/2026 05:35:17,28/08/2026 10:37:42,,,
296594503,LT0Q8R4WL1S71,20260827195_HY_COTMater-TC Trip 2M313:30_20-HNI Ha Dong 4 Hub+20-HNI Ha Dong 9 Hub_PU01,,100,27/08/2026 00:00:00,27/08/2026 05:35:16,28/08/2026 02:18:52,,,
296594496,LT0Q8R4WL1S01,20260827194_HY_COTMater-TC Trip 2M321:15_20-HNI Ha Dong 3 Hub_PU01,,100,27/08/2026 00:00:00,27/08/2026 05:35:16,28/08/2026 10:37:42,,,
296594489,LT0Q8R4WL1RT1,20260827194_HY_COTMater-TC Trip 2M313:30_20-HNI Ha Dong 3 Hub_PU01,,100,27/08/2026 00:00:00,27/08/2026 05:35:16,28/08/2026 02:18:52,,,
296594482,LT0Q8R4WL1RM1,20260827193_HY_COTMater-TC Trip 2M321:15_20-HNI Ha Dong 13 Hub_PU01,,100,27/08/2026 00:00:00,27/08/2026 05:35:16,28/08/2026 10:37:42,,,
296594475,LT0Q8R4WL1RF1,20260827193_HY_COTMater-TC Trip 2M313:30_20-HNI Ha Dong 13 Hub_PU01,,100,27/08/2026 00:00:00,27/08/2026 05:35:16,28/08/2026 02:18:52,,,
296594468,LT0Q8R4WL1R81,20260827192_HY_COTMater-TC Trip 2M321:15_20-HNI Ha Dong 8 Hub+20-HNI Ha Dong 14 Hub_PU01,,100,27/08/2026 00:00:00,27/08/2026 05:35:15,28/08/2026 10:37:42,,,
296594461,LT0Q8R4WL1R11,20260827192_HY_COTMater-TC Trip 2M313:30_20-HNI Ha Dong 8 Hub+20-HNI Ha Dong 14 Hub_PU01,,100,27/08/2026 00:00:00,27/08/2026 05:35:15,28/08/2026 02:18:52,,,
296594454,LT0Q8R4WL1QU1,20260827191_HY_COTMater-TC Trip 2M321:15_20-HNI Ha Dong 11 Hub_PU01,,100,27/08/2026 00:00:00,27/08/2026 05:35:15,28/08/2026 10:37:42,,,
296594447,LT0Q8R4WL1QN1,20260827191_HY_COTMater-TC Trip 2M313:30_20-HNI Ha Dong 11 Hub_PU01,,100,27/08/2026 00:00:00,27/08/2026 05:35:15,28/08/2026 02:18:52,,,
296594440,LT0Q8R4WL1QG1,20260827190_HY_COTMater-TC Trip 2M321:15_20-HNI Bac Tu Liem 2 Hub_PU01,,100,27/08/2026 00:00:00,27/08/2026 05:35:15,28/08/2026 10:37:42,,,
296594433,LT0Q8R4WL1Q91,20260827190_HY_COTMater-TC Trip 2M313:30_20-HNI Bac Tu Liem 2 Hub_PU01,,100,27/08/2026 00:00:00,27/08/2026 05:35:15,28/08/2026 02:18:51,,,
296594426,LT0Q8R4WL1Q21,20260827189_HY_COTMater-TC Trip 2M321:15_20-HNI Bac Tu Liem 3 Hub_PU01,,100,27/08/2026 00:00:00,27/08/2026 05:35:14,28/08/2026 10:37:42,,,
296594419,LT0Q8R4WL1PV1,20260827189_HY_COTMater-TC Trip 2M313:30_20-HNI Bac Tu Liem 3 Hub_PU01,,100,27/08/2026 00:00:00,27/08/2026 05:35:14,28/08/2026 02:18:51,,,
296594370,LT0Q8R4WL1OI1,20260827186_HY_COTMater-TC Trip 2M321:15_21-HNI Phuc Tho 2 Hub_PU01,,100,27/08/2026 00:00:00,27/08/2026 05:35:13,28/08/2026 10:37:41,,,
296594349,LT0Q8R4WL1NX1,20260827185_HY_COTMater-TC Trip 2M321:15_21-HNI Chuong My 3 Hub+21-HNI Chuong My 4 Hub_PU01,,100,27/08/2026 00:00:00,27/08/2026 05:35:12,28/08/2026 10:37:41,,,
296594328,LT0Q8R4WL1NC1,20260827184_HY_COTMater-TC Trip 2M313:30_21-HNI Chuong My 3 Hub+21-HNI Chuong My 4 Hub_PU01,,100,27/08/2026 00:00:00,27/08/2026 05:35:12,28/08/2026 02:18:51,,,
296594279,LT0Q8R4WL1LZ1,20260827182_HY_COTMater-TC Trip 2M313:30_21-HNI Son Tay Hub+21-HNI Son Tay 2 Hub_PU01,,100,27/08/2026 00:00:00,27/08/2026 05:35:10,28/08/2026 02:18:51,,,
296594272,LT0Q8R4WL1LS1,20260827181_HY_COTMater-TC Trip 2M321:15_21-HNI Quoc Oai 4 Hub_PU01,,100,27/08/2026 00:00:00,27/08/2026 05:35:10,28/08/2026 10:37:41,,,
296594258,LT0Q8R4WL1LE1,20260827180_HY_COTMater-TC Trip 2M321:30_20-HNI Ha Dong 6 Hub_PU01,,100,27/08/2026 00:00:00,27/08/2026 05:35:10,28/08/2026 10:37:41,,,
296594174,LT0Q8R4WL1J21,20260827175_HY_COTMater-TC Trip 2M321:15_20-HNI Tu Liem 2 Hub_PU01,,100,27/08/2026 00:00:00,27/08/2026 05:35:08,28/08/2026 10:37:41,,,
296594167,LT0Q8R4WL1IV1,20260827175_HY_COTMater-TC Trip 2M313:30_20-HNI Tu Liem 2 Hub_PU01,,100,27/08/2026 00:00:00,27/08/2026 05:35:07,28/08/2026 02:18:51,,,
296594104,LT0Q8R4WL1H41,20260827171_HY_COTMater-TC Trip 2M321:30_20-HNI Ha Dong 10 Hub_PU01,,100,27/08/2026 00:00:00,27/08/2026 05:35:06,28/08/2026 10:37:41,,,
296594076,LT0Q8R4WL1GC1,20260827169_HY_COTMater-TC Trip 2M321:15_21-HNI Thach That Hub+21-HNI Thach That 5 Hub_PU01,,100,27/08/2026 00:00:00,27/08/2026 05:35:05,28/08/2026 10:37:41,,,
296594055,LT0Q8R4WL1FR1,20260827168_HY_COTMater-TC Trip 2M321:15_21-HNI Hoai Duc 3 Hub_PU01,,100,27/08/2026 00:00:00,27/08/2026 05:35:04,28/08/2026 10:37:41,,,
296594048,LT0Q8R4WL1FK1,20260827168_HY_COTMater-TC Trip 2M313:30_21-HNI Hoai Duc 3 Hub_PU01,,100,27/08/2026 00:00:00,27/08/2026 05:35:04,28/08/2026 02:18:50,,,
296594041,LT0Q8R4WL1FD1,20260827167_HY_COTMater-TC Trip 2M321:15_21-HNI Ba Vi 3 Hub+21-HNI Ba Vi 4 Hub_PU01,,100,27/08/2026 00:00:00,27/08/2026 05:35:04,28/08/2026 10:37:40,,,
296594020,LT0Q8R4WL1ES1,20260827166_HY_COTMater-TC Trip 2M321:15_21-HNI Quoc Oai 2 Hub_PU01,,100,27/08/2026 00:00:00,27/08/2026 05:35:03,28/08/2026 10:37:40,,,
296593999,LT0Q8R4WL1E71,20260827165_HY_COTMater-TC Trip 2M321:15_21-HNI Thach That 3 Hub_PU01,,100,27/08/2026 00:00:00,27/08/2026 05:35:03,28/08/2026 10:37:40,,,
296593936,LT0Q8R4WL1CG1,20260827161_HY_COTMater-TC Trip 2M321:15_21-HNI Thach That 4 Hub+21-HNI Thach That 2 Hub_PU01,,100,27/08/2026 00:00:00,27/08/2026 05:35:01,28/08/2026 10:37:40,,,
296593901,LT0Q8R4WL1BH1,20260827159_HY_COTMater-TC Trip 2M313:30_21-HNI Thach That Hub+21-HNI Thach That 3 Hub+21-HNI Thach That 5 Hub_PU01,,100,27/08/2026 00:00:00,27/08/2026 05:35:00,28/08/2026 02:18:50,,,
296593796,LT0Q8R4WL18K1,20260827154_HY_COTMater-TC Trip 2M321:15_21-HNI Chuong My 2 Hub+21-HNI Chuong My Hub_PU01,,100,27/08/2026 00:00:00,27/08/2026 05:34:57,28/08/2026 10:37:40,,,
296593747,LT0Q8R4WL1771,20260827151_HY_COTMater-TC Trip 2M321:15_21-HNI Thach That 2 Hub_PU01,,100,27/08/2026 00:00:00,27/08/2026 05:34:56,28/08/2026 10:37:40,,,
296593677,LT0Q8R4WL1591,20260827147_HY_COTMater-TC Trip 2M321:15_21-HNI Son Tay Hub+21-HNI Son Tay 2 Hub_PU01,,100,27/08/2026 00:00:00,27/08/2026 05:34:54,28/08/2026 10:37:40,,,
296593656,LT0Q8R4WL14O1,20260827146_HY_COTMater-TC Trip 2M321:15_21-HNI Chuong My Hub_PU01,,100,27/08/2026 00:00:00,27/08/2026 05:34:54,28/08/2026 10:37:39,,,
296593607,LT0Q8R4WL13B1,20260827144_HY_COTMater-TC Trip 2M321:15_21-HNI Quoc Oai Hub_PU01,,100,27/08/2026 00:00:00,27/08/2026 05:34:52,28/08/2026 10:37:39,,,
296593579,LT0Q8R4WL12J1,20260827142_HY_COTMater-TC Trip 2M321:15_21-HNI Phuc Tho Hub+21-HNI Phuc Tho 3 Hub_PU01,,100,27/08/2026 00:00:00,27/08/2026 05:34:52,28/08/2026 10:37:39,,,
296593565,LT0Q8R4WL1251,20260827142_HY_COTMater-TC Trip 2M313:30_20-HNI Tay Ho 4 Hub_PU01,,100,27/08/2026 00:00:00,27/08/2026 05:34:51,28/08/2026 02:18:49,,,
296593537,LT0Q8R4WL11D1,20260827140_HY_COTMater-TC Trip 2M314:00_21-HNI Ba Vi Hub+21-HNI Ba Vi 3 Hub+21-HNI Ba Vi 4 Hub_PU01,,100,27/08/2026 00:00:00,27/08/2026 05:34:51,28/08/2026 03:08:10,,,
296593523,LT0Q8R4WL10Z1,20260827139_HY_COTMater-TC Trip 2M321:15_20-HNI Ha Dong 7 Hub_PU01,,100,27/08/2026 00:00:00,27/08/2026 05:34:50,28/08/2026 10:37:39,,,
296593516,LT0Q8R4WL10S1,20260827139_HY_COTMater-TC Trip 2M313:30_20-HNI Ha Dong 7 Hub_PU01,,100,27/08/2026 00:00:00,27/08/2026 05:34:50,28/08/2026 02:18:49,,,
296593439,LT0Q8R4WL0YN1,20260827135_HY_COTMater-TC Trip 2M313:30_21-HNI Chuong My 2 Hub+21-HNI Chuong My Hub_PU01,,100,27/08/2026 00:00:00,27/08/2026 05:34:48,28/08/2026 02:18:49,,,
296593327,LT0Q8R4WL0VJ1,20260827128_HY_COTMater-TC Trip 2M321:15_21-HNI Ba Vi 2 Hub_PU01,,100,27/08/2026 00:00:00,27/08/2026 05:34:45,28/08/2026 10:37:39,,,
296593110,LT0Q8R4WL0PI1,20260827116_HY_COTMater-TC Trip 2M321:15_21-HNI Dan Phuong 3 Hub+21-HNI Dan Phuong Hub+21-HNI Dan Phuong 2 Hub_PU01,,100,27/08/2026 00:00:00,27/08/2026 05:34:39,28/08/2026 10:37:39,,,
296593103,LT0Q8R4WL0PB1,20260827116_HY_COTMater-TC Trip 2M313:30_21-HNI Dan Phuong 3 Hub+21-HNI Dan Phuong Hub+21-HNI Dan Phuong 2 Hub_PU01,,100,27/08/2026 00:00:00,27/08/2026 05:34:39,28/08/2026 02:18:48,,,
296593061,LT0Q8R4WL0O51,20260827113_HY_COTMater-TC Trip 2M321:30_20-HNI Bac Tu Liem 9 Hub_PU01,,100,27/08/2026 00:00:00,27/08/2026 05:34:38,28/08/2026 10:37:39,,,
296593054,LT0Q8R4WL0NY1,20260827113_HY_COTMater-TC Trip 2M313:30_20-HNI Bac Tu Liem 9 Hub_PU01,,100,27/08/2026 00:00:00,27/08/2026 05:34:38,28/08/2026 02:18:48,,,
296593012,LT0Q8R4WL0MS1,20260827110_HY_COTMater-TC Trip 2M321:15_21-HNI Son Tay 2 Hub_PU01,,100,27/08/2026 00:00:00,27/08/2026 05:34:37,28/08/2026 10:37:39,,,
296592949,LT0Q8R4WL0L11,20260827107_HY_COTMater-TC Trip 2M321:15_AG-21-HNI Phuc Tho Hub_PU01,,100,27/08/2026 00:00:00,27/08/2026 05:34:35,28/08/2026 10:37:38,,,
296592928,LT0Q8R4WL0KG1,20260827106_HY_COTMater-TC Trip 2M321:15_20-HNI Ha Dong 10 Hub_PU01,,100,27/08/2026 00:00:00,27/08/2026 05:34:34,28/08/2026 10:37:38,,,
296592921,LT0Q8R4WL0K91,20260827106_HY_COTMater-TC Trip 2M313:30_20-HNI Ha Dong 10 Hub_PU01,,100,27/08/2026 00:00:00,27/08/2026 05:34:34,28/08/2026 02:18:48,,,
296592879,LT0Q8R4WL0J31,20260827103_HY_COTMater-TC Trip 2M321:15_21-HNI Hoai Duc 4 Hub_PU01,,100,27/08/2026 00:00:00,27/08/2026 05:34:33,28/08/2026 10:37:38,,,
296592872,LT0Q8R4WL0IW1,20260827103_HY_COTMater-TC Trip 2M313:30_21-HNI Hoai Duc 4 Hub_PU01,,100,27/08/2026 00:00:00,27/08/2026 05:34:33,28/08/2026 02:18:48,,,
296592865,LT0Q8R4WL0IP1,20260827102_HY_COTMater-TC Trip 2M313:30_21-HNI Phuc Tho 2 Hub+21-HNI Phuc Tho Hub+21-HNI Phuc Tho 3 Hub_PU01,,100,27/08/2026 00:00:00,27/08/2026 05:34:33,28/08/2026 02:18:47,,,
296592739,LT0Q8R4WL0F71,2026082795_HY_COTMater-TC Trip 2M321:15_21-HNI Ba Vi Hub_PU01,,100,27/08/2026 00:00:00,27/08/2026 05:34:29,28/08/2026 10:37:38,,,
296592158,LT0Q8R4WKZZ21,2026082763_HY_COTMater-TC Trip 2M313:30_20-HNI Ha Dong 6 Hub_PU01,,100,27/08/2026 00:00:00,27/08/2026 05:34:13,28/08/2026 02:18:46,,,
296592151,LT0Q8R4WKZYV1,2026082763_HY_COTMater-TC Trip 2M321:30_20-HNI Thanh Xuan Hub+20-HNI Tu Liem 7 Hub_PU01,,100,27/08/2026 00:00:00,27/08/2026 05:34:13,28/08/2026 10:37:38,,,
296592123,LT0Q8R4WKZY31,2026082761_HY_COTMater-TC Trip 2M321:30_20-HNI Tu Liem 5 Hub+20-HNI Tu Liem 6 Hub_PU01,,100,27/08/2026 00:00:00,27/08/2026 05:34:12,28/08/2026 10:37:38,,,
296592116,LT0Q8R4WKZXW1,2026082761_HY_COTMater-TC Trip 2M314:00_20-HNI Tu Liem 5 Hub+20-HNI Tu Liem 6 Hub_PU01,,100,27/08/2026 00:00:00,27/08/2026 05:34:12,28/08/2026 03:08:08,,,
296592109,LT0Q8R4WKZXP1,2026082760_HY_COTMater-TC Trip 2M321:30_20-HNI Tu Liem 4 Hub+20-HNI Bac Tu Liem 5 Hub_PU01,,100,27/08/2026 00:00:00,27/08/2026 05:34:12,28/08/2026 10:37:37,,,
296592102,LT0Q8R4WKZXI1,2026082760_HY_COTMater-TC Trip 2M314:00_20-HNI Tu Liem 4 Hub+20-HNI Bac Tu Liem 5 Hub_PU01,,100,27/08/2026 00:00:00,27/08/2026 05:34:12,28/08/2026 03:08:08,,,
296592095,LT0Q8R4WKZXB1,2026082759_HY_COTMater-TC Trip 2M321:30_20-HNI Tay Ho 3 Hub_PU01,,100,27/08/2026 00:00:00,27/08/2026 05:34:12,28/08/2026 10:37:37,,,
296592088,LT0Q8R4WKZX41,2026082759_HY_COTMater-TC Trip 2M314:00_20-HNI Tay Ho 3 Hub_PU01,,100,27/08/2026 00:00:00,27/08/2026 05:34:11,28/08/2026 03:08:08,,,
296590058,LT0Q8R4WKYCQ1,20260827318_HY_COTMater-TC1M321:30_20-HNI Thanh Xuan Hub+20-HNI Tu Liem 7 Hub_PU01,,100,27/08/2026 00:00:00,27/08/2026 05:33:15,28/08/2026 10:37:34,,,
296590051,LT0Q8R4WKYCJ1,20260827318_HY_COTMater-TC1M314:00_20-HNI Thanh Xuan Hub+20-HNI Tu Liem 7 Hub_PU01,,100,27/08/2026 00:00:00,27/08/2026 05:33:15,28/08/2026 03:08:00,,,
296590044,LT0Q8R4WKYCC1,20260827317_HY_COTMater-TC1M321:30_20-HNI Cau Giay 7 Hub+20-HNI Cau Giay 8 Hub_PU01,,100,27/08/2026 00:00:00,27/08/2026 05:33:15,28/08/2026 10:37:34,,,
296590037,LT0Q8R4WKYC51,20260827317_HY_COTMater-TC1M313:30_20-HNI Cau Giay 7 Hub+20-HNI Cau Giay 8 Hub_PU01,,100,27/08/2026 00:00:00,27/08/2026 05:33:15,28/08/2026 02:18:42,,,
296589785,LT0Q8R4WKY551,20260827301_HY_COTMater-TC1M321:30_20-HNI Thanh Xuan 4 Hub+20-HNI Thanh Xuan 5 Hub+20-HNI Thanh Xuan 7 Hub_PU01,,100,27/08/2026 00:00:00,27/08/2026 05:33:08,28/08/2026 10:37:34,,,
296589778,LT0Q8R4WKY4Y1,20260827301_HY_COTMater-TC1M313:30_20-HNI Thanh Xuan 4 Hub+20-HNI Thanh Xuan 5 Hub+20-HNI Thanh Xuan 7 Hub_PU01,,100,27/08/2026 00:00:00,27/08/2026 05:33:07,28/08/2026 02:18:42,,,
296589757,LT0Q8R4WKY4D1,20260827298_HY_COTMater-TC1M321:30_20-HNI Tu Liem 3 Hub_PU01,,100,27/08/2026 00:00:00,27/08/2026 05:33:07,28/08/2026 10:37:33,,,
296589750,LT0Q8R4WKY461,20260827298_HY_COTMater-TC1M314:00_20-HNI Tu Liem 3 Hub_PU01,,100,27/08/2026 00:00:00,27/08/2026 05:33:07,28/08/2026 03:08:00,,,
296589743,LT0Q8R4WKY3Z1,20260827297_HY_COTMater-TC1M321:30_20-HNI Thanh Xuan 3 Hub+20-HNI Thanh Xuan 6 Hub_PU01,,100,27/08/2026 00:00:00,27/08/2026 05:33:06,28/08/2026 10:37:33,,,
296589736,LT0Q8R4WKY3S1,20260827297_HY_COTMater-TC1M313:30_20-HNI Thanh Xuan 3 Hub+20-HNI Thanh Xuan 6 Hub_PU01,,100,27/08/2026 00:00:00,27/08/2026 05:33:06,28/08/2026 02:18:42,,,
296589729,LT0Q8R4WKY3L1,20260827296_HY_COTMater-TC1M321:30_20-HNI Cau Giay 3 Hub+20-HNI Cau Giay 5 Hub_PU01,,100,27/08/2026 00:00:00,27/08/2026 05:33:06,28/08/2026 10:37:33,,,
296589722,LT0Q8R4WKY3E1,20260827296_HY_COTMater-TC1M313:30_20-HNI Cau Giay 3 Hub+20-HNI Cau Giay 5 Hub_PU01,,100,27/08/2026 00:00:00,27/08/2026 05:33:06,28/08/2026 02:18:42,,,
296588476,LT0Q8R4WKX4S1,20260827227_HY_COTMater-TC1M321:30_20-HNI Cau Giay Hub+20-HNI Cau Giay 2 Hub_PU01,,100,27/08/2026 00:00:00,27/08/2026 05:32:33,28/08/2026 10:37:31,,,
296588469,LT0Q8R4WKX4L1,20260827227_HY_COTMater-TC1M314:00_20-HNI Cau Giay Hub+20-HNI Cau Giay 2 Hub_PU01,,100,27/08/2026 00:00:00,27/08/2026 05:32:33,28/08/2026 03:07:56,,,
296588098,LT0Q8R4WKWUA1,20260827207_HY_COTMater-TC1M321:15_21-HNI Hoai Duc 7 Hub_PU01,,100,27/08/2026 00:00:00,27/08/2026 05:32:23,28/08/2026 10:37:31,,,
296588091,LT0Q8R4WKWU31,20260827207_HY_COTMater-TC1M313:30_21-HNI Hoai Duc 7 Hub_PU01,,100,27/08/2026 00:00:00,27/08/2026 05:32:23,28/08/2026 02:18:38,,,
296588084,LT0Q8R4WKWTW1,20260827206_HY_COTMater-TC1M321:15_21-HNI Hoai Duc 5 Hub_PU01,,100,27/08/2026 00:00:00,27/08/2026 05:32:23,28/08/2026 10:37:31,,,
296588077,LT0Q8R4WKWTP1,20260827206_HY_COTMater-TC1M313:30_21-HNI Hoai Duc 5 Hub_PU01,,100,27/08/2026 00:00:00,27/08/2026 05:32:23,28/08/2026 02:18:38,,,
296588070,LT0Q8R4WKWTI1,20260827205_HY_COTMater-TC1M321:15_21-HNI Hoai Duc 2 Hub_PU01,,100,27/08/2026 00:00:00,27/08/2026 05:32:22,28/08/2026 10:37:31,,,
296588063,LT0Q8R4WKWTB1,20260827205_HY_COTMater-TC1M313:30_21-HNI Hoai Duc 2 Hub_PU01,,100,27/08/2026 00:00:00,27/08/2026 05:32:22,28/08/2026 02:18:38,,,
296588056,LT0Q8R4WKWT41,20260827204_HY_COTMater-TC1M321:15_20-HNI Ha Dong 2 Hub+20-HNI Ha Dong 12 Hub_PU01,,100,27/08/2026 00:00:00,27/08/2026 05:32:22,28/08/2026 10:37:31,,,
296588049,LT0Q8R4WKWSX1,20260827204_HY_COTMater-TC1M313:30_20-HNI Ha Dong 2 Hub+20-HNI Ha Dong 12 Hub_PU01,,100,27/08/2026 00:00:00,27/08/2026 05:32:22,28/08/2026 02:18:38,,,
296588042,LT0Q8R4WKWSQ1,20260827203_HY_COTMater-TC1M321:15_21-HNI Hoai Duc Hub_PU01,,100,27/08/2026 00:00:00,27/08/2026 05:32:22,28/08/2026 10:37:31,,,
296588035,LT0Q8R4WKWSJ1,20260827203_HY_COTMater-TC1M313:30_21-HNI Hoai Duc Hub_PU01,,100,27/08/2026 00:00:00,27/08/2026 05:32:21,28/08/2026 02:18:38,,,
296588028,LT0Q8R4WKWSC1,20260827202_HY_COTMater-TC1M321:15_21-HNI Hoai Duc 6 Hub_PU01,,100,27/08/2026 00:00:00,27/08/2026 05:32:21,28/08/2026 10:37:31,,,
296588021,LT0Q8R4WKWS51,20260827202_HY_COTMater-TC1M313:30_21-HNI Hoai Duc 6 Hub_PU01,,100,27/08/2026 00:00:00,27/08/2026 05:32:21,28/08/2026 02:18:38,,,
296588014,LT0Q8R4WKWRY1,20260827201_HY_COTMater-TC1M321:15_20-HNI Cau Giay 4 Hub+20-HNI Cau Giay 6 Hub_PU01,,100,27/08/2026 00:00:00,27/08/2026 05:32:21,28/08/2026 10:37:30,,,
296588007,LT0Q8R4WKWRR1,20260827201_HY_COTMater-TC1M313:30_20-HNI Cau Giay 4 Hub+20-HNI Cau Giay 6 Hub_PU01,,100,27/08/2026 00:00:00,27/08/2026 05:32:21,28/08/2026 02:18:38,,,
296588000,LT0Q8R4WKWRK1,20260827200_HY_COTMater-TC1M321:15_20-HNI Ha Dong 5 Hub_PU01,,100,27/08/2026 00:00:00,27/08/2026 05:32:21,28/08/2026 10:37:30,,,
296587993,LT0Q8R4WKWRD1,20260827200_HY_COTMater-TC1M313:30_20-HNI Ha Dong 5 Hub_PU01,,100,27/08/2026 00:00:00,27/08/2026 05:32:20,28/08/2026 02:18:38,,,
296587986,LT0Q8R4WKWR61,20260827199_HY_COTMater-TC1M321:15_20-HNI Tay Ho 4 Hub+20-HNI Tay Ho 6 Hub_PU01,,100,27/08/2026 00:00:00,27/08/2026 05:32:20,28/08/2026 10:37:30,,,
296587972,LT0Q8R4WKWQS1,20260827198_HY_COTMater-TC1M321:15_20-HNI Bac Tu Liem 4 Hub+20-HNI Bac Tu Liem 8 Hub_PU01,,100,27/08/2026 00:00:00,27/08/2026 05:32:20,28/08/2026 10:37:30,,,
296587965,LT0Q8R4WKWQL1,20260827198_HY_COTMater-TC1M313:30_20-HNI Bac Tu Liem 4 Hub+20-HNI Bac Tu Liem 8 Hub_PU01,,100,27/08/2026 00:00:00,27/08/2026 05:32:20,28/08/2026 02:18:37,,,
296587958,LT0Q8R4WKWQE1,20260827197_HY_COTMater-TC1M321:15_20-HNI Bac Tu Liem 6 Hub+20-HNI Bac Tu Liem 7 Hub_PU01,,100,27/08/2026 00:00:00,27/08/2026 05:32:19,28/08/2026 10:37:30,,,
296587951,LT0Q8R4WKWQ71,20260827197_HY_COTMater-TC1M313:30_20-HNI Bac Tu Liem 6 Hub+20-HNI Bac Tu Liem 7 Hub_PU01,,100,27/08/2026 00:00:00,27/08/2026 05:32:19,28/08/2026 02:18:37,,,
296587944,LT0Q8R4WKWQ01,20260827196_HY_COTMater-TC1M321:15_20-HNI Tay Ho 2 Hub+20-HNI Tay Ho 5 Hub_PU01,29E-791.53,90,27/08/2026 00:00:00,27/08/2026 05:32:19,28/08/2026 00:03:07,27/08/2026 21:46:18,27/08/2026 22:07:34,SEQ 1 - 20-HNI Tay Ho 2 Hub (1201) - 27/08/2026 21:46:18 | SEQ 2 - 20-HNI Tay Ho 5 Hub (2248) - 27/08/2026 22:07:34
296587937,LT0Q8R4WKWPT1,20260827196_HY_COTMater-TC1M313:30_20-HNI Tay Ho 2 Hub+20-HNI Tay Ho 5 Hub_PU01,,100,27/08/2026 00:00:00,27/08/2026 05:32:19,28/08/2026 02:18:37,,,
296587930,LT0Q8R4WKWPM1,20260827195_HY_COTMater-TC1M321:15_20-HNI Ha Dong 4 Hub+20-HNI Ha Dong 9 Hub_PU01,,100,27/08/2026 00:00:00,27/08/2026 05:32:19,28/08/2026 10:37:30,,,
296587923,LT0Q8R4WKWPF1,20260827195_HY_COTMater-TC1M313:30_20-HNI Ha Dong 4 Hub+20-HNI Ha Dong 9 Hub_PU01,,100,27/08/2026 00:00:00,27/08/2026 05:32:19,28/08/2026 02:18:37,,,
296587916,LT0Q8R4WKWP81,20260827194_HY_COTMater-TC1M321:15_20-HNI Ha Dong 3 Hub_PU01,,100,27/08/2026 00:00:00,27/08/2026 05:32:18,28/08/2026 10:37:30,,,
296587909,LT0Q8R4WKWP11,20260827194_HY_COTMater-TC1M313:30_20-HNI Ha Dong 3 Hub_PU01,,100,27/08/2026 00:00:00,27/08/2026 05:32:18,28/08/2026 02:18:37,,,
296587902,LT0Q8R4WKWOU1,20260827193_HY_COTMater-TC1M321:15_20-HNI Ha Dong 13 Hub_PU01,,100,27/08/2026 00:00:00,27/08/2026 05:32:18,28/08/2026 10:37:29,,,
296587895,LT0Q8R4WKWON1,20260827193_HY_COTMater-TC1M313:30_20-HNI Ha Dong 13 Hub_PU01,,100,27/08/2026 00:00:00,27/08/2026 05:32:18,28/08/2026 02:18:37,,,
296587888,LT0Q8R4WKWOG1,20260827192_HY_COTMater-TC1M321:15_20-HNI Ha Dong 8 Hub+20-HNI Ha Dong 14 Hub_PU01,,100,27/08/2026 00:00:00,27/08/2026 05:32:17,28/08/2026 10:37:29,,,
296587881,LT0Q8R4WKWO91,20260827192_HY_COTMater-TC1M313:30_20-HNI Ha Dong 8 Hub+20-HNI Ha Dong 14 Hub_PU01,,100,27/08/2026 00:00:00,27/08/2026 05:32:17,28/08/2026 02:18:37,,,
296587874,LT0Q8R4WKWO21,20260827191_HY_COTMater-TC1M321:15_20-HNI Ha Dong 11 Hub_PU01,,100,27/08/2026 00:00:00,27/08/2026 05:32:17,28/08/2026 10:37:29,,,
296587867,LT0Q8R4WKWNV1,20260827191_HY_COTMater-TC1M313:30_20-HNI Ha Dong 11 Hub_PU01,,100,27/08/2026 00:00:00,27/08/2026 05:32:17,28/08/2026 02:18:37,,,
296587860,LT0Q8R4WKWNO1,20260827190_HY_COTMater-TC1M321:15_20-HNI Bac Tu Liem 2 Hub_PU01,,100,27/08/2026 00:00:00,27/08/2026 05:32:17,28/08/2026 10:37:29,,,
296587853,LT0Q8R4WKWNH1,20260827190_HY_COTMater-TC1M313:30_20-HNI Bac Tu Liem 2 Hub_PU01,,100,27/08/2026 00:00:00,27/08/2026 05:32:17,28/08/2026 02:18:36,,,
296587846,LT0Q8R4WKWNA1,20260827189_HY_COTMater-TC1M321:15_20-HNI Bac Tu Liem 3 Hub_PU01,,100,27/08/2026 00:00:00,27/08/2026 05:32:16,28/08/2026 10:37:29,,,
296587839,LT0Q8R4WKWN31,20260827189_HY_COTMater-TC1M313:30_20-HNI Bac Tu Liem 3 Hub_PU01,,100,27/08/2026 00:00:00,27/08/2026 05:32:16,28/08/2026 02:18:36,,,
296587790,LT0Q8R4WKWLQ1,20260827186_HY_COTMater-TC1M321:15_21-HNI Phuc Tho 2 Hub_PU01,,100,27/08/2026 00:00:00,27/08/2026 05:32:15,28/08/2026 10:37:29,,,
296587769,LT0Q8R4WKWL51,20260827185_HY_COTMater-TC1M321:15_21-HNI Chuong My 3 Hub+21-HNI Chuong My 4 Hub_PU01,,100,27/08/2026 00:00:00,27/08/2026 05:32:14,28/08/2026 10:37:29,,,
296587748,LT0Q8R4WKWKK1,20260827184_HY_COTMater-TC1M313:30_21-HNI Chuong My 3 Hub+21-HNI Chuong My 4 Hub_PU01,,100,27/08/2026 00:00:00,27/08/2026 05:32:14,28/08/2026 02:18:36,,,
296587699,LT0Q8R4WKWJ71,20260827182_HY_COTMater-TC1M313:30_21-HNI Son Tay Hub+21-HNI Son Tay 2 Hub_PU01,,100,27/08/2026 00:00:00,27/08/2026 05:32:13,28/08/2026 02:18:36,,,
296587692,LT0Q8R4WKWJ01,20260827181_HY_COTMater-TC1M321:15_21-HNI Quoc Oai 4 Hub_PU01,,100,27/08/2026 00:00:00,27/08/2026 05:32:12,28/08/2026 10:37:29,,,
296587678,LT0Q8R4WKWIM1,20260827180_HY_COTMater-TC1M321:30_20-HNI Ha Dong 6 Hub_PU01,,100,27/08/2026 00:00:00,27/08/2026 05:32:12,28/08/2026 10:37:28,,,
296587594,LT0Q8R4WKWGA1,20260827175_HY_COTMater-TC1M321:15_20-HNI Tu Liem 2 Hub_PU01,,100,27/08/2026 00:00:00,27/08/2026 05:32:10,28/08/2026 10:37:28,,,
296587587,LT0Q8R4WKWG31,20260827175_HY_COTMater-TC1M313:30_20-HNI Tu Liem 2 Hub_PU01,,100,27/08/2026 00:00:00,27/08/2026 05:32:09,28/08/2026 02:18:36,,,
296587524,LT0Q8R4WKWEC1,20260827171_HY_COTMater-TC1M321:30_20-HNI Ha Dong 10 Hub_PU01,,100,27/08/2026 00:00:00,27/08/2026 05:32:08,28/08/2026 10:37:28,,,
296587475,LT0Q8R4WKWCZ1,20260827168_HY_COTMater-TC1M321:15_21-HNI Hoai Duc 3 Hub_PU01,,100,27/08/2026 00:00:00,27/08/2026 05:32:07,28/08/2026 10:37:28,,,
296587468,LT0Q8R4WKWCS1,20260827168_HY_COTMater-TC1M313:30_21-HNI Hoai Duc 3 Hub_PU01,,100,27/08/2026 00:00:00,27/08/2026 05:32:06,28/08/2026 02:18:35,,,
296587461,LT0Q8R4WKWCL1,20260827167_HY_COTMater-TC1M321:15_21-HNI Ba Vi 3 Hub+21-HNI Ba Vi 4 Hub_PU01,,100,27/08/2026 00:00:00,27/08/2026 05:32:06,28/08/2026 10:37:28,,,
296587440,LT0Q8R4WKWC01,20260827166_HY_COTMater-TC1M321:15_21-HNI Quoc Oai 2 Hub_PU01,,100,27/08/2026 00:00:00,27/08/2026 05:32:06,28/08/2026 10:37:28,,,
296587419,LT0Q8R4WKWBF1,20260827165_HY_COTMater-TC1M321:15_21-HNI Thach That 3 Hub_PU01,,100,27/08/2026 00:00:00,27/08/2026 05:32:05,28/08/2026 10:37:28,,,
296587356,LT0Q8R4WKW9O1,20260827161_HY_COTMater-TC1M321:15_21-HNI Thach That 4 Hub+21-HNI Thach That 2 Hub_PU01,,100,27/08/2026 00:00:00,27/08/2026 05:32:03,28/08/2026 10:37:28,,,
296587321,LT0Q8R4WKW8P1,20260827159_HY_COTMater-TC1M313:30_21-HNI Thach That Hub+21-HNI Thach That 3 Hub+21-HNI Thach That 5 Hub_PU01,,100,27/08/2026 00:00:00,27/08/2026 05:32:03,28/08/2026 02:18:35,,,
296587216,LT0Q8R4WKW5S1,20260827154_HY_COTMater-TC1M321:15_21-HNI Chuong My 2 Hub+21-HNI Chuong My Hub_PU01,,100,27/08/2026 00:00:00,27/08/2026 05:32:00,28/08/2026 10:37:27,,,
296587167,LT0Q8R4WKW4F1,20260827151_HY_COTMater-TC1M321:15_21-HNI Thach That 2 Hub_PU01,,100,27/08/2026 00:00:00,27/08/2026 05:31:59,28/08/2026 10:37:27,,,
296587097,LT0Q8R4WKW2H1,20260827147_HY_COTMater-TC1M321:15_21-HNI Son Tay Hub+21-HNI Son Tay 2 Hub_PU01,,100,27/08/2026 00:00:00,27/08/2026 05:31:57,28/08/2026 10:37:27,,,
296587076,LT0Q8R4WKW1W1,20260827146_HY_COTMater-TC1M321:15_21-HNI Chuong My Hub_PU01,,100,27/08/2026 00:00:00,27/08/2026 05:31:56,28/08/2026 10:37:27,,,
296587027,LT0Q8R4WKW0J1,20260827144_HY_COTMater-TC1M321:15_21-HNI Quoc Oai Hub_PU01,,100,27/08/2026 00:00:00,27/08/2026 05:31:54,28/08/2026 10:37:27,,,
296586999,LT0Q8R4WKVZR1,20260827142_HY_COTMater-TC1M321:15_21-HNI Phuc Tho Hub+21-HNI Phuc Tho 3 Hub_PU01,,100,27/08/2026 00:00:00,27/08/2026 05:31:53,28/08/2026 10:37:27,,,
296586985,LT0Q8R4WKVZD1,20260827142_HY_COTMater-TC1M313:30_20-HNI Tay Ho 4 Hub_PU01,,100,27/08/2026 00:00:00,27/08/2026 05:31:52,28/08/2026 02:18:34,,,
296586957,LT0Q8R4WKVYL1,20260827140_HY_COTMater-TC1M314:00_21-HNI Ba Vi Hub+21-HNI Ba Vi 3 Hub+21-HNI Ba Vi 4 Hub_PU01,,100,27/08/2026 00:00:00,27/08/2026 05:31:52,28/08/2026 03:07:52,,,
296586943,LT0Q8R4WKVY71,20260827139_HY_COTMater-TC1M321:15_20-HNI Ha Dong 7 Hub_PU01,,100,27/08/2026 00:00:00,27/08/2026 05:31:51,28/08/2026 10:37:27,,,
296586936,LT0Q8R4WKVY01,20260827139_HY_COTMater-TC1M313:30_20-HNI Ha Dong 7 Hub_PU01,,100,27/08/2026 00:00:00,27/08/2026 05:31:51,28/08/2026 02:18:34,,,
296586859,LT0Q8R4WKVVV1,20260827135_HY_COTMater-TC1M313:30_21-HNI Chuong My 2 Hub+21-HNI Chuong My Hub_PU01,,100,27/08/2026 00:00:00,27/08/2026 05:31:49,28/08/2026 02:18:34,,,
296586747,LT0Q8R4WKVSR1,20260827128_HY_COTMater-TC1M321:15_21-HNI Ba Vi 2 Hub_PU01,,100,27/08/2026 00:00:00,27/08/2026 05:31:46,28/08/2026 10:37:26,,,
296586530,LT0Q8R4WKVMQ1,20260827116_HY_COTMater-TC1M321:15_21-HNI Dan Phuong 3 Hub+21-HNI Dan Phuong Hub+21-HNI Dan Phuong 2 Hub_PU01,,100,27/08/2026 00:00:00,27/08/2026 05:31:40,28/08/2026 10:37:26,,,
296586523,LT0Q8R4WKVMJ1,20260827116_HY_COTMater-TC1M313:30_21-HNI Dan Phuong 3 Hub+21-HNI Dan Phuong Hub+21-HNI Dan Phuong 2 Hub_PU01,,100,27/08/2026 00:00:00,27/08/2026 05:31:40,28/08/2026 02:18:33,,,
296586481,LT0Q8R4WKVLD1,20260827113_HY_COTMater-TC1M321:30_20-HNI Bac Tu Liem 9 Hub_PU01,,100,27/08/2026 00:00:00,27/08/2026 05:31:39,28/08/2026 10:37:26,,,
296586474,LT0Q8R4WKVL61,20260827113_HY_COTMater-TC1M313:30_20-HNI Bac Tu Liem 9 Hub_PU01,,100,27/08/2026 00:00:00,27/08/2026 05:31:39,28/08/2026 02:18:33,,,
296586432,LT0Q8R4WKVK01,20260827110_HY_COTMater-TC1M321:15_21-HNI Son Tay 2 Hub_PU01,,100,27/08/2026 00:00:00,27/08/2026 05:31:38,28/08/2026 10:37:26,,,
296586369,LT0Q8R4WKVI91,20260827107_HY_COTMater-TC1M321:15_AG-21-HNI Phuc Tho Hub_PU01,,100,27/08/2026 00:00:00,27/08/2026 05:31:36,28/08/2026 10:37:26,,,
296586348,LT0Q8R4WKVHO1,20260827106_HY_COTMater-TC1M321:15_20-HNI Ha Dong 10 Hub_PU01,,100,27/08/2026 00:00:00,27/08/2026 05:31:35,28/08/2026 10:37:26,,,
296586341,LT0Q8R4WKVHH1,20260827106_HY_COTMater-TC1M313:30_20-HNI Ha Dong 10 Hub_PU01,,100,27/08/2026 00:00:00,27/08/2026 05:31:35,28/08/2026 02:18:33,,,
296586299,LT0Q8R4WKVGB1,20260827103_HY_COTMater-TC1M321:15_21-HNI Hoai Duc 4 Hub_PU01,,100,27/08/2026 00:00:00,27/08/2026 05:31:34,28/08/2026 10:37:26,,,
296586292,LT0Q8R4WKVG41,20260827103_HY_COTMater-TC1M313:30_21-HNI Hoai Duc 4 Hub_PU01,,100,27/08/2026 00:00:00,27/08/2026 05:31:34,28/08/2026 02:18:33,,,
296586285,LT0Q8R4WKVFX1,20260827102_HY_COTMater-TC1M313:30_21-HNI Phuc Tho 2 Hub+21-HNI Phuc Tho Hub+21-HNI Phuc Tho 3 Hub_PU01,,100,27/08/2026 00:00:00,27/08/2026 05:31:34,28/08/2026 02:18:33,,,
296586159,LT0Q8R4WKVCF1,2026082795_HY_COTMater-TC1M321:15_21-HNI Ba Vi Hub_PU01,,100,27/08/2026 00:00:00,27/08/2026 05:31:30,28/08/2026 10:37:26,,,
296585578,LT0Q8R4WKUWA1,2026082763_HY_COTMater-TC1M313:30_20-HNI Ha Dong 6 Hub_PU01,,100,27/08/2026 00:00:00,27/08/2026 05:31:12,28/08/2026 02:18:31,,,
296585571,LT0Q8R4WKUW31,2026082763_HY_COTMater-TC1M321:30_20-HNI Thanh Xuan Hub+20-HNI Tu Liem 7 Hub_PU01,,100,27/08/2026 00:00:00,27/08/2026 05:31:11,28/08/2026 10:37:25,,,
296585543,LT0Q8R4WKUVB1,2026082761_HY_COTMater-TC1M321:30_20-HNI Tu Liem 5 Hub+20-HNI Tu Liem 6 Hub_PU01,,100,27/08/2026 00:00:00,27/08/2026 05:31:11,28/08/2026 10:37:25,,,
296585536,LT0Q8R4WKUV41,2026082761_HY_COTMater-TC1M314:00_20-HNI Tu Liem 5 Hub+20-HNI Tu Liem 6 Hub_PU01,,100,27/08/2026 00:00:00,27/08/2026 05:31:10,28/08/2026 03:07:50,,,
296585529,LT0Q8R4WKUUX1,2026082760_HY_COTMater-TC1M321:30_20-HNI Tu Liem 4 Hub+20-HNI Bac Tu Liem 5 Hub_PU01,,100,27/08/2026 00:00:00,27/08/2026 05:31:10,28/08/2026 10:37:25,,,
296585522,LT0Q8R4WKUUQ1,2026082760_HY_COTMater-TC1M314:00_20-HNI Tu Liem 4 Hub+20-HNI Bac Tu Liem 5 Hub_PU01,,100,27/08/2026 00:00:00,27/08/2026 05:31:10,28/08/2026 03:07:50,,,
296585515,LT0Q8R4WKUUJ1,2026082759_HY_COTMater-TC1M321:30_20-HNI Tay Ho 3 Hub_PU01,,100,27/08/2026 00:00:00,27/08/2026 05:31:10,28/08/2026 10:37:25,,,
296585508,LT0Q8R4WKUUC1,2026082759_HY_COTMater-TC1M314:00_20-HNI Tay Ho 3 Hub_PU01,,100,27/08/2026 00:00:00,27/08/2026 05:31:10,28/08/2026 03:07:49,,,
296368656,LT0Q8R4WG7IO1,20260827hungyen_COT14:00_da83 201,,100,27/08/2026 00:00:00,25/08/2026 14:00:18,28/08/2026 02:18:11,,,
296368642,LT0Q8R4WG7IA1,20260827hungyen_COT14:00_da8301,,100,27/08/2026 00:00:00,25/08/2026 14:00:17,28/08/2026 02:18:11,,,
296136368,LT0Q8R4WB8A81,20260827Hung Yen SOC_COT21:00_20-HNIGia Lam 1 6 101,,100,27/08/2026 00:00:00,23/08/2026 15:10:23,28/08/2026 10:31:38,,,
296136361,LT0Q8R4WB8A11,20260827Hung Yen SOC_COT21:00_20-HNIGia Lam 1 601,,100,27/08/2026 00:00:00,23/08/2026 15:10:23,28/08/2026 10:31:38,,,
296136291,LT0Q8R4WB8831,20260827Hung Yen SOC_COT21:00_20-HNI Long Bien 5 Hub+20-HNI Long Bien 3 Hub_PU STT 208 101,,100,27/08/2026 00:00:00,23/08/2026 15:10:21,28/08/2026 10:31:38,,,
296136284,LT0Q8R4WB87W1,20260827Hung Yen SOC_COT21:00_20-HNI Long Bien 5 Hub+20-HNI Long Bien 3 Hub_PU STT 20801,,100,27/08/2026 00:00:00,23/08/2026 15:10:21,28/08/2026 10:31:37,,,
296028490,LT0Q8R4W8X1M1,20260827HPL1T9COT 1 HY SOC-Văn Lâm 4-Văn Lâm 2-BN B SOC 04:0001,29H-713.71,90,27/08/2026 00:00:00,22/08/2026 12:41:26,28/08/2026 23:40:12,27/08/2026 03:09:28,27/08/2026 03:09:28,SEQ 1 - Hung Yen SOC (3909) - 27/08/2026 03:09:28
296028483,LT0Q8R4W8X1F1,20260827HPL5TCOT 1 HY SOC-Khoái Châu 2-Khoái Châu-BN B SOC 04:0001,29E-687.40,90,27/08/2026 00:00:00,22/08/2026 12:41:25,28/08/2026 23:40:12,27/08/2026 03:32:17,27/08/2026 03:32:17,SEQ 1 - Hung Yen SOC (3909) - 27/08/2026 03:32:17
296028469,LT0Q8R4W8X111,20260827HPL1T9COT 1 HY SOC-Mỹ Hào 3-Mỹ Hào 2-BN B SOC 04:0001,29E-332.70,90,27/08/2026 00:00:00,22/08/2026 12:41:25,28/08/2026 23:40:12,27/08/2026 02:38:00,27/08/2026 02:38:00,SEQ 1 - Hung Yen SOC (3909) - 27/08/2026 02:38:00
296028455,LT0Q8R4W8X0N1,20260827A Dong5TCOT 1 HY SOC-Yên Mỹ-Yên Mỹ 2-BN B SOC 04:0001,89H-000.45,90,27/08/2026 00:00:00,22/08/2026 12:41:25,28/08/2026 23:40:12,27/08/2026 03:39:20,27/08/2026 03:39:20,SEQ 1 - Hung Yen SOC (3909) - 27/08/2026 03:39:20
296028441,LT0Q8R4W8X091,20260827SPX5TCOT 1 HY SOC-Văn Giang-Khoái Châu 3-BN B SOC 04:0001,29H-805.33,90,27/08/2026 00:00:00,22/08/2026 12:41:24,28/08/2026 23:40:11,27/08/2026 02:40:26,27/08/2026 02:40:26,SEQ 1 - Hung Yen SOC (3909) - 27/08/2026 02:40:26
296028427,LT0Q8R4W8WZV1,20260827HPL5TCOT 1 HY SOC-Văn Giang 3-Yên Mỹ 3-BN B SOC 04:0001,29H-987.41,90,27/08/2026 00:00:00,22/08/2026 12:41:24,28/08/2026 23:40:11,27/08/2026 02:06:57,27/08/2026 02:06:57,SEQ 1 - Hung Yen SOC (3909) - 27/08/2026 02:06:57
296028420,LT0Q8R4W8WZO1,20260827SPX5TCOT 1 HY SOC-Tiên Lữ-Phù Cừ-BN B SOC 04:0001,29E-297.12,90,27/08/2026 00:00:00,22/08/2026 12:41:23,28/08/2026 23:40:11,27/08/2026 03:32:55,27/08/2026 03:32:55,SEQ 1 - Hung Yen SOC (3909) - 27/08/2026 03:32:55
296028406,LT0Q8R4W8WZA1,20260827A Dong1T9COT 1 HY SOC-Ân Thi-BN B SOC 04:0001,29E-569.21,90,27/08/2026 00:00:00,22/08/2026 12:41:23,28/08/2026 05:11:52,27/08/2026 04:58:09,27/08/2026 04:58:09,SEQ 1 - Hung Yen SOC (3909) - 27/08/2026 04:58:09
295910107,LT0Q8R4W6DP71,202608271188_HY_COT22:00_HNSPC-Trung tam dien tu tin hoc QH_PU TC501,,100,27/08/2026 00:00:00,21/08/2026 10:19:14,28/08/2026 11:13:24,,,
295910100,LT0Q8R4W6DP01,202608271187_HY_COT22:00_HNSPC-Thuc pham sach Ngoc Han_PU TC501,,100,27/08/2026 00:00:00,21/08/2026 10:19:14,28/08/2026 11:13:24,,,
295910093,LT0Q8R4W6DOT1,202608271186_HY_COT22:00_HNSPC-Thuc Pham Sach KALE FARM_PU TC501,,100,27/08/2026 00:00:00,21/08/2026 10:19:13,28/08/2026 11:13:24,,,
295910086,LT0Q8R4W6DOM1,202608271185_HY_COT22:00_HNSPC-Store 2T_PU TC501,,100,27/08/2026 00:00:00,21/08/2026 10:19:13,28/08/2026 11:13:24,,,
295910079,LT0Q8R4W6DOF1,202608271184_HY_COT22:00_HNSPC-Phu kien dien thoai Manh Anh_PU TC501,,100,27/08/2026 00:00:00,21/08/2026 10:19:13,28/08/2026 11:13:24,,,
295910072,LT0Q8R4W6DO81,202608271183_HY_COT22:00_HNSPC-Phong ve Bac Viet_PU TC501,,100,27/08/2026 00:00:00,21/08/2026 10:19:12,28/08/2026 11:13:24,,,
295910065,LT0Q8R4W6DO11,202608271182_HY_COT22:00_HNSPC-Mon Pet Shop_PU TC501,,100,27/08/2026 00:00:00,21/08/2026 10:19:12,28/08/2026 11:13:23,,,
295910058,LT0Q8R4W6DNU1,202608271181_HY_COT22:00_HNSPC-Mini Mart_PU TC501,,100,27/08/2026 00:00:00,21/08/2026 10:19:12,28/08/2026 11:13:23,,,
295910051,LT0Q8R4W6DNN1,202608271180_HY_COT22:00_HNSPC-Kiwi Store_PU TC501,,100,27/08/2026 00:00:00,21/08/2026 10:19:12,28/08/2026 11:13:23,,,
295910044,LT0Q8R4W6DNG1,202608271179_HY_COT22:00_HNSPC-HOAI THUONG SHOP_PU TC501,,100,27/08/2026 00:00:00,21/08/2026 10:19:11,28/08/2026 11:13:23,,,
295910037,LT0Q8R4W6DN91,202608271178_HY_COT22:00_HNSPC-Cua hang tien loi HT Mart_PU TC501,,100,27/08/2026 00:00:00,21/08/2026 10:19:11,28/08/2026 11:13:23,,,
295910030,LT0Q8R4W6DN21,202608271177_HY_COT22:00_HNSPC-Cafe So_PU TC501,,100,27/08/2026 00:00:00,21/08/2026 10:19:11,28/08/2026 11:13:23,,,
295910023,LT0Q8R4W6DMV1,202608271176_HY_COT22:00_HNSPC-BOO MART_PU TC501,,100,27/08/2026 00:00:00,21/08/2026 10:19:11,28/08/2026 11:13:23,,,
295910016,LT0Q8R4W6DMO1,202608271175_HY_COT22:00_HNSPC-Anh Quan Mobile_PU TC501,,100,27/08/2026 00:00:00,21/08/2026 10:19:11,28/08/2026 11:13:23,,,
295910009,LT0Q8R4W6DMH1,202608271174_HY_COT22:00_HNSPC - Sieu thi Euro Mart_PU TC501,,100,27/08/2026 00:00:00,21/08/2026 10:19:10,28/08/2026 11:13:22,,,
295910002,LT0Q8R4W6DMA1,202608271173_HY_COT22:00_AG-21-HNI Phuc Tho Hub_PU TC501,,100,27/08/2026 00:00:00,21/08/2026 10:19:10,28/08/2026 11:13:22,,,
295909995,LT0Q8R4W6DM31,202608271172_HY_COT22:00_21-HNI Thach That Hub_PU TC501,,100,27/08/2026 00:00:00,21/08/2026 10:19:10,28/08/2026 11:13:22,,,
295909988,LT0Q8R4W6DLW1,202608271171_HY_COT22:00_21-HNI Thach That 5 Hub_PU TC501,,100,27/08/2026 00:00:00,21/08/2026 10:19:10,28/08/2026 11:13:22,,,
295909981,LT0Q8R4W6DLP1,202608271170_HY_COT22:00_21-HNI Thach That 4 Hub_PU TC501,,100,27/08/2026 00:00:00,21/08/2026 10:19:10,28/08/2026 11:13:22,,,
295909974,LT0Q8R4W6DLI1,202608271169_HY_COT22:00_21-HNI Thach That 3 Hub_PU TC501,,100,27/08/2026 00:00:00,21/08/2026 10:19:09,28/08/2026 11:13:22,,,
295909967,LT0Q8R4W6DLB1,202608271168_HY_COT22:00_21-HNI Thach That 2 Hub_PU TC501,,100,27/08/2026 00:00:00,21/08/2026 10:19:09,28/08/2026 11:13:22,,,
295909960,LT0Q8R4W6DL41,202608271167_HY_COT22:00_21-HNI Son Tay Hub_PU TC501,,100,27/08/2026 00:00:00,21/08/2026 10:19:09,28/08/2026 11:13:21,,,
295909953,LT0Q8R4W6DKX1,202608271166_HY_COT22:00_21-HNI Son Tay 3 Hub_PU TC501,,100,27/08/2026 00:00:00,21/08/2026 10:19:09,28/08/2026 11:13:21,,,
295909946,LT0Q8R4W6DKQ1,202608271165_HY_COT22:00_21-HNI Son Tay 2 Hub_PU TC501,,100,27/08/2026 00:00:00,21/08/2026 10:19:08,28/08/2026 11:13:21,,,
295909939,LT0Q8R4W6DKJ1,202608271164_HY_COT22:00_21-HNI Quoc Oai Hub_PU TC501,,100,27/08/2026 00:00:00,21/08/2026 10:19:08,28/08/2026 11:13:21,,,
295909932,LT0Q8R4W6DKC1,202608271163_HY_COT22:00_21-HNI Quoc Oai 4 Hub_PU TC501,,100,27/08/2026 00:00:00,21/08/2026 10:19:08,28/08/2026 11:13:21,,,
295909925,LT0Q8R4W6DK51,202608271162_HY_COT22:00_21-HNI Quoc Oai 3 Hub_PU TC501,,100,27/08/2026 00:00:00,21/08/2026 10:19:08,28/08/2026 11:13:21,,,
295909918,LT0Q8R4W6DJY1,202608271161_HY_COT22:00_21-HNI Quoc Oai 2 Hub_PU TC501,,100,27/08/2026 00:00:00,21/08/2026 10:19:08,28/08/2026 11:13:21,,,
295909911,LT0Q8R4W6DJR1,202608271160_HY_COT22:00_21-HNI Phuc Tho Hub_PU TC501,,100,27/08/2026 00:00:00,21/08/2026 10:19:07,28/08/2026 11:13:21,,,
295909904,LT0Q8R4W6DJK1,202608271159_HY_COT22:00_21-HNI Phuc Tho 3 Hub_PU TC501,,100,27/08/2026 00:00:00,21/08/2026 10:19:07,28/08/2026 11:13:20,,,
295909897,LT0Q8R4W6DJD1,202608271158_HY_COT22:00_21-HNI Phuc Tho 2 Hub_PU TC501,,100,27/08/2026 00:00:00,21/08/2026 10:19:06,28/08/2026 11:13:20,,,
295909890,LT0Q8R4W6DJ61,202608271157_HY_COT22:00_21-HNI Hoai Duc Hub_PU TC501,,100,27/08/2026 00:00:00,21/08/2026 10:19:06,28/08/2026 11:13:20,,,
295909883,LT0Q8R4W6DIZ1,202608271156_HY_COT22:00_21-HNI Hoai Duc 8 Hub_PU TC501,,100,27/08/2026 00:00:00,21/08/2026 10:19:06,28/08/2026 11:13:20,,,
295909876,LT0Q8R4W6DIS1,202608271155_HY_COT22:00_21-HNI Hoai Duc 7 Hub_PU TC501,,100,27/08/2026 00:00:00,21/08/2026 10:19:06,28/08/2026 11:13:20,,,
295909869,LT0Q8R4W6DIL1,202608271154_HY_COT22:00_21-HNI Hoai Duc 6 Hub_PU TC501,,100,27/08/2026 00:00:00,21/08/2026 10:19:05,28/08/2026 11:13:20,,,
295909862,LT0Q8R4W6DIE1,202608271153_HY_COT22:00_21-HNI Hoai Duc 5 Hub_PU TC501,,100,27/08/2026 00:00:00,21/08/2026 10:19:05,28/08/2026 11:13:20,,,
295909855,LT0Q8R4W6DI71,202608271152_HY_COT22:00_21-HNI Hoai Duc 4 Hub_PU TC501,,100,27/08/2026 00:00:00,21/08/2026 10:19:05,28/08/2026 11:13:19,,,
295909848,LT0Q8R4W6DI01,202608271151_HY_COT22:00_21-HNI Hoai Duc 3 Hub_PU TC501,,100,27/08/2026 00:00:00,21/08/2026 10:19:05,28/08/2026 11:13:19,,,
295909841,LT0Q8R4W6DHT1,202608271150_HY_COT22:00_21-HNI Hoai Duc 2 Hub_PU TC501,,100,27/08/2026 00:00:00,21/08/2026 10:19:04,28/08/2026 11:13:19,,,
295909834,LT0Q8R4W6DHM1,202608271149_HY_COT22:00_21-HNI Dan Phuong Hub_PU TC501,,100,27/08/2026 00:00:00,21/08/2026 10:19:04,28/08/2026 11:13:19,,,
295909827,LT0Q8R4W6DHF1,202608271148_HY_COT22:00_21-HNI Dan Phuong 3 Hub_PU TC501,,100,27/08/2026 00:00:00,21/08/2026 10:19:04,28/08/2026 11:13:19,,,
295909820,LT0Q8R4W6DH81,202608271147_HY_COT22:00_21-HNI Dan Phuong 2 Hub_PU TC501,,100,27/08/2026 00:00:00,21/08/2026 10:19:04,28/08/2026 11:13:19,,,
295909813,LT0Q8R4W6DH11,202608271146_HY_COT22:00_21-HNI Chuong My Hub_PU TC501,,100,27/08/2026 00:00:00,21/08/2026 10:19:04,28/08/2026 11:13:19,,,
295909806,LT0Q8R4W6DGU1,202608271145_HY_COT22:00_21-HNI Chuong My 4 Hub_PU TC501,,100,27/08/2026 00:00:00,21/08/2026 10:19:03,28/08/2026 11:13:19,,,
295909799,LT0Q8R4W6DGN1,202608271144_HY_COT22:00_21-HNI Chuong My 3 Hub_PU TC501,29E-503.21,90,27/08/2026 00:00:00,21/08/2026 10:19:03,28/08/2026 01:16:58,27/08/2026 23:05:25,27/08/2026 23:27:23,SEQ 1 - 21-HNI Chuong My 3 Hub (2144) - 27/08/2026 23:05:25 | SEQ 2 - 21-HNI Chuong My 4 Hub (5956) - 27/08/2026 23:27:23
295909792,LT0Q8R4W6DGG1,202608271143_HY_COT22:00_21-HNI Chuong My 2 Hub_PU TC501,,100,27/08/2026 00:00:00,21/08/2026 10:19:03,28/08/2026 11:13:18,,,
295909785,LT0Q8R4W6DG91,202608271142_HY_COT22:00_21-HNI Ba Vi Hub_PU TC501,,100,27/08/2026 00:00:00,21/08/2026 10:19:02,28/08/2026 11:13:18,,,
295909778,LT0Q8R4W6DG21,202608271141_HY_COT22:00_21-HNI Ba Vi 4 Hub_PU TC501,,100,27/08/2026 00:00:00,21/08/2026 10:19:02,28/08/2026 11:13:18,,,
295909771,LT0Q8R4W6DFV1,202608271140_HY_COT22:00_21-HNI Ba Vi 3 Hub_PU TC501,,100,27/08/2026 00:00:00,21/08/2026 10:19:02,28/08/2026 11:13:18,,,
295909764,LT0Q8R4W6DFO1,202608271139_HY_COT22:00_21-HNI Ba Vi 2 Hub_PU TC501,,100,27/08/2026 00:00:00,21/08/2026 10:19:01,28/08/2026 11:13:18,,,
295909757,LT0Q8R4W6DFH1,202608271138_HY_COT22:00_20-HNI Thanh Xuan Hub_PU TC501,,100,27/08/2026 00:00:00,21/08/2026 10:19:01,28/08/2026 11:13:18,,,
295909750,LT0Q8R4W6DFA1,202608271137_HY_COT22:00_20-HNI Thanh Xuan 7 Hub_PU TC501,,100,27/08/2026 00:00:00,21/08/2026 10:19:01,28/08/2026 11:13:18,,,
295909743,LT0Q8R4W6DF31,202608271136_HY_COT22:00_20-HNI Thanh Xuan 6 Hub_PU TC501,,100,27/08/2026 00:00:00,21/08/2026 10:19:00,28/08/2026 11:13:17,,,
295909733,LT0Q8R4W6DET1,202608271135_HY_COT22:00_20-HNI Thanh Xuan 5 Hub_PU TC501,,100,27/08/2026 00:00:00,21/08/2026 10:19:00,28/08/2026 11:13:17,,,
295909726,LT0Q8R4W6DEM1,202608271134_HY_COT22:00_20-HNI Thanh Xuan 4 Hub_PU TC501,,100,27/08/2026 00:00:00,21/08/2026 10:19:00,28/08/2026 11:13:17,,,
295909719,LT0Q8R4W6DEF1,202608271133_HY_COT22:00_20-HNI Thanh Xuan 3 Hub_PU TC501,,100,27/08/2026 00:00:00,21/08/2026 10:19:00,28/08/2026 11:13:17,,,
295909712,LT0Q8R4W6DE81,202608271132_HY_COT22:00_20-HNI Tu Liem Hub_PU TC501,,100,27/08/2026 00:00:00,21/08/2026 10:19:00,28/08/2026 11:13:17,,,
295909705,LT0Q8R4W6DE11,202608271131_HY_COT22:00_20-HNI Tu Liem 7 Hub_PU TC501,,100,27/08/2026 00:00:00,21/08/2026 10:18:59,28/08/2026 11:13:17,,,
295909698,LT0Q8R4W6DDU1,202608271130_HY_COT22:00_20-HNI Tu Liem 6 Hub_PU TC501,,100,27/08/2026 00:00:00,21/08/2026 10:18:59,28/08/2026 11:13:17,,,
295909691,LT0Q8R4W6DDN1,202608271129_HY_COT22:00_20-HNI Tu Liem 5 Hub_PU TC501,,100,27/08/2026 00:00:00,21/08/2026 10:18:59,28/08/2026 11:13:17,,,
295909684,LT0Q8R4W6DDG1,202608271128_HY_COT22:00_20-HNI Tu Liem 4 Hub_PU TC501,,100,27/08/2026 00:00:00,21/08/2026 10:18:59,28/08/2026 11:13:16,,,
295909677,LT0Q8R4W6DD91,202608271127_HY_COT22:00_20-HNI Tu Liem 3 Hub_PU TC501,,100,27/08/2026 00:00:00,21/08/2026 10:18:59,28/08/2026 11:13:16,,,
295909670,LT0Q8R4W6DD21,202608271126_HY_COT22:00_20-HNI Tu Liem 2 Hub_PU TC501,,100,27/08/2026 00:00:00,21/08/2026 10:18:58,28/08/2026 11:13:16,,,
295909663,LT0Q8R4W6DCV1,202608271125_HY_COT22:00_20-HNI Tay Ho Hub_PU TC501,,100,27/08/2026 00:00:00,21/08/2026 10:18:58,28/08/2026 11:13:16,,,
295909656,LT0Q8R4W6DCO1,202608271124_HY_COT22:00_20-HNI Tay Ho 6 Hub_PU TC501,,100,27/08/2026 00:00:00,21/08/2026 10:18:57,28/08/2026 11:13:16,,,
295909649,LT0Q8R4W6DCH1,202608271123_HY_COT22:00_20-HNI Tay Ho 5 Hub_PU TC501,,100,27/08/2026 00:00:00,21/08/2026 10:18:57,28/08/2026 11:13:16,,,
295909642,LT0Q8R4W6DCA1,202608271122_HY_COT22:00_20-HNI Tay Ho 4 Hub_PU TC501,,100,27/08/2026 00:00:00,21/08/2026 10:18:57,28/08/2026 11:13:16,,,
295909635,LT0Q8R4W6DC31,202608271121_HY_COT22:00_20-HNI Tay Ho 3 Hub_PU TC501,,100,27/08/2026 00:00:00,21/08/2026 10:18:57,28/08/2026 11:13:15,,,
295909628,LT0Q8R4W6DBW1,202608271120_HY_COT22:00_20-HNI Tay Ho 2 Hub_PU TC501,,100,27/08/2026 00:00:00,21/08/2026 10:18:56,28/08/2026 11:13:15,,,
295909621,LT0Q8R4W6DBP1,202608271119_HY_COT22:00_20-HNI Ha Dong 9 Hub_PU TC501,,100,27/08/2026 00:00:00,21/08/2026 10:18:56,28/08/2026 11:13:15,,,
295909614,LT0Q8R4W6DBI1,202608271118_HY_COT22:00_20-HNI Ha Dong 8 Hub_PU TC501,,100,27/08/2026 00:00:00,21/08/2026 10:18:56,28/08/2026 11:13:15,,,
295909607,LT0Q8R4W6DBB1,202608271117_HY_COT22:00_20-HNI Ha Dong 7 Hub_PU TC501,,100,27/08/2026 00:00:00,21/08/2026 10:18:56,28/08/2026 11:13:15,,,
295909600,LT0Q8R4W6DB41,202608271116_HY_COT22:00_20-HNI Ha Dong 6 Hub_PU TC501,,100,27/08/2026 00:00:00,21/08/2026 10:18:55,28/08/2026 11:13:15,,,
295909593,LT0Q8R4W6DAX1,202608271115_HY_COT22:00_20-HNI Ha Dong 5 Hub_PU TC501,,100,27/08/2026 00:00:00,21/08/2026 10:18:55,28/08/2026 11:13:15,,,
295909586,LT0Q8R4W6DAQ1,202608271114_HY_COT22:00_20-HNI Ha Dong 4 Hub_PU TC501,,100,27/08/2026 00:00:00,21/08/2026 10:18:55,28/08/2026 11:13:15,,,
295909579,LT0Q8R4W6DAJ1,202608271113_HY_COT22:00_20-HNI Ha Dong 3 Hub_PU TC501,,100,27/08/2026 00:00:00,21/08/2026 10:18:55,28/08/2026 11:13:14,,,
295909572,LT0Q8R4W6DAC1,202608271112_HY_COT22:00_20-HNI Ha Dong 2 Hub_PU TC501,,100,27/08/2026 00:00:00,21/08/2026 10:18:55,28/08/2026 11:13:14,,,
295909565,LT0Q8R4W6DA51,202608271111_HY_COT22:00_20-HNI Ha Dong 14 Hub_PU TC501,,100,27/08/2026 00:00:00,21/08/2026 10:18:54,28/08/2026 11:13:14,,,
295909558,LT0Q8R4W6D9Y1,202608271110_HY_COT22:00_20-HNI Ha Dong 13 Hub_PU TC501,,100,27/08/2026 00:00:00,21/08/2026 10:18:54,28/08/2026 11:13:14,,,
295909551,LT0Q8R4W6D9R1,202608271109_HY_COT22:00_20-HNI Ha Dong 12 Hub_PU TC501,,100,27/08/2026 00:00:00,21/08/2026 10:18:54,28/08/2026 11:13:14,,,
295909544,LT0Q8R4W6D9K1,202608271108_HY_COT22:00_20-HNI Ha Dong 11 Hub_PU TC501,,100,27/08/2026 00:00:00,21/08/2026 10:18:53,28/08/2026 11:13:14,,,
295909537,LT0Q8R4W6D9D1,202608271107_HY_COT22:00_20-HNI Ha Dong 10 Hub_PU TC501,,100,27/08/2026 00:00:00,21/08/2026 10:18:53,28/08/2026 11:13:14,,,
295909530,LT0Q8R4W6D961,202608271106_HY_COT22:00_20-HNI Cau Giay Hub_PU TC501,,100,27/08/2026 00:00:00,21/08/2026 10:18:53,28/08/2026 11:13:13,,,
295909523,LT0Q8R4W6D8Z1,202608271105_HY_COT22:00_20-HNI Cau Giay 8 Hub_PU TC501,,100,27/08/2026 00:00:00,21/08/2026 10:18:53,28/08/2026 11:13:13,,,
295909516,LT0Q8R4W6D8S1,202608271104_HY_COT22:00_20-HNI Cau Giay 7 Hub_PU TC501,,100,27/08/2026 00:00:00,21/08/2026 10:18:53,28/08/2026 11:13:13,,,
295909509,LT0Q8R4W6D8L1,202608271103_HY_COT22:00_20-HNI Cau Giay 6 Hub_PU TC501,,100,27/08/2026 00:00:00,21/08/2026 10:18:52,28/08/2026 11:13:13,,,
295909502,LT0Q8R4W6D8E1,202608271102_HY_COT22:00_20-HNI Cau Giay 5 Hub_PU TC501,,100,27/08/2026 00:00:00,21/08/2026 10:18:52,28/08/2026 11:13:13,,,
295909495,LT0Q8R4W6D871,202608271101_HY_COT22:00_20-HNI Cau Giay 4 Hub_PU TC501,,100,27/08/2026 00:00:00,21/08/2026 10:18:52,28/08/2026 11:13:13,,,
295909488,LT0Q8R4W6D801,202608271100_HY_COT22:00_20-HNI Cau Giay 3 Hub_PU TC501,,100,27/08/2026 00:00:00,21/08/2026 10:18:52,28/08/2026 11:13:13,,,
295909481,LT0Q8R4W6D7T1,202608271099_HY_COT22:00_20-HNI Cau Giay 2 Hub_PU TC501,,100,27/08/2026 00:00:00,21/08/2026 10:18:51,28/08/2026 11:13:13,,,
295909474,LT0Q8R4W6D7M1,202608271098_HY_COT22:00_20-HNI Bac Tu Liem Hub_PU TC501,,100,27/08/2026 00:00:00,21/08/2026 10:18:51,28/08/2026 11:13:12,,,
295909467,LT0Q8R4W6D7F1,202608271097_HY_COT22:00_20-HNI Bac Tu Liem 9 Hub_PU TC501,,100,27/08/2026 00:00:00,21/08/2026 10:18:51,28/08/2026 11:13:12,,,
295909460,LT0Q8R4W6D781,202608271096_HY_COT22:00_20-HNI Bac Tu Liem 8 Hub_PU TC501,,100,27/08/2026 00:00:00,21/08/2026 10:18:51,28/08/2026 11:13:12,,,
295909453,LT0Q8R4W6D711,202608271095_HY_COT22:00_20-HNI Bac Tu Liem 7 Hub_PU TC501,,100,27/08/2026 00:00:00,21/08/2026 10:18:50,28/08/2026 11:13:12,,,
295909446,LT0Q8R4W6D6U1,202608271094_HY_COT22:00_20-HNI Bac Tu Liem 6 Hub_PU TC501,,100,27/08/2026 00:00:00,21/08/2026 10:18:50,28/08/2026 11:13:12,,,
295909439,LT0Q8R4W6D6N1,202608271093_HY_COT22:00_20-HNI Bac Tu Liem 5 Hub_PU TC501,,100,27/08/2026 00:00:00,21/08/2026 10:18:50,28/08/2026 11:13:12,,,
295909432,LT0Q8R4W6D6G1,202608271092_HY_COT22:00_20-HNI Bac Tu Liem 4 Hub_PU TC501,,100,27/08/2026 00:00:00,21/08/2026 10:18:49,28/08/2026 11:13:12,,,
295909425,LT0Q8R4W6D691,202608271091_HY_COT22:00_20-HNI Bac Tu Liem 3 Hub_PU TC501,,100,27/08/2026 00:00:00,21/08/2026 10:18:49,28/08/2026 11:13:11,,,
295909418,LT0Q8R4W6D621,202608271090_HY_COT22:00_20-HNI Bac Tu Liem 2 Hub_PU TC501,,100,27/08/2026 00:00:00,21/08/2026 10:18:49,28/08/2026 11:13:11,,,
295905253,LT0Q8R4W69YD1,20260827495_HY_COT13:30_HNSPC-Trung tam dien tu tin hoc QH_PU TC501,,100,27/08/2026 00:00:00,21/08/2026 10:16:28,28/08/2026 02:17:17,,,
295905246,LT0Q8R4W69Y61,20260827494_HY_COT13:30_HNSPC-Thuc pham sach Ngoc Han_PU TC501,,100,27/08/2026 00:00:00,21/08/2026 10:16:28,28/08/2026 02:17:17,,,
295905239,LT0Q8R4W69XZ1,20260827493_HY_COT13:30_HNSPC-Thuc Pham Sach KALE FARM_PU TC501,,100,27/08/2026 00:00:00,21/08/2026 10:16:28,28/08/2026 02:17:17,,,
295905232,LT0Q8R4W69XS1,20260827492_HY_COT13:30_HNSPC-Store 2T_PU TC501,,100,27/08/2026 00:00:00,21/08/2026 10:16:27,28/08/2026 02:17:17,,,
295905225,LT0Q8R4W69XL1,20260827491_HY_COT13:30_HNSPC-Phu kien dien thoai Manh Anh_PU TC501,,100,27/08/2026 00:00:00,21/08/2026 10:16:27,28/08/2026 02:17:17,,,
295905218,LT0Q8R4W69XE1,20260827490_HY_COT13:30_HNSPC-Phong ve Bac Viet_PU TC501,,100,27/08/2026 00:00:00,21/08/2026 10:16:27,28/08/2026 02:17:17,,,
295905211,LT0Q8R4W69X71,20260827489_HY_COT13:30_HNSPC-Mon Pet Shop_PU TC501,,100,27/08/2026 00:00:00,21/08/2026 10:16:27,28/08/2026 02:17:16,,,
295905204,LT0Q8R4W69X01,20260827488_HY_COT13:30_HNSPC-Mini Mart_PU TC501,,100,27/08/2026 00:00:00,21/08/2026 10:16:26,28/08/2026 02:17:16,,,
295905197,LT0Q8R4W69WT1,20260827487_HY_COT13:30_HNSPC-Kiwi Store_PU TC501,,100,27/08/2026 00:00:00,21/08/2026 10:16:26,28/08/2026 02:17:16,,,
295905190,LT0Q8R4W69WM1,20260827486_HY_COT13:30_HNSPC-HOAI THUONG SHOP_PU TC501,,100,27/08/2026 00:00:00,21/08/2026 10:16:26,28/08/2026 02:17:16,,,
295905183,LT0Q8R4W69WF1,20260827485_HY_COT13:30_HNSPC-Cua hang tien loi HT Mart_PU TC501,,100,27/08/2026 00:00:00,21/08/2026 10:16:26,28/08/2026 02:17:16,,,
295905176,LT0Q8R4W69W81,20260827484_HY_COT13:30_HNSPC-Cafe So_PU TC501,,100,27/08/2026 00:00:00,21/08/2026 10:16:26,28/08/2026 02:17:16,,,
295905169,LT0Q8R4W69W11,20260827483_HY_COT13:30_HNSPC-BOO MART_PU TC501,,100,27/08/2026 00:00:00,21/08/2026 10:16:25,28/08/2026 02:17:16,,,
295905162,LT0Q8R4W69VU1,20260827482_HY_COT13:30_HNSPC-Anh Quan Mobile_PU TC501,,100,27/08/2026 00:00:00,21/08/2026 10:16:25,28/08/2026 02:17:16,,,
295905155,LT0Q8R4W69VN1,20260827481_HY_COT13:30_HNSPC - Sieu thi Euro Mart_PU TC501,,100,27/08/2026 00:00:00,21/08/2026 10:16:25,28/08/2026 02:17:15,,,
295905148,LT0Q8R4W69VG1,20260827480_HY_COT13:30_AG-21-HNI Phuc Tho Hub_PU TC501,,100,27/08/2026 00:00:00,21/08/2026 10:16:25,28/08/2026 02:17:15,,,
295905141,LT0Q8R4W69V91,20260827479_HY_COT13:30_21-HNI Thach That Hub_PU TC501,,100,27/08/2026 00:00:00,21/08/2026 10:16:25,28/08/2026 02:17:15,,,
295905134,LT0Q8R4W69V21,20260827478_HY_COT13:30_21-HNI Thach That 5 Hub_PU TC501,,100,27/08/2026 00:00:00,21/08/2026 10:16:24,28/08/2026 02:17:15,,,
295905127,LT0Q8R4W69UV1,20260827477_HY_COT13:30_21-HNI Thach That 4 Hub_PU TC501,,100,27/08/2026 00:00:00,21/08/2026 10:16:24,28/08/2026 02:17:15,,,
295905120,LT0Q8R4W69UO1,20260827476_HY_COT13:30_21-HNI Thach That 3 Hub_PU TC501,,100,27/08/2026 00:00:00,21/08/2026 10:16:24,28/08/2026 02:17:15,,,
295905113,LT0Q8R4W69UH1,20260827475_HY_COT13:30_21-HNI Thach That 2 Hub_PU TC501,,100,27/08/2026 00:00:00,21/08/2026 10:16:24,28/08/2026 02:17:15,,,
295905106,LT0Q8R4W69UA1,20260827474_HY_COT13:30_21-HNI Son Tay Hub_PU TC501,,100,27/08/2026 00:00:00,21/08/2026 10:16:24,28/08/2026 02:17:15,,,
295905099,LT0Q8R4W69U31,20260827473_HY_COT13:30_21-HNI Son Tay 3 Hub_PU TC501,,100,27/08/2026 00:00:00,21/08/2026 10:16:23,28/08/2026 02:17:14,,,
295905092,LT0Q8R4W69TW1,20260827472_HY_COT13:30_21-HNI Son Tay 2 Hub_PU TC501,,100,27/08/2026 00:00:00,21/08/2026 10:16:23,28/08/2026 02:17:14,,,
295905085,LT0Q8R4W69TP1,20260827471_HY_COT13:30_21-HNI Quoc Oai Hub_PU TC501,,100,27/08/2026 00:00:00,21/08/2026 10:16:23,28/08/2026 02:17:14,,,
295905078,LT0Q8R4W69TI1,20260827470_HY_COT13:30_21-HNI Quoc Oai 4 Hub_PU TC501,,100,27/08/2026 00:00:00,21/08/2026 10:16:23,28/08/2026 02:17:14,,,
295905071,LT0Q8R4W69TB1,20260827469_HY_COT13:30_21-HNI Quoc Oai 3 Hub_PU TC501,,100,27/08/2026 00:00:00,21/08/2026 10:16:23,28/08/2026 02:17:14,,,
295905064,LT0Q8R4W69T41,20260827468_HY_COT13:30_21-HNI Quoc Oai 2 Hub_PU TC501,,100,27/08/2026 00:00:00,21/08/2026 10:16:22,28/08/2026 02:17:14,,,
295905057,LT0Q8R4W69SX1,20260827467_HY_COT13:30_21-HNI Phuc Tho Hub_PU TC501,,100,27/08/2026 00:00:00,21/08/2026 10:16:22,28/08/2026 02:17:14,,,
295905050,LT0Q8R4W69SQ1,20260827466_HY_COT13:30_21-HNI Phuc Tho 3 Hub_PU TC501,,100,27/08/2026 00:00:00,21/08/2026 10:16:22,28/08/2026 02:17:14,,,
295905043,LT0Q8R4W69SJ1,20260827465_HY_COT13:30_21-HNI Phuc Tho 2 Hub_PU TC501,,100,27/08/2026 00:00:00,21/08/2026 10:16:22,28/08/2026 02:17:13,,,
295905036,LT0Q8R4W69SC1,20260827464_HY_COT13:30_21-HNI Hoai Duc Hub_PU TC501,,100,27/08/2026 00:00:00,21/08/2026 10:16:21,28/08/2026 02:17:13,,,
295905029,LT0Q8R4W69S51,20260827463_HY_COT13:30_21-HNI Hoai Duc 8 Hub_PU TC501,,100,27/08/2026 00:00:00,21/08/2026 10:16:21,28/08/2026 02:17:13,,,
295905022,LT0Q8R4W69RY1,20260827462_HY_COT13:30_21-HNI Hoai Duc 7 Hub_PU TC501,,100,27/08/2026 00:00:00,21/08/2026 10:16:21,28/08/2026 02:17:13,,,
295905015,LT0Q8R4W69RR1,20260827461_HY_COT13:30_21-HNI Hoai Duc 6 Hub_PU TC501,,100,27/08/2026 00:00:00,21/08/2026 10:16:21,28/08/2026 02:17:13,,,
295905008,LT0Q8R4W69RK1,20260827460_HY_COT13:30_21-HNI Hoai Duc 5 Hub_PU TC501,,100,27/08/2026 00:00:00,21/08/2026 10:16:20,28/08/2026 02:17:13,,,
295905001,LT0Q8R4W69RD1,20260827459_HY_COT13:30_21-HNI Hoai Duc 4 Hub_PU TC501,,100,27/08/2026 00:00:00,21/08/2026 10:16:20,28/08/2026 02:17:13,,,
295904994,LT0Q8R4W69R61,20260827458_HY_COT13:30_21-HNI Hoai Duc 3 Hub_PU TC501,,100,27/08/2026 00:00:00,21/08/2026 10:16:20,28/08/2026 02:17:13,,,
295904987,LT0Q8R4W69QZ1,20260827457_HY_COT13:30_21-HNI Hoai Duc 2 Hub_PU TC501,,100,27/08/2026 00:00:00,21/08/2026 10:16:19,28/08/2026 02:17:13,,,
295904980,LT0Q8R4W69QS1,20260827456_HY_COT13:30_21-HNI Dan Phuong Hub_PU TC501,,100,27/08/2026 00:00:00,21/08/2026 10:16:19,28/08/2026 02:17:12,,,
295904973,LT0Q8R4W69QL1,20260827455_HY_COT13:30_21-HNI Dan Phuong 3 Hub_PU TC501,,100,27/08/2026 00:00:00,21/08/2026 10:16:19,28/08/2026 02:17:12,,,
295904966,LT0Q8R4W69QE1,20260827454_HY_COT13:30_21-HNI Dan Phuong 2 Hub_PU TC501,,100,27/08/2026 00:00:00,21/08/2026 10:16:19,28/08/2026 02:17:12,,,
295904959,LT0Q8R4W69Q71,20260827453_HY_COT13:30_21-HNI Chuong My Hub_PU TC501,,100,27/08/2026 00:00:00,21/08/2026 10:16:19,28/08/2026 02:17:12,,,
295904952,LT0Q8R4W69Q01,20260827452_HY_COT13:30_21-HNI Chuong My 4 Hub_PU TC501,,100,27/08/2026 00:00:00,21/08/2026 10:16:18,28/08/2026 02:17:12,,,
295904945,LT0Q8R4W69PT1,20260827451_HY_COT13:30_21-HNI Chuong My 3 Hub_PU TC501,,100,27/08/2026 00:00:00,21/08/2026 10:16:18,28/08/2026 02:17:12,,,
295904938,LT0Q8R4W69PM1,20260827450_HY_COT13:30_21-HNI Chuong My 2 Hub_PU TC501,,100,27/08/2026 00:00:00,21/08/2026 10:16:18,28/08/2026 02:17:12,,,
295904931,LT0Q8R4W69PF1,20260827449_HY_COT13:30_21-HNI Ba Vi Hub_PU TC501,,100,27/08/2026 00:00:00,21/08/2026 10:16:18,28/08/2026 02:17:12,,,
295904924,LT0Q8R4W69P81,20260827448_HY_COT13:30_21-HNI Ba Vi 4 Hub_PU TC501,,100,27/08/2026 00:00:00,21/08/2026 10:16:18,28/08/2026 02:17:11,,,
295904917,LT0Q8R4W69P11,20260827447_HY_COT13:30_21-HNI Ba Vi 3 Hub_PU TC501,,100,27/08/2026 00:00:00,21/08/2026 10:16:17,28/08/2026 02:17:11,,,
295904910,LT0Q8R4W69OU1,20260827446_HY_COT13:30_21-HNI Ba Vi 2 Hub_PU TC501,,100,27/08/2026 00:00:00,21/08/2026 10:16:17,28/08/2026 02:17:11,,,
295904903,LT0Q8R4W69ON1,20260827445_HY_COT13:30_20-HNI Thanh Xuan Hub_PU TC501,,100,27/08/2026 00:00:00,21/08/2026 10:16:17,28/08/2026 02:17:11,,,
295904896,LT0Q8R4W69OG1,20260827444_HY_COT13:30_20-HNI Thanh Xuan 7 Hub_PU TC501,,100,27/08/2026 00:00:00,21/08/2026 10:16:17,28/08/2026 02:17:11,,,
295904889,LT0Q8R4W69O91,20260827443_HY_COT13:30_20-HNI Thanh Xuan 6 Hub_PU TC501,,100,27/08/2026 00:00:00,21/08/2026 10:16:16,28/08/2026 02:17:11,,,
295904882,LT0Q8R4W69O21,20260827442_HY_COT13:30_20-HNI Thanh Xuan 5 Hub_PU TC501,,100,27/08/2026 00:00:00,21/08/2026 10:16:16,28/08/2026 02:17:11,,,
295904875,LT0Q8R4W69NV1,20260827441_HY_COT13:30_20-HNI Thanh Xuan 4 Hub_PU TC501,,100,27/08/2026 00:00:00,21/08/2026 10:16:16,28/08/2026 02:17:11,,,
295904868,LT0Q8R4W69NO1,20260827440_HY_COT13:30_20-HNI Thanh Xuan 3 Hub_PU TC501,,100,27/08/2026 00:00:00,21/08/2026 10:16:15,28/08/2026 02:17:10,,,
295904861,LT0Q8R4W69NH1,20260827439_HY_COT13:30_20-HNI Tu Liem Hub_PU TC501,,100,27/08/2026 00:00:00,21/08/2026 10:16:15,28/08/2026 02:17:10,,,
295904854,LT0Q8R4W69NA1,20260827438_HY_COT13:30_20-HNI Tu Liem 7 Hub_PU TC501,,100,27/08/2026 00:00:00,21/08/2026 10:16:15,28/08/2026 02:17:10,,,
295904847,LT0Q8R4W69N31,20260827437_HY_COT13:30_20-HNI Tu Liem 6 Hub_PU TC501,,100,27/08/2026 00:00:00,21/08/2026 10:16:15,28/08/2026 02:17:10,,,
295904840,LT0Q8R4W69MW1,20260827436_HY_COT13:30_20-HNI Tu Liem 5 Hub_PU TC501,,100,27/08/2026 00:00:00,21/08/2026 10:16:15,28/08/2026 02:17:10,,,
295904833,LT0Q8R4W69MP1,20260827435_HY_COT13:30_20-HNI Tu Liem 4 Hub_PU TC501,,100,27/08/2026 00:00:00,21/08/2026 10:16:14,28/08/2026 02:17:10,,,
295904826,LT0Q8R4W69MI1,20260827434_HY_COT13:30_20-HNI Tu Liem 3 Hub_PU TC501,,100,27/08/2026 00:00:00,21/08/2026 10:16:14,28/08/2026 02:17:10,,,
295904819,LT0Q8R4W69MB1,20260827433_HY_COT13:30_20-HNI Tu Liem 2 Hub_PU TC501,,100,27/08/2026 00:00:00,21/08/2026 10:16:14,28/08/2026 02:17:10,,,
295904812,LT0Q8R4W69M41,20260827432_HY_COT13:30_20-HNI Tay Ho Hub_PU TC501,,100,27/08/2026 00:00:00,21/08/2026 10:16:14,28/08/2026 02:17:09,,,
295904805,LT0Q8R4W69LX1,20260827431_HY_COT13:30_20-HNI Tay Ho 6 Hub_PU TC501,,100,27/08/2026 00:00:00,21/08/2026 10:16:13,28/08/2026 02:17:09,,,
295904798,LT0Q8R4W69LQ1,20260827430_HY_COT13:30_20-HNI Tay Ho 5 Hub_PU TC501,,100,27/08/2026 00:00:00,21/08/2026 10:16:13,28/08/2026 02:17:09,,,
295904791,LT0Q8R4W69LJ1,20260827429_HY_COT13:30_20-HNI Tay Ho 4 Hub_PU TC501,,100,27/08/2026 00:00:00,21/08/2026 10:16:13,28/08/2026 02:17:09,,,
295904784,LT0Q8R4W69LC1,20260827428_HY_COT13:30_20-HNI Tay Ho 3 Hub_PU TC501,,100,27/08/2026 00:00:00,21/08/2026 10:16:13,28/08/2026 02:17:09,,,
295904777,LT0Q8R4W69L51,20260827427_HY_COT13:30_20-HNI Tay Ho 2 Hub_PU TC501,,100,27/08/2026 00:00:00,21/08/2026 10:16:13,28/08/2026 02:17:09,,,
295904770,LT0Q8R4W69KY1,20260827426_HY_COT13:30_20-HNI Ha Dong 9 Hub_PU TC501,,100,27/08/2026 00:00:00,21/08/2026 10:16:12,28/08/2026 02:17:09,,,
295904763,LT0Q8R4W69KR1,20260827425_HY_COT13:30_20-HNI Ha Dong 8 Hub_PU TC501,,100,27/08/2026 00:00:00,21/08/2026 10:16:12,28/08/2026 02:17:09,,,
295904756,LT0Q8R4W69KK1,20260827424_HY_COT13:30_20-HNI Ha Dong 7 Hub_PU TC501,,100,27/08/2026 00:00:00,21/08/2026 10:16:12,28/08/2026 02:17:08,,,
295904749,LT0Q8R4W69KD1,20260827423_HY_COT13:30_20-HNI Ha Dong 6 Hub_PU TC501,,100,27/08/2026 00:00:00,21/08/2026 10:16:12,28/08/2026 02:17:08,,,
295904742,LT0Q8R4W69K61,20260827422_HY_COT13:30_20-HNI Ha Dong 5 Hub_PU TC501,,100,27/08/2026 00:00:00,21/08/2026 10:16:11,28/08/2026 02:17:08,,,
295904735,LT0Q8R4W69JZ1,20260827421_HY_COT13:30_20-HNI Ha Dong 4 Hub_PU TC501,,100,27/08/2026 00:00:00,21/08/2026 10:16:11,28/08/2026 02:17:08,,,
295904728,LT0Q8R4W69JS1,20260827420_HY_COT13:30_20-HNI Ha Dong 3 Hub_PU TC501,,100,27/08/2026 00:00:00,21/08/2026 10:16:11,28/08/2026 02:17:08,,,
295904721,LT0Q8R4W69JL1,20260827419_HY_COT13:30_20-HNI Ha Dong 2 Hub_PU TC501,,100,27/08/2026 00:00:00,21/08/2026 10:16:11,28/08/2026 02:17:08,,,
295904714,LT0Q8R4W69JE1,20260827418_HY_COT13:30_20-HNI Ha Dong 14 Hub_PU TC501,,100,27/08/2026 00:00:00,21/08/2026 10:16:11,28/08/2026 02:17:08,,,
295904707,LT0Q8R4W69J71,20260827417_HY_COT13:30_20-HNI Ha Dong 13 Hub_PU TC501,,100,27/08/2026 00:00:00,21/08/2026 10:16:10,28/08/2026 02:17:08,,,
295904700,LT0Q8R4W69J01,20260827416_HY_COT13:30_20-HNI Ha Dong 12 Hub_PU TC501,,100,27/08/2026 00:00:00,21/08/2026 10:16:10,28/08/2026 02:17:07,,,
295904693,LT0Q8R4W69IT1,20260827415_HY_COT13:30_20-HNI Ha Dong 11 Hub_PU TC501,,100,27/08/2026 00:00:00,21/08/2026 10:16:10,28/08/2026 02:17:07,,,
295904686,LT0Q8R4W69IM1,20260827414_HY_COT13:30_20-HNI Ha Dong 10 Hub_PU TC501,,100,27/08/2026 00:00:00,21/08/2026 10:16:10,28/08/2026 02:17:07,,,
295904679,LT0Q8R4W69IF1,20260827413_HY_COT13:30_20-HNI Cau Giay Hub_PU TC501,,100,27/08/2026 00:00:00,21/08/2026 10:16:09,28/08/2026 02:17:07,,,
295904672,LT0Q8R4W69I81,20260827412_HY_COT13:30_20-HNI Cau Giay 8 Hub_PU TC501,,100,27/08/2026 00:00:00,21/08/2026 10:16:09,28/08/2026 02:17:07,,,
295904665,LT0Q8R4W69I11,20260827411_HY_COT13:30_20-HNI Cau Giay 7 Hub_PU TC501,,100,27/08/2026 00:00:00,21/08/2026 10:16:09,28/08/2026 02:17:07,,,
295904658,LT0Q8R4W69HU1,20260827410_HY_COT13:30_20-HNI Cau Giay 6 Hub_PU TC501,,100,27/08/2026 00:00:00,21/08/2026 10:16:09,28/08/2026 02:17:07,,,
295904651,LT0Q8R4W69HN1,20260827409_HY_COT13:30_20-HNI Cau Giay 5 Hub_PU TC501,,100,27/08/2026 00:00:00,21/08/2026 10:16:09,28/08/2026 02:17:07,,,
295904644,LT0Q8R4W69HG1,20260827408_HY_COT13:30_20-HNI Cau Giay 4 Hub_PU TC501,,100,27/08/2026 00:00:00,21/08/2026 10:16:08,28/08/2026 02:17:07,,,
295904637,LT0Q8R4W69H91,20260827407_HY_COT13:30_20-HNI Cau Giay 3 Hub_PU TC501,,100,27/08/2026 00:00:00,21/08/2026 10:16:08,28/08/2026 02:17:06,,,
295904630,LT0Q8R4W69H21,20260827406_HY_COT13:30_20-HNI Cau Giay 2 Hub_PU TC501,,100,27/08/2026 00:00:00,21/08/2026 10:16:08,28/08/2026 02:17:06,,,
295904623,LT0Q8R4W69GV1,20260827405_HY_COT13:30_20-HNI Bac Tu Liem Hub_PU TC501,,100,27/08/2026 00:00:00,21/08/2026 10:16:08,28/08/2026 02:17:06,,,
295904616,LT0Q8R4W69GO1,20260827404_HY_COT13:30_20-HNI Bac Tu Liem 9 Hub_PU TC501,,100,27/08/2026 00:00:00,21/08/2026 10:16:07,28/08/2026 02:17:06,,,
295904609,LT0Q8R4W69GH1,20260827403_HY_COT13:30_20-HNI Bac Tu Liem 8 Hub_PU TC501,,100,27/08/2026 00:00:00,21/08/2026 10:16:07,28/08/2026 02:17:06,,,
295904602,LT0Q8R4W69GA1,20260827402_HY_COT13:30_20-HNI Bac Tu Liem 7 Hub_PU TC501,,100,27/08/2026 00:00:00,21/08/2026 10:16:07,28/08/2026 02:17:06,,,
295904595,LT0Q8R4W69G31,20260827401_HY_COT13:30_20-HNI Bac Tu Liem 6 Hub_PU TC501,,100,27/08/2026 00:00:00,21/08/2026 10:16:07,28/08/2026 02:17:06,,,
295904588,LT0Q8R4W69FW1,20260827400_HY_COT13:30_20-HNI Bac Tu Liem 5 Hub_PU TC501,,100,27/08/2026 00:00:00,21/08/2026 10:16:06,28/08/2026 02:17:06,,,
295904581,LT0Q8R4W69FP1,20260827399_HY_COT13:30_20-HNI Bac Tu Liem 4 Hub_PU TC501,,100,27/08/2026 00:00:00,21/08/2026 10:16:06,28/08/2026 02:17:05,,,
295904574,LT0Q8R4W69FI1,20260827398_HY_COT13:30_20-HNI Bac Tu Liem 3 Hub_PU TC501,,100,27/08/2026 00:00:00,21/08/2026 10:16:06,28/08/2026 02:17:05,,,
295904567,LT0Q8R4W69FB1,20260827397_HY_COT13:30_20-HNI Bac Tu Liem 2 Hub_PU TC501,,100,27/08/2026 00:00:00,21/08/2026 10:16:06,28/08/2026 02:17:05,,,
295896293,LT0Q8R4W631H1,202608271188_HY_COT22:00_HNSPC-Trung tam dien tu tin hoc QH_PU TC401,,100,27/08/2026 00:00:00,21/08/2026 10:11:18,28/08/2026 11:11:53,,,
295896286,LT0Q8R4W631A1,202608271187_HY_COT22:00_HNSPC-Thuc pham sach Ngoc Han_PU TC401,,100,27/08/2026 00:00:00,21/08/2026 10:11:18,28/08/2026 11:11:53,,,
295896279,LT0Q8R4W63131,202608271186_HY_COT22:00_HNSPC-Thuc Pham Sach KALE FARM_PU TC401,,100,27/08/2026 00:00:00,21/08/2026 10:11:18,28/08/2026 11:11:52,,,
295896272,LT0Q8R4W630W1,202608271185_HY_COT22:00_HNSPC-Store 2T_PU TC401,,100,27/08/2026 00:00:00,21/08/2026 10:11:18,28/08/2026 11:11:52,,,
295896265,LT0Q8R4W630P1,202608271184_HY_COT22:00_HNSPC-Phu kien dien thoai Manh Anh_PU TC401,,100,27/08/2026 00:00:00,21/08/2026 10:11:17,28/08/2026 11:11:52,,,
295896258,LT0Q8R4W630I1,202608271183_HY_COT22:00_HNSPC-Phong ve Bac Viet_PU TC401,,100,27/08/2026 00:00:00,21/08/2026 10:11:17,28/08/2026 11:11:52,,,
295896251,LT0Q8R4W630B1,202608271182_HY_COT22:00_HNSPC-Mon Pet Shop_PU TC401,,100,27/08/2026 00:00:00,21/08/2026 10:11:17,28/08/2026 11:11:52,,,
295896244,LT0Q8R4W63041,202608271181_HY_COT22:00_HNSPC-Mini Mart_PU TC401,,100,27/08/2026 00:00:00,21/08/2026 10:11:17,28/08/2026 11:11:52,,,
295896237,LT0Q8R4W62ZX1,202608271180_HY_COT22:00_HNSPC-Kiwi Store_PU TC401,,100,27/08/2026 00:00:00,21/08/2026 10:11:16,28/08/2026 11:11:52,,,
295896230,LT0Q8R4W62ZQ1,202608271179_HY_COT22:00_HNSPC-HOAI THUONG SHOP_PU TC401,,100,27/08/2026 00:00:00,21/08/2026 10:11:16,28/08/2026 11:11:52,,,
295896223,LT0Q8R4W62ZJ1,202608271178_HY_COT22:00_HNSPC-Cua hang tien loi HT Mart_PU TC401,,100,27/08/2026 00:00:00,21/08/2026 10:11:16,28/08/2026 11:11:51,,,
295896216,LT0Q8R4W62ZC1,202608271177_HY_COT22:00_HNSPC-Cafe So_PU TC401,,100,27/08/2026 00:00:00,21/08/2026 10:11:16,28/08/2026 11:11:51,,,
295896209,LT0Q8R4W62Z51,202608271176_HY_COT22:00_HNSPC-BOO MART_PU TC401,,100,27/08/2026 00:00:00,21/08/2026 10:11:16,28/08/2026 11:11:51,,,
295896202,LT0Q8R4W62YY1,202608271175_HY_COT22:00_HNSPC-Anh Quan Mobile_PU TC401,,100,27/08/2026 00:00:00,21/08/2026 10:11:15,28/08/2026 11:11:51,,,
295896195,LT0Q8R4W62YR1,202608271174_HY_COT22:00_HNSPC - Sieu thi Euro Mart_PU TC401,,100,27/08/2026 00:00:00,21/08/2026 10:11:15,28/08/2026 11:11:51,,,
295896188,LT0Q8R4W62YK1,202608271173_HY_COT22:00_AG-21-HNI Phuc Tho Hub_PU TC401,,100,27/08/2026 00:00:00,21/08/2026 10:11:15,28/08/2026 11:11:51,,,
295896181,LT0Q8R4W62YD1,202608271172_HY_COT22:00_21-HNI Thach That Hub_PU TC401,,100,27/08/2026 00:00:00,21/08/2026 10:11:15,28/08/2026 11:11:51,,,
295896174,LT0Q8R4W62Y61,202608271171_HY_COT22:00_21-HNI Thach That 5 Hub_PU TC401,,100,27/08/2026 00:00:00,21/08/2026 10:11:15,28/08/2026 11:11:50,,,
295896167,LT0Q8R4W62XZ1,202608271170_HY_COT22:00_21-HNI Thach That 4 Hub_PU TC401,,100,27/08/2026 00:00:00,21/08/2026 10:11:14,28/08/2026 11:11:50,,,
295896160,LT0Q8R4W62XS1,202608271169_HY_COT22:00_21-HNI Thach That 3 Hub_PU TC401,,100,27/08/2026 00:00:00,21/08/2026 10:11:14,28/08/2026 11:11:50,,,
295896153,LT0Q8R4W62XL1,202608271168_HY_COT22:00_21-HNI Thach That 2 Hub_PU TC401,,100,27/08/2026 00:00:00,21/08/2026 10:11:14,28/08/2026 11:11:50,,,
295896146,LT0Q8R4W62XE1,202608271167_HY_COT22:00_21-HNI Son Tay Hub_PU TC401,,100,27/08/2026 00:00:00,21/08/2026 10:11:14,28/08/2026 11:11:50,,,
295896139,LT0Q8R4W62X71,202608271166_HY_COT22:00_21-HNI Son Tay 3 Hub_PU TC401,,100,27/08/2026 00:00:00,21/08/2026 10:11:13,28/08/2026 11:11:50,,,
295896132,LT0Q8R4W62X01,202608271165_HY_COT22:00_21-HNI Son Tay 2 Hub_PU TC401,,100,27/08/2026 00:00:00,21/08/2026 10:11:13,28/08/2026 11:11:50,,,
295896125,LT0Q8R4W62WT1,202608271164_HY_COT22:00_21-HNI Quoc Oai Hub_PU TC401,,100,27/08/2026 00:00:00,21/08/2026 10:11:13,28/08/2026 11:11:50,,,
295896118,LT0Q8R4W62WM1,202608271163_HY_COT22:00_21-HNI Quoc Oai 4 Hub_PU TC401,,100,27/08/2026 00:00:00,21/08/2026 10:11:13,28/08/2026 11:11:49,,,
295896111,LT0Q8R4W62WF1,202608271162_HY_COT22:00_21-HNI Quoc Oai 3 Hub_PU TC401,,100,27/08/2026 00:00:00,21/08/2026 10:11:13,28/08/2026 11:11:49,,,
295896104,LT0Q8R4W62W81,202608271161_HY_COT22:00_21-HNI Quoc Oai 2 Hub_PU TC401,,100,27/08/2026 00:00:00,21/08/2026 10:11:12,28/08/2026 11:11:49,,,
295896097,LT0Q8R4W62W11,202608271160_HY_COT22:00_21-HNI Phuc Tho Hub_PU TC401,,100,27/08/2026 00:00:00,21/08/2026 10:11:12,28/08/2026 11:11:49,,,
295896090,LT0Q8R4W62VU1,202608271159_HY_COT22:00_21-HNI Phuc Tho 3 Hub_PU TC401,,100,27/08/2026 00:00:00,21/08/2026 10:11:12,28/08/2026 11:11:49,,,
295896083,LT0Q8R4W62VN1,202608271158_HY_COT22:00_21-HNI Phuc Tho 2 Hub_PU TC401,,100,27/08/2026 00:00:00,21/08/2026 10:11:12,28/08/2026 11:11:49,,,
295896076,LT0Q8R4W62VG1,202608271157_HY_COT22:00_21-HNI Hoai Duc Hub_PU TC401,,100,27/08/2026 00:00:00,21/08/2026 10:11:11,28/08/2026 11:11:49,,,
295896069,LT0Q8R4W62V91,202608271156_HY_COT22:00_21-HNI Hoai Duc 8 Hub_PU TC401,,100,27/08/2026 00:00:00,21/08/2026 10:11:11,28/08/2026 11:11:49,,,
295896062,LT0Q8R4W62V21,202608271155_HY_COT22:00_21-HNI Hoai Duc 7 Hub_PU TC401,,100,27/08/2026 00:00:00,21/08/2026 10:11:10,28/08/2026 11:11:48,,,
295896055,LT0Q8R4W62UV1,202608271154_HY_COT22:00_21-HNI Hoai Duc 6 Hub_PU TC401,29E-791.76,90,27/08/2026 00:00:00,21/08/2026 10:11:10,28/08/2026 00:05:10,27/08/2026 22:00:50,27/08/2026 22:00:50,SEQ 1 - 21-HNI Hoai Duc 6 Hub (3950) - 27/08/2026 22:00:50
295896048,LT0Q8R4W62UO1,202608271153_HY_COT22:00_21-HNI Hoai Duc 5 Hub_PU TC401,,100,27/08/2026 00:00:00,21/08/2026 10:11:10,28/08/2026 11:11:48,,,
295896041,LT0Q8R4W62UH1,202608271152_HY_COT22:00_21-HNI Hoai Duc 4 Hub_PU TC401,,100,27/08/2026 00:00:00,21/08/2026 10:11:10,28/08/2026 11:11:48,,,
295896034,LT0Q8R4W62UA1,202608271151_HY_COT22:00_21-HNI Hoai Duc 3 Hub_PU TC401,,100,27/08/2026 00:00:00,21/08/2026 10:11:09,28/08/2026 11:11:48,,,
295896027,LT0Q8R4W62U31,202608271150_HY_COT22:00_21-HNI Hoai Duc 2 Hub_PU TC401,,100,27/08/2026 00:00:00,21/08/2026 10:11:09,28/08/2026 11:11:48,,,
295896020,LT0Q8R4W62TW1,202608271149_HY_COT22:00_21-HNI Dan Phuong Hub_PU TC401,,100,27/08/2026 00:00:00,21/08/2026 10:11:09,28/08/2026 11:11:48,,,
295896013,LT0Q8R4W62TP1,202608271148_HY_COT22:00_21-HNI Dan Phuong 3 Hub_PU TC401,,100,27/08/2026 00:00:00,21/08/2026 10:11:09,28/08/2026 11:11:48,,,
295896006,LT0Q8R4W62TI1,202608271147_HY_COT22:00_21-HNI Dan Phuong 2 Hub_PU TC401,,100,27/08/2026 00:00:00,21/08/2026 10:11:08,28/08/2026 11:11:47,,,
295895999,LT0Q8R4W62TB1,202608271146_HY_COT22:00_21-HNI Chuong My Hub_PU TC401,,100,27/08/2026 00:00:00,21/08/2026 10:11:08,28/08/2026 11:11:47,,,
295895992,LT0Q8R4W62T41,202608271145_HY_COT22:00_21-HNI Chuong My 4 Hub_PU TC401,,100,27/08/2026 00:00:00,21/08/2026 10:11:08,28/08/2026 11:11:47,,,
295895985,LT0Q8R4W62SX1,202608271144_HY_COT22:00_21-HNI Chuong My 3 Hub_PU TC401,,100,27/08/2026 00:00:00,21/08/2026 10:11:08,28/08/2026 11:11:47,,,
295895978,LT0Q8R4W62SQ1,202608271143_HY_COT22:00_21-HNI Chuong My 2 Hub_PU TC401,,100,27/08/2026 00:00:00,21/08/2026 10:11:08,28/08/2026 11:11:47,,,
295895971,LT0Q8R4W62SJ1,202608271142_HY_COT22:00_21-HNI Ba Vi Hub_PU TC401,,100,27/08/2026 00:00:00,21/08/2026 10:11:07,28/08/2026 11:11:47,,,
295895964,LT0Q8R4W62SC1,202608271141_HY_COT22:00_21-HNI Ba Vi 4 Hub_PU TC401,,100,27/08/2026 00:00:00,21/08/2026 10:11:07,28/08/2026 11:11:47,,,
295895957,LT0Q8R4W62S51,202608271140_HY_COT22:00_21-HNI Ba Vi 3 Hub_PU TC401,,100,27/08/2026 00:00:00,21/08/2026 10:11:07,28/08/2026 11:11:47,,,
295895950,LT0Q8R4W62RY1,202608271139_HY_COT22:00_21-HNI Ba Vi 2 Hub_PU TC401,,100,27/08/2026 00:00:00,21/08/2026 10:11:07,28/08/2026 11:11:46,,,
295895943,LT0Q8R4W62RR1,202608271138_HY_COT22:00_20-HNI Thanh Xuan Hub_PU TC401,,100,27/08/2026 00:00:00,21/08/2026 10:11:06,28/08/2026 11:11:46,,,
295895936,LT0Q8R4W62RK1,202608271137_HY_COT22:00_20-HNI Thanh Xuan 7 Hub_PU TC401,,100,27/08/2026 00:00:00,21/08/2026 10:11:06,28/08/2026 11:11:46,,,
295895929,LT0Q8R4W62RD1,202608271136_HY_COT22:00_20-HNI Thanh Xuan 6 Hub_PU TC401,,100,27/08/2026 00:00:00,21/08/2026 10:11:06,28/08/2026 11:11:46,,,
295895922,LT0Q8R4W62R61,202608271135_HY_COT22:00_20-HNI Thanh Xuan 5 Hub_PU TC401,,100,27/08/2026 00:00:00,21/08/2026 10:11:06,28/08/2026 11:11:46,,,
295895915,LT0Q8R4W62QZ1,202608271134_HY_COT22:00_20-HNI Thanh Xuan 4 Hub_PU TC401,,100,27/08/2026 00:00:00,21/08/2026 10:11:06,28/08/2026 11:11:46,,,
295895908,LT0Q8R4W62QS1,202608271133_HY_COT22:00_20-HNI Thanh Xuan 3 Hub_PU TC401,,100,27/08/2026 00:00:00,21/08/2026 10:11:05,28/08/2026 11:11:46,,,
295895901,LT0Q8R4W62QL1,202608271132_HY_COT22:00_20-HNI Tu Liem Hub_PU TC401,,100,27/08/2026 00:00:00,21/08/2026 10:11:05,28/08/2026 11:11:46,,,
295895894,LT0Q8R4W62QE1,202608271131_HY_COT22:00_20-HNI Tu Liem 7 Hub_PU TC401,,100,27/08/2026 00:00:00,21/08/2026 10:11:05,28/08/2026 11:11:45,,,
295895887,LT0Q8R4W62Q71,202608271130_HY_COT22:00_20-HNI Tu Liem 6 Hub_PU TC401,,100,27/08/2026 00:00:00,21/08/2026 10:11:05,28/08/2026 11:11:45,,,
295895880,LT0Q8R4W62Q01,202608271129_HY_COT22:00_20-HNI Tu Liem 5 Hub_PU TC401,,100,27/08/2026 00:00:00,21/08/2026 10:11:05,28/08/2026 11:11:45,,,
295895873,LT0Q8R4W62PT1,202608271128_HY_COT22:00_20-HNI Tu Liem 4 Hub_PU TC401,,100,27/08/2026 00:00:00,21/08/2026 10:11:04,28/08/2026 11:11:45,,,
295895866,LT0Q8R4W62PM1,202608271127_HY_COT22:00_20-HNI Tu Liem 3 Hub_PU TC401,,100,27/08/2026 00:00:00,21/08/2026 10:11:04,28/08/2026 11:11:45,,,
295895859,LT0Q8R4W62PF1,202608271126_HY_COT22:00_20-HNI Tu Liem 2 Hub_PU TC401,,100,27/08/2026 00:00:00,21/08/2026 10:11:04,28/08/2026 11:11:45,,,
295895852,LT0Q8R4W62P81,202608271125_HY_COT22:00_20-HNI Tay Ho Hub_PU TC401,,100,27/08/2026 00:00:00,21/08/2026 10:11:04,28/08/2026 11:11:45,,,
295895845,LT0Q8R4W62P11,202608271124_HY_COT22:00_20-HNI Tay Ho 6 Hub_PU TC401,,100,27/08/2026 00:00:00,21/08/2026 10:11:03,28/08/2026 11:11:44,,,
295895838,LT0Q8R4W62OU1,202608271123_HY_COT22:00_20-HNI Tay Ho 5 Hub_PU TC401,,100,27/08/2026 00:00:00,21/08/2026 10:11:03,28/08/2026 11:11:44,,,
295895831,LT0Q8R4W62ON1,202608271122_HY_COT22:00_20-HNI Tay Ho 4 Hub_PU TC401,,100,27/08/2026 00:00:00,21/08/2026 10:11:03,28/08/2026 11:11:44,,,
295895824,LT0Q8R4W62OG1,202608271121_HY_COT22:00_20-HNI Tay Ho 3 Hub_PU TC401,,100,27/08/2026 00:00:00,21/08/2026 10:11:03,28/08/2026 11:11:44,,,
295895817,LT0Q8R4W62O91,202608271120_HY_COT22:00_20-HNI Tay Ho 2 Hub_PU TC401,,100,27/08/2026 00:00:00,21/08/2026 10:11:03,28/08/2026 11:11:44,,,
295895810,LT0Q8R4W62O21,202608271119_HY_COT22:00_20-HNI Ha Dong 9 Hub_PU TC401,,100,27/08/2026 00:00:00,21/08/2026 10:11:02,28/08/2026 11:11:44,,,
295895803,LT0Q8R4W62NV1,202608271118_HY_COT22:00_20-HNI Ha Dong 8 Hub_PU TC401,,100,27/08/2026 00:00:00,21/08/2026 10:11:02,28/08/2026 11:11:44,,,
295895796,LT0Q8R4W62NO1,202608271117_HY_COT22:00_20-HNI Ha Dong 7 Hub_PU TC401,,100,27/08/2026 00:00:00,21/08/2026 10:11:02,28/08/2026 11:11:44,,,
295895789,LT0Q8R4W62NH1,202608271116_HY_COT22:00_20-HNI Ha Dong 6 Hub_PU TC401,,100,27/08/2026 00:00:00,21/08/2026 10:11:02,28/08/2026 11:11:43,,,
295895782,LT0Q8R4W62NA1,202608271115_HY_COT22:00_20-HNI Ha Dong 5 Hub_PU TC401,,100,27/08/2026 00:00:00,21/08/2026 10:11:02,28/08/2026 11:11:43,,,
295895775,LT0Q8R4W62N31,202608271114_HY_COT22:00_20-HNI Ha Dong 4 Hub_PU TC401,,100,27/08/2026 00:00:00,21/08/2026 10:11:01,28/08/2026 11:11:43,,,
295895768,LT0Q8R4W62MW1,202608271113_HY_COT22:00_20-HNI Ha Dong 3 Hub_PU TC401,,100,27/08/2026 00:00:00,21/08/2026 10:11:01,28/08/2026 11:11:43,,,
295895761,LT0Q8R4W62MP1,202608271112_HY_COT22:00_20-HNI Ha Dong 2 Hub_PU TC401,,100,27/08/2026 00:00:00,21/08/2026 10:11:01,28/08/2026 11:11:43,,,
295895754,LT0Q8R4W62MI1,202608271111_HY_COT22:00_20-HNI Ha Dong 14 Hub_PU TC401,,100,27/08/2026 00:00:00,21/08/2026 10:11:01,28/08/2026 11:11:43,,,
295895747,LT0Q8R4W62MB1,202608271110_HY_COT22:00_20-HNI Ha Dong 13 Hub_PU TC401,,100,27/08/2026 00:00:00,21/08/2026 10:11:00,28/08/2026 11:11:43,,,
295895740,LT0Q8R4W62M41,202608271109_HY_COT22:00_20-HNI Ha Dong 12 Hub_PU TC401,,100,27/08/2026 00:00:00,21/08/2026 10:11:00,28/08/2026 11:11:42,,,
295895733,LT0Q8R4W62LX1,202608271108_HY_COT22:00_20-HNI Ha Dong 11 Hub_PU TC401,,100,27/08/2026 00:00:00,21/08/2026 10:11:00,28/08/2026 11:11:42,,,
295895726,LT0Q8R4W62LQ1,202608271107_HY_COT22:00_20-HNI Ha Dong 10 Hub_PU TC401,,100,27/08/2026 00:00:00,21/08/2026 10:11:00,28/08/2026 11:11:42,,,
295895719,LT0Q8R4W62LJ1,202608271106_HY_COT22:00_20-HNI Cau Giay Hub_PU TC401,,100,27/08/2026 00:00:00,21/08/2026 10:11:00,28/08/2026 11:11:42,,,
295895712,LT0Q8R4W62LC1,202608271105_HY_COT22:00_20-HNI Cau Giay 8 Hub_PU TC401,,100,27/08/2026 00:00:00,21/08/2026 10:10:59,28/08/2026 11:11:42,,,
295895705,LT0Q8R4W62L51,202608271104_HY_COT22:00_20-HNI Cau Giay 7 Hub_PU TC401,,100,27/08/2026 00:00:00,21/08/2026 10:10:59,28/08/2026 11:11:42,,,
295895698,LT0Q8R4W62KY1,202608271103_HY_COT22:00_20-HNI Cau Giay 6 Hub_PU TC401,,100,27/08/2026 00:00:00,21/08/2026 10:10:59,28/08/2026 11:11:42,,,
295895691,LT0Q8R4W62KR1,202608271102_HY_COT22:00_20-HNI Cau Giay 5 Hub_PU TC401,,100,27/08/2026 00:00:00,21/08/2026 10:10:59,28/08/2026 11:11:42,,,
295895684,LT0Q8R4W62KK1,202608271101_HY_COT22:00_20-HNI Cau Giay 4 Hub_PU TC401,,100,27/08/2026 00:00:00,21/08/2026 10:10:58,28/08/2026 11:11:41,,,
295895677,LT0Q8R4W62KD1,202608271100_HY_COT22:00_20-HNI Cau Giay 3 Hub_PU TC401,,100,27/08/2026 00:00:00,21/08/2026 10:10:58,28/08/2026 11:11:41,,,
295895670,LT0Q8R4W62K61,202608271099_HY_COT22:00_20-HNI Cau Giay 2 Hub_PU TC401,,100,27/08/2026 00:00:00,21/08/2026 10:10:58,28/08/2026 11:11:41,,,
295895663,LT0Q8R4W62JZ1,202608271098_HY_COT22:00_20-HNI Bac Tu Liem Hub_PU TC401,,100,27/08/2026 00:00:00,21/08/2026 10:10:58,28/08/2026 11:11:41,,,
295895656,LT0Q8R4W62JS1,202608271097_HY_COT22:00_20-HNI Bac Tu Liem 9 Hub_PU TC401,,100,27/08/2026 00:00:00,21/08/2026 10:10:58,28/08/2026 11:11:41,,,
295895649,LT0Q8R4W62JL1,202608271096_HY_COT22:00_20-HNI Bac Tu Liem 8 Hub_PU TC401,,100,27/08/2026 00:00:00,21/08/2026 10:10:57,28/08/2026 11:11:41,,,
295895642,LT0Q8R4W62JE1,202608271095_HY_COT22:00_20-HNI Bac Tu Liem 7 Hub_PU TC401,,100,27/08/2026 00:00:00,21/08/2026 10:10:57,28/08/2026 11:11:41,,,
295895635,LT0Q8R4W62J71,202608271094_HY_COT22:00_20-HNI Bac Tu Liem 6 Hub_PU TC401,,100,27/08/2026 00:00:00,21/08/2026 10:10:57,28/08/2026 11:11:40,,,
295895628,LT0Q8R4W62J01,202608271093_HY_COT22:00_20-HNI Bac Tu Liem 5 Hub_PU TC401,,100,27/08/2026 00:00:00,21/08/2026 10:10:57,28/08/2026 11:11:40,,,
295895621,LT0Q8R4W62IT1,202608271092_HY_COT22:00_20-HNI Bac Tu Liem 4 Hub_PU TC401,,100,27/08/2026 00:00:00,21/08/2026 10:10:57,28/08/2026 11:11:40,,,
295895614,LT0Q8R4W62IM1,202608271091_HY_COT22:00_20-HNI Bac Tu Liem 3 Hub_PU TC401,,100,27/08/2026 00:00:00,21/08/2026 10:10:56,28/08/2026 11:11:40,,,
295895607,LT0Q8R4W62IF1,202608271090_HY_COT22:00_20-HNI Bac Tu Liem 2 Hub_PU TC401,,100,27/08/2026 00:00:00,21/08/2026 10:10:56,28/08/2026 11:11:40,,,
295891442,LT0Q8R4W5ZAQ1,20260827495_HY_COT13:30_HNSPC-Trung tam dien tu tin hoc QH_PU TC401,,100,27/08/2026 00:00:00,21/08/2026 10:08:33,28/08/2026 02:15:50,,,
295891435,LT0Q8R4W5ZAJ1,20260827494_HY_COT13:30_HNSPC-Thuc pham sach Ngoc Han_PU TC401,,100,27/08/2026 00:00:00,21/08/2026 10:08:33,28/08/2026 02:15:50,,,
295891428,LT0Q8R4W5ZAC1,20260827493_HY_COT13:30_HNSPC-Thuc Pham Sach KALE FARM_PU TC401,,100,27/08/2026 00:00:00,21/08/2026 10:08:33,28/08/2026 02:15:50,,,
295891421,LT0Q8R4W5ZA51,20260827492_HY_COT13:30_HNSPC-Store 2T_PU TC401,,100,27/08/2026 00:00:00,21/08/2026 10:08:33,28/08/2026 02:15:50,,,
295891414,LT0Q8R4W5Z9Y1,20260827491_HY_COT13:30_HNSPC-Phu kien dien thoai Manh Anh_PU TC401,,100,27/08/2026 00:00:00,21/08/2026 10:08:32,28/08/2026 02:15:49,,,
295891407,LT0Q8R4W5Z9R1,20260827490_HY_COT13:30_HNSPC-Phong ve Bac Viet_PU TC401,,100,27/08/2026 00:00:00,21/08/2026 10:08:32,28/08/2026 02:15:49,,,
295891400,LT0Q8R4W5Z9K1,20260827489_HY_COT13:30_HNSPC-Mon Pet Shop_PU TC401,,100,27/08/2026 00:00:00,21/08/2026 10:08:32,28/08/2026 02:15:49,,,
295891393,LT0Q8R4W5Z9D1,20260827488_HY_COT13:30_HNSPC-Mini Mart_PU TC401,,100,27/08/2026 00:00:00,21/08/2026 10:08:32,28/08/2026 02:15:49,,,
295891386,LT0Q8R4W5Z961,20260827487_HY_COT13:30_HNSPC-Kiwi Store_PU TC401,,100,27/08/2026 00:00:00,21/08/2026 10:08:32,28/08/2026 02:15:49,,,
295891379,LT0Q8R4W5Z8Z1,20260827486_HY_COT13:30_HNSPC-HOAI THUONG SHOP_PU TC401,,100,27/08/2026 00:00:00,21/08/2026 10:08:31,28/08/2026 02:15:49,,,
295891372,LT0Q8R4W5Z8S1,20260827485_HY_COT13:30_HNSPC-Cua hang tien loi HT Mart_PU TC401,,100,27/08/2026 00:00:00,21/08/2026 10:08:31,28/08/2026 02:15:49,,,
295891365,LT0Q8R4W5Z8L1,20260827484_HY_COT13:30_HNSPC-Cafe So_PU TC401,,100,27/08/2026 00:00:00,21/08/2026 10:08:31,28/08/2026 02:15:49,,,
295891358,LT0Q8R4W5Z8E1,20260827483_HY_COT13:30_HNSPC-BOO MART_PU TC401,,100,27/08/2026 00:00:00,21/08/2026 10:08:31,28/08/2026 02:15:48,,,
295891351,LT0Q8R4W5Z871,20260827482_HY_COT13:30_HNSPC-Anh Quan Mobile_PU TC401,,100,27/08/2026 00:00:00,21/08/2026 10:08:30,28/08/2026 02:15:48,,,
295891344,LT0Q8R4W5Z801,20260827481_HY_COT13:30_HNSPC - Sieu thi Euro Mart_PU TC401,,100,27/08/2026 00:00:00,21/08/2026 10:08:30,28/08/2026 02:15:48,,,
295891337,LT0Q8R4W5Z7T1,20260827480_HY_COT13:30_AG-21-HNI Phuc Tho Hub_PU TC401,,100,27/08/2026 00:00:00,21/08/2026 10:08:30,28/08/2026 02:15:48,,,
295891330,LT0Q8R4W5Z7M1,20260827479_HY_COT13:30_21-HNI Thach That Hub_PU TC401,,100,27/08/2026 00:00:00,21/08/2026 10:08:30,28/08/2026 02:15:48,,,
295891323,LT0Q8R4W5Z7F1,20260827478_HY_COT13:30_21-HNI Thach That 5 Hub_PU TC401,,100,27/08/2026 00:00:00,21/08/2026 10:08:30,28/08/2026 02:15:48,,,
295891316,LT0Q8R4W5Z781,20260827477_HY_COT13:30_21-HNI Thach That 4 Hub_PU TC401,,100,27/08/2026 00:00:00,21/08/2026 10:08:29,28/08/2026 02:15:48,,,
295891309,LT0Q8R4W5Z711,20260827476_HY_COT13:30_21-HNI Thach That 3 Hub_PU TC401,,100,27/08/2026 00:00:00,21/08/2026 10:08:29,28/08/2026 02:15:47,,,
295891302,LT0Q8R4W5Z6U1,20260827475_HY_COT13:30_21-HNI Thach That 2 Hub_PU TC401,,100,27/08/2026 00:00:00,21/08/2026 10:08:29,28/08/2026 02:15:47,,,
295891295,LT0Q8R4W5Z6N1,20260827474_HY_COT13:30_21-HNI Son Tay Hub_PU TC401,,100,27/08/2026 00:00:00,21/08/2026 10:08:29,28/08/2026 02:15:47,,,
295891288,LT0Q8R4W5Z6G1,20260827473_HY_COT13:30_21-HNI Son Tay 3 Hub_PU TC401,,100,27/08/2026 00:00:00,21/08/2026 10:08:29,28/08/2026 02:15:47,,,
295891281,LT0Q8R4W5Z691,20260827472_HY_COT13:30_21-HNI Son Tay 2 Hub_PU TC401,,100,27/08/2026 00:00:00,21/08/2026 10:08:28,28/08/2026 02:15:47,,,
295891274,LT0Q8R4W5Z621,20260827471_HY_COT13:30_21-HNI Quoc Oai Hub_PU TC401,,100,27/08/2026 00:00:00,21/08/2026 10:08:28,28/08/2026 02:15:47,,,
295891267,LT0Q8R4W5Z5V1,20260827470_HY_COT13:30_21-HNI Quoc Oai 4 Hub_PU TC401,,100,27/08/2026 00:00:00,21/08/2026 10:08:28,28/08/2026 02:15:47,,,
295891260,LT0Q8R4W5Z5O1,20260827469_HY_COT13:30_21-HNI Quoc Oai 3 Hub_PU TC401,,100,27/08/2026 00:00:00,21/08/2026 10:08:28,28/08/2026 02:15:46,,,
295891253,LT0Q8R4W5Z5H1,20260827468_HY_COT13:30_21-HNI Quoc Oai 2 Hub_PU TC401,,100,27/08/2026 00:00:00,21/08/2026 10:08:28,28/08/2026 02:15:46,,,
295891246,LT0Q8R4W5Z5A1,20260827467_HY_COT13:30_21-HNI Phuc Tho Hub_PU TC401,,100,27/08/2026 00:00:00,21/08/2026 10:08:27,28/08/2026 02:15:46,,,
295891239,LT0Q8R4W5Z531,20260827466_HY_COT13:30_21-HNI Phuc Tho 3 Hub_PU TC401,,100,27/08/2026 00:00:00,21/08/2026 10:08:27,28/08/2026 02:15:46,,,
295891232,LT0Q8R4W5Z4W1,20260827465_HY_COT13:30_21-HNI Phuc Tho 2 Hub_PU TC401,,100,27/08/2026 00:00:00,21/08/2026 10:08:27,28/08/2026 02:15:46,,,
295891225,LT0Q8R4W5Z4P1,20260827464_HY_COT13:30_21-HNI Hoai Duc Hub_PU TC401,,100,27/08/2026 00:00:00,21/08/2026 10:08:27,28/08/2026 02:15:46,,,
295891218,LT0Q8R4W5Z4I1,20260827463_HY_COT13:30_21-HNI Hoai Duc 8 Hub_PU TC401,,100,27/08/2026 00:00:00,21/08/2026 10:08:27,28/08/2026 02:15:46,,,
295891211,LT0Q8R4W5Z4B1,20260827462_HY_COT13:30_21-HNI Hoai Duc 7 Hub_PU TC401,,100,27/08/2026 00:00:00,21/08/2026 10:08:26,28/08/2026 02:15:45,,,
295891204,LT0Q8R4W5Z441,20260827461_HY_COT13:30_21-HNI Hoai Duc 6 Hub_PU TC401,,100,27/08/2026 00:00:00,21/08/2026 10:08:26,28/08/2026 02:15:45,,,
295891197,LT0Q8R4W5Z3X1,20260827460_HY_COT13:30_21-HNI Hoai Duc 5 Hub_PU TC401,,100,27/08/2026 00:00:00,21/08/2026 10:08:26,28/08/2026 02:15:45,,,
295891190,LT0Q8R4W5Z3Q1,20260827459_HY_COT13:30_21-HNI Hoai Duc 4 Hub_PU TC401,,100,27/08/2026 00:00:00,21/08/2026 10:08:26,28/08/2026 02:15:45,,,
295891183,LT0Q8R4W5Z3J1,20260827458_HY_COT13:30_21-HNI Hoai Duc 3 Hub_PU TC401,,100,27/08/2026 00:00:00,21/08/2026 10:08:26,28/08/2026 02:15:45,,,
295891176,LT0Q8R4W5Z3C1,20260827457_HY_COT13:30_21-HNI Hoai Duc 2 Hub_PU TC401,,100,27/08/2026 00:00:00,21/08/2026 10:08:25,28/08/2026 02:15:45,,,
295891169,LT0Q8R4W5Z351,20260827456_HY_COT13:30_21-HNI Dan Phuong Hub_PU TC401,,100,27/08/2026 00:00:00,21/08/2026 10:08:25,28/08/2026 02:15:45,,,
295891162,LT0Q8R4W5Z2Y1,20260827455_HY_COT13:30_21-HNI Dan Phuong 3 Hub_PU TC401,,100,27/08/2026 00:00:00,21/08/2026 10:08:25,28/08/2026 02:15:45,,,
295891155,LT0Q8R4W5Z2R1,20260827454_HY_COT13:30_21-HNI Dan Phuong 2 Hub_PU TC401,,100,27/08/2026 00:00:00,21/08/2026 10:08:25,28/08/2026 02:15:44,,,
295891148,LT0Q8R4W5Z2K1,20260827453_HY_COT13:30_21-HNI Chuong My Hub_PU TC401,,100,27/08/2026 00:00:00,21/08/2026 10:08:24,28/08/2026 02:15:44,,,
295891141,LT0Q8R4W5Z2D1,20260827452_HY_COT13:30_21-HNI Chuong My 4 Hub_PU TC401,,100,27/08/2026 00:00:00,21/08/2026 10:08:24,28/08/2026 02:15:44,,,
295891134,LT0Q8R4W5Z261,20260827451_HY_COT13:30_21-HNI Chuong My 3 Hub_PU TC401,,100,27/08/2026 00:00:00,21/08/2026 10:08:23,28/08/2026 02:15:44,,,
295891127,LT0Q8R4W5Z1Z1,20260827450_HY_COT13:30_21-HNI Chuong My 2 Hub_PU TC401,,100,27/08/2026 00:00:00,21/08/2026 10:08:23,28/08/2026 02:15:44,,,
295891120,LT0Q8R4W5Z1S1,20260827449_HY_COT13:30_21-HNI Ba Vi Hub_PU TC401,,100,27/08/2026 00:00:00,21/08/2026 10:08:23,28/08/2026 02:15:44,,,
295891113,LT0Q8R4W5Z1L1,20260827448_HY_COT13:30_21-HNI Ba Vi 4 Hub_PU TC401,,100,27/08/2026 00:00:00,21/08/2026 10:08:23,28/08/2026 02:15:44,,,
295891106,LT0Q8R4W5Z1E1,20260827447_HY_COT13:30_21-HNI Ba Vi 3 Hub_PU TC401,,100,27/08/2026 00:00:00,21/08/2026 10:08:23,28/08/2026 02:15:44,,,
295891099,LT0Q8R4W5Z171,20260827446_HY_COT13:30_21-HNI Ba Vi 2 Hub_PU TC401,,100,27/08/2026 00:00:00,21/08/2026 10:08:22,28/08/2026 02:15:43,,,
295891092,LT0Q8R4W5Z101,20260827445_HY_COT13:30_20-HNI Thanh Xuan Hub_PU TC401,,100,27/08/2026 00:00:00,21/08/2026 10:08:22,28/08/2026 02:15:43,,,
295891085,LT0Q8R4W5Z0T1,20260827444_HY_COT13:30_20-HNI Thanh Xuan 7 Hub_PU TC401,,100,27/08/2026 00:00:00,21/08/2026 10:08:22,28/08/2026 02:15:43,,,
295891078,LT0Q8R4W5Z0M1,20260827443_HY_COT13:30_20-HNI Thanh Xuan 6 Hub_PU TC401,,100,27/08/2026 00:00:00,21/08/2026 10:08:22,28/08/2026 02:15:43,,,
295891071,LT0Q8R4W5Z0F1,20260827442_HY_COT13:30_20-HNI Thanh Xuan 5 Hub_PU TC401,,100,27/08/2026 00:00:00,21/08/2026 10:08:22,28/08/2026 02:15:43,,,
295891064,LT0Q8R4W5Z081,20260827441_HY_COT13:30_20-HNI Thanh Xuan 4 Hub_PU TC401,,100,27/08/2026 00:00:00,21/08/2026 10:08:21,28/08/2026 02:15:43,,,
295891057,LT0Q8R4W5Z011,20260827440_HY_COT13:30_20-HNI Thanh Xuan 3 Hub_PU TC401,,100,27/08/2026 00:00:00,21/08/2026 10:08:21,28/08/2026 02:15:43,,,
295891050,LT0Q8R4W5YZU1,20260827439_HY_COT13:30_20-HNI Tu Liem Hub_PU TC401,,100,27/08/2026 00:00:00,21/08/2026 10:08:21,28/08/2026 02:15:42,,,
295891043,LT0Q8R4W5YZN1,20260827438_HY_COT13:30_20-HNI Tu Liem 7 Hub_PU TC401,,100,27/08/2026 00:00:00,21/08/2026 10:08:21,28/08/2026 02:15:42,,,
295891036,LT0Q8R4W5YZG1,20260827437_HY_COT13:30_20-HNI Tu Liem 6 Hub_PU TC401,,100,27/08/2026 00:00:00,21/08/2026 10:08:20,28/08/2026 02:15:42,,,
295891029,LT0Q8R4W5YZ91,20260827436_HY_COT13:30_20-HNI Tu Liem 5 Hub_PU TC401,,100,27/08/2026 00:00:00,21/08/2026 10:08:20,28/08/2026 02:15:42,,,
295891022,LT0Q8R4W5YZ21,20260827435_HY_COT13:30_20-HNI Tu Liem 4 Hub_PU TC401,,100,27/08/2026 00:00:00,21/08/2026 10:08:20,28/08/2026 02:15:42,,,
295891015,LT0Q8R4W5YYV1,20260827434_HY_COT13:30_20-HNI Tu Liem 3 Hub_PU TC401,,100,27/08/2026 00:00:00,21/08/2026 10:08:20,28/08/2026 02:15:42,,,
295891008,LT0Q8R4W5YYO1,20260827433_HY_COT13:30_20-HNI Tu Liem 2 Hub_PU TC401,,100,27/08/2026 00:00:00,21/08/2026 10:08:20,28/08/2026 02:15:42,,,
295891001,LT0Q8R4W5YYH1,20260827432_HY_COT13:30_20-HNI Tay Ho Hub_PU TC401,,100,27/08/2026 00:00:00,21/08/2026 10:08:19,28/08/2026 02:15:41,,,
295890994,LT0Q8R4W5YYA1,20260827431_HY_COT13:30_20-HNI Tay Ho 6 Hub_PU TC401,,100,27/08/2026 00:00:00,21/08/2026 10:08:19,28/08/2026 02:15:41,,,
295890987,LT0Q8R4W5YY31,20260827430_HY_COT13:30_20-HNI Tay Ho 5 Hub_PU TC401,,100,27/08/2026 00:00:00,21/08/2026 10:08:19,28/08/2026 02:15:41,,,
295890980,LT0Q8R4W5YXW1,20260827429_HY_COT13:30_20-HNI Tay Ho 4 Hub_PU TC401,,100,27/08/2026 00:00:00,21/08/2026 10:08:19,28/08/2026 02:15:41,,,
295890973,LT0Q8R4W5YXP1,20260827428_HY_COT13:30_20-HNI Tay Ho 3 Hub_PU TC401,,100,27/08/2026 00:00:00,21/08/2026 10:08:19,28/08/2026 02:15:41,,,
295890966,LT0Q8R4W5YXI1,20260827427_HY_COT13:30_20-HNI Tay Ho 2 Hub_PU TC401,,100,27/08/2026 00:00:00,21/08/2026 10:08:18,28/08/2026 02:15:41,,,
295890959,LT0Q8R4W5YXB1,20260827426_HY_COT13:30_20-HNI Ha Dong 9 Hub_PU TC401,,100,27/08/2026 00:00:00,21/08/2026 10:08:18,28/08/2026 02:15:41,,,
295890952,LT0Q8R4W5YX41,20260827425_HY_COT13:30_20-HNI Ha Dong 8 Hub_PU TC401,,100,27/08/2026 00:00:00,21/08/2026 10:08:18,28/08/2026 02:15:41,,,
295890945,LT0Q8R4W5YWX1,20260827424_HY_COT13:30_20-HNI Ha Dong 7 Hub_PU TC401,,100,27/08/2026 00:00:00,21/08/2026 10:08:18,28/08/2026 02:15:40,,,
295890938,LT0Q8R4W5YWQ1,20260827423_HY_COT13:30_20-HNI Ha Dong 6 Hub_PU TC401,,100,27/08/2026 00:00:00,21/08/2026 10:08:17,28/08/2026 02:15:40,,,
295890931,LT0Q8R4W5YWJ1,20260827422_HY_COT13:30_20-HNI Ha Dong 5 Hub_PU TC401,,100,27/08/2026 00:00:00,21/08/2026 10:08:17,28/08/2026 02:15:40,,,
295890924,LT0Q8R4W5YWC1,20260827421_HY_COT13:30_20-HNI Ha Dong 4 Hub_PU TC401,,100,27/08/2026 00:00:00,21/08/2026 10:08:17,28/08/2026 02:15:40,,,
295890917,LT0Q8R4W5YW51,20260827420_HY_COT13:30_20-HNI Ha Dong 3 Hub_PU TC401,,100,27/08/2026 00:00:00,21/08/2026 10:08:17,28/08/2026 02:15:40,,,
295890910,LT0Q8R4W5YVY1,20260827419_HY_COT13:30_20-HNI Ha Dong 2 Hub_PU TC401,,100,27/08/2026 00:00:00,21/08/2026 10:08:17,28/08/2026 02:15:40,,,
295890903,LT0Q8R4W5YVR1,20260827418_HY_COT13:30_20-HNI Ha Dong 14 Hub_PU TC401,,100,27/08/2026 00:00:00,21/08/2026 10:08:16,28/08/2026 02:15:40,,,
295890896,LT0Q8R4W5YVK1,20260827417_HY_COT13:30_20-HNI Ha Dong 13 Hub_PU TC401,,100,27/08/2026 00:00:00,21/08/2026 10:08:16,28/08/2026 02:15:40,,,
295890889,LT0Q8R4W5YVD1,20260827416_HY_COT13:30_20-HNI Ha Dong 12 Hub_PU TC401,,100,27/08/2026 00:00:00,21/08/2026 10:08:16,28/08/2026 02:15:39,,,
295890882,LT0Q8R4W5YV61,20260827415_HY_COT13:30_20-HNI Ha Dong 11 Hub_PU TC401,,100,27/08/2026 00:00:00,21/08/2026 10:08:16,28/08/2026 02:15:39,,,
295890875,LT0Q8R4W5YUZ1,20260827414_HY_COT13:30_20-HNI Ha Dong 10 Hub_PU TC401,,100,27/08/2026 00:00:00,21/08/2026 10:08:16,28/08/2026 02:15:39,,,
295890868,LT0Q8R4W5YUS1,20260827413_HY_COT13:30_20-HNI Cau Giay Hub_PU TC401,,100,27/08/2026 00:00:00,21/08/2026 10:08:15,28/08/2026 02:15:39,,,
295890861,LT0Q8R4W5YUL1,20260827412_HY_COT13:30_20-HNI Cau Giay 8 Hub_PU TC401,,100,27/08/2026 00:00:00,21/08/2026 10:08:15,28/08/2026 02:15:39,,,
295890854,LT0Q8R4W5YUE1,20260827411_HY_COT13:30_20-HNI Cau Giay 7 Hub_PU TC401,,100,27/08/2026 00:00:00,21/08/2026 10:08:14,28/08/2026 02:15:39,,,
295890847,LT0Q8R4W5YU71,20260827410_HY_COT13:30_20-HNI Cau Giay 6 Hub_PU TC401,,100,27/08/2026 00:00:00,21/08/2026 10:08:14,28/08/2026 02:15:39,,,
295890840,LT0Q8R4W5YU01,20260827409_HY_COT13:30_20-HNI Cau Giay 5 Hub_PU TC401,,100,27/08/2026 00:00:00,21/08/2026 10:08:14,28/08/2026 02:15:39,,,
295890833,LT0Q8R4W5YTT1,20260827408_HY_COT13:30_20-HNI Cau Giay 4 Hub_PU TC401,,100,27/08/2026 00:00:00,21/08/2026 10:08:14,28/08/2026 02:15:38,,,
295890826,LT0Q8R4W5YTM1,20260827407_HY_COT13:30_20-HNI Cau Giay 3 Hub_PU TC401,,100,27/08/2026 00:00:00,21/08/2026 10:08:14,28/08/2026 02:15:38,,,
295890819,LT0Q8R4W5YTF1,20260827406_HY_COT13:30_20-HNI Cau Giay 2 Hub_PU TC401,,100,27/08/2026 00:00:00,21/08/2026 10:08:13,28/08/2026 02:15:38,,,
295890812,LT0Q8R4W5YT81,20260827405_HY_COT13:30_20-HNI Bac Tu Liem Hub_PU TC401,,100,27/08/2026 00:00:00,21/08/2026 10:08:13,28/08/2026 02:15:38,,,
295890805,LT0Q8R4W5YT11,20260827404_HY_COT13:30_20-HNI Bac Tu Liem 9 Hub_PU TC401,,100,27/08/2026 00:00:00,21/08/2026 10:08:13,28/08/2026 02:15:38,,,
295890798,LT0Q8R4W5YSU1,20260827403_HY_COT13:30_20-HNI Bac Tu Liem 8 Hub_PU TC401,,100,27/08/2026 00:00:00,21/08/2026 10:08:13,28/08/2026 02:15:38,,,
295890791,LT0Q8R4W5YSN1,20260827402_HY_COT13:30_20-HNI Bac Tu Liem 7 Hub_PU TC401,,100,27/08/2026 00:00:00,21/08/2026 10:08:12,28/08/2026 02:15:38,,,
295890784,LT0Q8R4W5YSG1,20260827401_HY_COT13:30_20-HNI Bac Tu Liem 6 Hub_PU TC401,,100,27/08/2026 00:00:00,21/08/2026 10:08:12,28/08/2026 02:15:38,,,
295890777,LT0Q8R4W5YS91,20260827400_HY_COT13:30_20-HNI Bac Tu Liem 5 Hub_PU TC401,,100,27/08/2026 00:00:00,21/08/2026 10:08:12,28/08/2026 02:15:37,,,
295890770,LT0Q8R4W5YS21,20260827399_HY_COT13:30_20-HNI Bac Tu Liem 4 Hub_PU TC401,,100,27/08/2026 00:00:00,21/08/2026 10:08:12,28/08/2026 02:15:37,,,
295890763,LT0Q8R4W5YRV1,20260827398_HY_COT13:30_20-HNI Bac Tu Liem 3 Hub_PU TC401,,100,27/08/2026 00:00:00,21/08/2026 10:08:12,28/08/2026 02:15:37,,,
295890756,LT0Q8R4W5YRO1,20260827397_HY_COT13:30_20-HNI Bac Tu Liem 2 Hub_PU TC401,,100,27/08/2026 00:00:00,21/08/2026 10:08:11,28/08/2026 02:15:37,,,
295882472,LT0Q8R4W5SDK1,202608271188_HY_COT22:00_HNSPC-Trung tam dien tu tin hoc QH_PU TC301,,100,27/08/2026 00:00:00,21/08/2026 10:03:25,28/08/2026 11:10:18,,,
295882465,LT0Q8R4W5SDD1,202608271187_HY_COT22:00_HNSPC-Thuc pham sach Ngoc Han_PU TC301,,100,27/08/2026 00:00:00,21/08/2026 10:03:25,28/08/2026 11:10:18,,,
295882458,LT0Q8R4W5SD61,202608271186_HY_COT22:00_HNSPC-Thuc Pham Sach KALE FARM_PU TC301,,100,27/08/2026 00:00:00,21/08/2026 10:03:25,28/08/2026 11:10:18,,,
295882451,LT0Q8R4W5SCZ1,202608271185_HY_COT22:00_HNSPC-Store 2T_PU TC301,,100,27/08/2026 00:00:00,21/08/2026 10:03:25,28/08/2026 11:10:18,,,
295882444,LT0Q8R4W5SCS1,202608271184_HY_COT22:00_HNSPC-Phu kien dien thoai Manh Anh_PU TC301,,100,27/08/2026 00:00:00,21/08/2026 10:03:24,28/08/2026 11:10:18,,,
295882437,LT0Q8R4W5SCL1,202608271183_HY_COT22:00_HNSPC-Phong ve Bac Viet_PU TC301,,100,27/08/2026 00:00:00,21/08/2026 10:03:24,28/08/2026 11:10:18,,,
295882430,LT0Q8R4W5SCE1,202608271182_HY_COT22:00_HNSPC-Mon Pet Shop_PU TC301,,100,27/08/2026 00:00:00,21/08/2026 10:03:24,28/08/2026 11:10:17,,,
295882423,LT0Q8R4W5SC71,202608271181_HY_COT22:00_HNSPC-Mini Mart_PU TC301,,100,27/08/2026 00:00:00,21/08/2026 10:03:24,28/08/2026 11:10:17,,,
295882416,LT0Q8R4W5SC01,202608271180_HY_COT22:00_HNSPC-Kiwi Store_PU TC301,,100,27/08/2026 00:00:00,21/08/2026 10:03:24,28/08/2026 11:10:17,,,
295882409,LT0Q8R4W5SBT1,202608271179_HY_COT22:00_HNSPC-HOAI THUONG SHOP_PU TC301,,100,27/08/2026 00:00:00,21/08/2026 10:03:23,28/08/2026 11:10:17,,,
295882402,LT0Q8R4W5SBM1,202608271178_HY_COT22:00_HNSPC-Cua hang tien loi HT Mart_PU TC301,,100,27/08/2026 00:00:00,21/08/2026 10:03:23,28/08/2026 11:10:17,,,
295882395,LT0Q8R4W5SBF1,202608271177_HY_COT22:00_HNSPC-Cafe So_PU TC301,,100,27/08/2026 00:00:00,21/08/2026 10:03:23,28/08/2026 11:10:17,,,
295882388,LT0Q8R4W5SB81,202608271176_HY_COT22:00_HNSPC-BOO MART_PU TC301,,100,27/08/2026 00:00:00,21/08/2026 10:03:23,28/08/2026 11:10:16,,,
295882381,LT0Q8R4W5SB11,202608271175_HY_COT22:00_HNSPC-Anh Quan Mobile_PU TC301,,100,27/08/2026 00:00:00,21/08/2026 10:03:22,28/08/2026 11:10:16,,,
295882374,LT0Q8R4W5SAU1,202608271174_HY_COT22:00_HNSPC - Sieu thi Euro Mart_PU TC301,,100,27/08/2026 00:00:00,21/08/2026 10:03:22,28/08/2026 11:10:16,,,
295882367,LT0Q8R4W5SAN1,202608271173_HY_COT22:00_AG-21-HNI Phuc Tho Hub_PU TC301,,100,27/08/2026 00:00:00,21/08/2026 10:03:22,28/08/2026 11:10:16,,,
295882360,LT0Q8R4W5SAG1,202608271172_HY_COT22:00_21-HNI Thach That Hub_PU TC301,,100,27/08/2026 00:00:00,21/08/2026 10:03:22,28/08/2026 11:10:16,,,
295882353,LT0Q8R4W5SA91,202608271171_HY_COT22:00_21-HNI Thach That 5 Hub_PU TC301,,100,27/08/2026 00:00:00,21/08/2026 10:03:22,28/08/2026 11:10:16,,,
295882346,LT0Q8R4W5SA21,202608271170_HY_COT22:00_21-HNI Thach That 4 Hub_PU TC301,,100,27/08/2026 00:00:00,21/08/2026 10:03:21,28/08/2026 11:10:16,,,
295882339,LT0Q8R4W5S9V1,202608271169_HY_COT22:00_21-HNI Thach That 3 Hub_PU TC301,,100,27/08/2026 00:00:00,21/08/2026 10:03:21,28/08/2026 11:10:15,,,
295882332,LT0Q8R4W5S9O1,202608271168_HY_COT22:00_21-HNI Thach That 2 Hub_PU TC301,,100,27/08/2026 00:00:00,21/08/2026 10:03:21,28/08/2026 11:10:15,,,
295882325,LT0Q8R4W5S9H1,202608271167_HY_COT22:00_21-HNI Son Tay Hub_PU TC301,,100,27/08/2026 00:00:00,21/08/2026 10:03:20,28/08/2026 11:10:15,,,
295882318,LT0Q8R4W5S9A1,202608271166_HY_COT22:00_21-HNI Son Tay 3 Hub_PU TC301,,100,27/08/2026 00:00:00,21/08/2026 10:03:20,28/08/2026 11:10:15,,,
295882311,LT0Q8R4W5S931,202608271165_HY_COT22:00_21-HNI Son Tay 2 Hub_PU TC301,,100,27/08/2026 00:00:00,21/08/2026 10:03:20,28/08/2026 11:19:44,,,
295882304,LT0Q8R4W5S8W1,202608271164_HY_COT22:00_21-HNI Quoc Oai Hub_PU TC301,,100,27/08/2026 00:00:00,21/08/2026 10:03:20,28/08/2026 11:10:15,,,
295882297,LT0Q8R4W5S8P1,202608271163_HY_COT22:00_21-HNI Quoc Oai 4 Hub_PU TC301,,100,27/08/2026 00:00:00,21/08/2026 10:03:20,28/08/2026 11:10:15,,,
295882290,LT0Q8R4W5S8I1,202608271162_HY_COT22:00_21-HNI Quoc Oai 3 Hub_PU TC301,,100,27/08/2026 00:00:00,21/08/2026 10:03:19,28/08/2026 11:10:15,,,
295882283,LT0Q8R4W5S8B1,202608271161_HY_COT22:00_21-HNI Quoc Oai 2 Hub_PU TC301,,100,27/08/2026 00:00:00,21/08/2026 10:03:19,28/08/2026 11:10:14,,,
295882276,LT0Q8R4W5S841,202608271160_HY_COT22:00_21-HNI Phuc Tho Hub_PU TC301,,100,27/08/2026 00:00:00,21/08/2026 10:03:19,28/08/2026 11:10:14,,,
295882269,LT0Q8R4W5S7X1,202608271159_HY_COT22:00_21-HNI Phuc Tho 3 Hub_PU TC301,,100,27/08/2026 00:00:00,21/08/2026 10:03:19,28/08/2026 11:10:14,,,
295882262,LT0Q8R4W5S7Q1,202608271158_HY_COT22:00_21-HNI Phuc Tho 2 Hub_PU TC301,,100,27/08/2026 00:00:00,21/08/2026 10:03:18,28/08/2026 11:10:14,,,
295882255,LT0Q8R4W5S7J1,202608271157_HY_COT22:00_21-HNI Hoai Duc Hub_PU TC301,,100,27/08/2026 00:00:00,21/08/2026 10:03:18,28/08/2026 11:10:14,,,
295882248,LT0Q8R4W5S7C1,202608271156_HY_COT22:00_21-HNI Hoai Duc 8 Hub_PU TC301,,100,27/08/2026 00:00:00,21/08/2026 10:03:17,28/08/2026 11:10:14,,,
295882241,LT0Q8R4W5S751,202608271155_HY_COT22:00_21-HNI Hoai Duc 7 Hub_PU TC301,,100,27/08/2026 00:00:00,21/08/2026 10:03:17,28/08/2026 11:10:14,,,
295882234,LT0Q8R4W5S6Y1,202608271154_HY_COT22:00_21-HNI Hoai Duc 6 Hub_PU TC301,,100,27/08/2026 00:00:00,21/08/2026 10:03:17,28/08/2026 11:10:14,,,
295882227,LT0Q8R4W5S6R1,202608271153_HY_COT22:00_21-HNI Hoai Duc 5 Hub_PU TC301,,100,27/08/2026 00:00:00,21/08/2026 10:03:17,28/08/2026 11:10:13,,,
295882220,LT0Q8R4W5S6K1,202608271152_HY_COT22:00_21-HNI Hoai Duc 4 Hub_PU TC301,,100,27/08/2026 00:00:00,21/08/2026 10:03:16,28/08/2026 11:10:13,,,
295882213,LT0Q8R4W5S6D1,202608271151_HY_COT22:00_21-HNI Hoai Duc 3 Hub_PU TC301,,100,27/08/2026 00:00:00,21/08/2026 10:03:16,28/08/2026 11:10:13,,,
295882206,LT0Q8R4W5S661,202608271150_HY_COT22:00_21-HNI Hoai Duc 2 Hub_PU TC301,,100,27/08/2026 00:00:00,21/08/2026 10:03:16,28/08/2026 11:10:13,,,
295882199,LT0Q8R4W5S5Z1,202608271149_HY_COT22:00_21-HNI Dan Phuong Hub_PU TC301,,100,27/08/2026 00:00:00,21/08/2026 10:03:16,28/08/2026 11:10:13,,,
295882192,LT0Q8R4W5S5S1,202608271148_HY_COT22:00_21-HNI Dan Phuong 3 Hub_PU TC301,,100,27/08/2026 00:00:00,21/08/2026 10:03:15,28/08/2026 11:10:13,,,
295882185,LT0Q8R4W5S5L1,202608271147_HY_COT22:00_21-HNI Dan Phuong 2 Hub_PU TC301,,100,27/08/2026 00:00:00,21/08/2026 10:03:15,28/08/2026 11:10:13,,,
295882178,LT0Q8R4W5S5E1,202608271146_HY_COT22:00_21-HNI Chuong My Hub_PU TC301,,100,27/08/2026 00:00:00,21/08/2026 10:03:15,28/08/2026 11:10:12,,,
295882171,LT0Q8R4W5S571,202608271145_HY_COT22:00_21-HNI Chuong My 4 Hub_PU TC301,,100,27/08/2026 00:00:00,21/08/2026 10:03:15,28/08/2026 11:10:12,,,
295882164,LT0Q8R4W5S501,202608271144_HY_COT22:00_21-HNI Chuong My 3 Hub_PU TC301,,100,27/08/2026 00:00:00,21/08/2026 10:03:15,28/08/2026 11:10:12,,,
295882157,LT0Q8R4W5S4T1,202608271143_HY_COT22:00_21-HNI Chuong My 2 Hub_PU TC301,,100,27/08/2026 00:00:00,21/08/2026 10:03:14,28/08/2026 11:10:12,,,
295882150,LT0Q8R4W5S4M1,202608271142_HY_COT22:00_21-HNI Ba Vi Hub_PU TC301,,100,27/08/2026 00:00:00,21/08/2026 10:03:14,28/08/2026 11:10:12,,,
295882143,LT0Q8R4W5S4F1,202608271141_HY_COT22:00_21-HNI Ba Vi 4 Hub_PU TC301,,100,27/08/2026 00:00:00,21/08/2026 10:03:14,28/08/2026 11:10:12,,,
295882136,LT0Q8R4W5S481,202608271140_HY_COT22:00_21-HNI Ba Vi 3 Hub_PU TC301,,100,27/08/2026 00:00:00,21/08/2026 10:03:14,28/08/2026 11:10:12,,,
295882129,LT0Q8R4W5S411,202608271139_HY_COT22:00_21-HNI Ba Vi 2 Hub_PU TC301,,100,27/08/2026 00:00:00,21/08/2026 10:03:13,28/08/2026 11:10:12,,,
295882122,LT0Q8R4W5S3U1,202608271138_HY_COT22:00_20-HNI Thanh Xuan Hub_PU TC301,,100,27/08/2026 00:00:00,21/08/2026 10:03:13,28/08/2026 11:10:11,,,
295882115,LT0Q8R4W5S3N1,202608271137_HY_COT22:00_20-HNI Thanh Xuan 7 Hub_PU TC301,,100,27/08/2026 00:00:00,21/08/2026 10:03:13,28/08/2026 11:10:11,,,
295882108,LT0Q8R4W5S3G1,202608271136_HY_COT22:00_20-HNI Thanh Xuan 6 Hub_PU TC301,,100,27/08/2026 00:00:00,21/08/2026 10:03:13,28/08/2026 11:10:11,,,
295882101,LT0Q8R4W5S391,202608271135_HY_COT22:00_20-HNI Thanh Xuan 5 Hub_PU TC301,,100,27/08/2026 00:00:00,21/08/2026 10:03:13,28/08/2026 11:10:11,,,
295882094,LT0Q8R4W5S321,202608271134_HY_COT22:00_20-HNI Thanh Xuan 4 Hub_PU TC301,,100,27/08/2026 00:00:00,21/08/2026 10:03:12,28/08/2026 11:10:11,,,
295882087,LT0Q8R4W5S2V1,202608271133_HY_COT22:00_20-HNI Thanh Xuan 3 Hub_PU TC301,,100,27/08/2026 00:00:00,21/08/2026 10:03:12,28/08/2026 11:10:11,,,
295882080,LT0Q8R4W5S2O1,202608271132_HY_COT22:00_20-HNI Tu Liem Hub_PU TC301,,100,27/08/2026 00:00:00,21/08/2026 10:03:12,28/08/2026 11:10:11,,,
295882073,LT0Q8R4W5S2H1,202608271131_HY_COT22:00_20-HNI Tu Liem 7 Hub_PU TC301,,100,27/08/2026 00:00:00,21/08/2026 10:03:12,28/08/2026 11:10:10,,,
295882066,LT0Q8R4W5S2A1,202608271130_HY_COT22:00_20-HNI Tu Liem 6 Hub_PU TC301,,100,27/08/2026 00:00:00,21/08/2026 10:03:11,28/08/2026 11:10:10,,,
295882059,LT0Q8R4W5S231,202608271129_HY_COT22:00_20-HNI Tu Liem 5 Hub_PU TC301,,100,27/08/2026 00:00:00,21/08/2026 10:03:11,28/08/2026 11:10:10,,,
295882052,LT0Q8R4W5S1W1,202608271128_HY_COT22:00_20-HNI Tu Liem 4 Hub_PU TC301,,100,27/08/2026 00:00:00,21/08/2026 10:03:11,28/08/2026 11:10:10,,,
295882045,LT0Q8R4W5S1P1,202608271127_HY_COT22:00_20-HNI Tu Liem 3 Hub_PU TC301,,100,27/08/2026 00:00:00,21/08/2026 10:03:11,28/08/2026 11:10:10,,,
295882038,LT0Q8R4W5S1I1,202608271126_HY_COT22:00_20-HNI Tu Liem 2 Hub_PU TC301,,100,27/08/2026 00:00:00,21/08/2026 10:03:11,28/08/2026 11:10:10,,,
295882031,LT0Q8R4W5S1B1,202608271125_HY_COT22:00_20-HNI Tay Ho Hub_PU TC301,,100,27/08/2026 00:00:00,21/08/2026 10:03:10,28/08/2026 11:10:09,,,
295882024,LT0Q8R4W5S141,202608271124_HY_COT22:00_20-HNI Tay Ho 6 Hub_PU TC301,,100,27/08/2026 00:00:00,21/08/2026 10:03:10,28/08/2026 11:10:09,,,
295882017,LT0Q8R4W5S0X1,202608271123_HY_COT22:00_20-HNI Tay Ho 5 Hub_PU TC301,,100,27/08/2026 00:00:00,21/08/2026 10:03:10,28/08/2026 11:10:09,,,
295882010,LT0Q8R4W5S0Q1,202608271122_HY_COT22:00_20-HNI Tay Ho 4 Hub_PU TC301,,100,27/08/2026 00:00:00,21/08/2026 10:03:10,28/08/2026 11:10:09,,,
295882003,LT0Q8R4W5S0J1,202608271121_HY_COT22:00_20-HNI Tay Ho 3 Hub_PU TC301,,100,27/08/2026 00:00:00,21/08/2026 10:03:09,28/08/2026 11:10:09,,,
295881996,LT0Q8R4W5S0C1,202608271120_HY_COT22:00_20-HNI Tay Ho 2 Hub_PU TC301,,100,27/08/2026 00:00:00,21/08/2026 10:03:09,28/08/2026 11:10:09,,,
295881989,LT0Q8R4W5S051,202608271119_HY_COT22:00_20-HNI Ha Dong 9 Hub_PU TC301,,100,27/08/2026 00:00:00,21/08/2026 10:03:09,28/08/2026 11:10:09,,,
295881982,LT0Q8R4W5RZY1,202608271118_HY_COT22:00_20-HNI Ha Dong 8 Hub_PU TC301,,100,27/08/2026 00:00:00,21/08/2026 10:03:09,28/08/2026 11:10:08,,,
295881975,LT0Q8R4W5RZR1,202608271117_HY_COT22:00_20-HNI Ha Dong 7 Hub_PU TC301,,100,27/08/2026 00:00:00,21/08/2026 10:03:09,28/08/2026 11:10:08,,,
295881968,LT0Q8R4W5RZK1,202608271116_HY_COT22:00_20-HNI Ha Dong 6 Hub_PU TC301,,100,27/08/2026 00:00:00,21/08/2026 10:03:08,28/08/2026 11:10:08,,,
295881961,LT0Q8R4W5RZD1,202608271115_HY_COT22:00_20-HNI Ha Dong 5 Hub_PU TC301,,100,27/08/2026 00:00:00,21/08/2026 10:03:08,28/08/2026 11:10:08,,,
295881954,LT0Q8R4W5RZ61,202608271114_HY_COT22:00_20-HNI Ha Dong 4 Hub_PU TC301,,100,27/08/2026 00:00:00,21/08/2026 10:03:08,28/08/2026 11:10:08,,,
295881947,LT0Q8R4W5RYZ1,202608271113_HY_COT22:00_20-HNI Ha Dong 3 Hub_PU TC301,,100,27/08/2026 00:00:00,21/08/2026 10:03:07,28/08/2026 11:10:08,,,
295881940,LT0Q8R4W5RYS1,202608271112_HY_COT22:00_20-HNI Ha Dong 2 Hub_PU TC301,,100,27/08/2026 00:00:00,21/08/2026 10:03:07,28/08/2026 11:10:08,,,
295881933,LT0Q8R4W5RYL1,202608271111_HY_COT22:00_20-HNI Ha Dong 14 Hub_PU TC301,,100,27/08/2026 00:00:00,21/08/2026 10:03:07,28/08/2026 11:10:08,,,
295881926,LT0Q8R4W5RYE1,202608271110_HY_COT22:00_20-HNI Ha Dong 13 Hub_PU TC301,,100,27/08/2026 00:00:00,21/08/2026 10:03:06,28/08/2026 11:10:07,,,
295881919,LT0Q8R4W5RY71,202608271109_HY_COT22:00_20-HNI Ha Dong 12 Hub_PU TC301,,100,27/08/2026 00:00:00,21/08/2026 10:03:06,28/08/2026 11:10:07,,,
295881912,LT0Q8R4W5RY01,202608271108_HY_COT22:00_20-HNI Ha Dong 11 Hub_PU TC301,,100,27/08/2026 00:00:00,21/08/2026 10:03:06,28/08/2026 11:10:07,,,
295881905,LT0Q8R4W5RXT1,202608271107_HY_COT22:00_20-HNI Ha Dong 10 Hub_PU TC301,,100,27/08/2026 00:00:00,21/08/2026 10:03:06,28/08/2026 11:10:07,,,
295881898,LT0Q8R4W5RXM1,202608271106_HY_COT22:00_20-HNI Cau Giay Hub_PU TC301,,100,27/08/2026 00:00:00,21/08/2026 10:03:05,28/08/2026 11:10:07,,,
295881891,LT0Q8R4W5RXF1,202608271105_HY_COT22:00_20-HNI Cau Giay 8 Hub_PU TC301,,100,27/08/2026 00:00:00,21/08/2026 10:03:05,28/08/2026 11:10:07,,,
295881884,LT0Q8R4W5RX81,202608271104_HY_COT22:00_20-HNI Cau Giay 7 Hub_PU TC301,,100,27/08/2026 00:00:00,21/08/2026 10:03:05,28/08/2026 11:10:06,,,
295881877,LT0Q8R4W5RX11,202608271103_HY_COT22:00_20-HNI Cau Giay 6 Hub_PU TC301,,100,27/08/2026 00:00:00,21/08/2026 10:03:05,28/08/2026 11:10:06,,,
295881870,LT0Q8R4W5RWU1,202608271102_HY_COT22:00_20-HNI Cau Giay 5 Hub_PU TC301,,100,27/08/2026 00:00:00,21/08/2026 10:03:05,28/08/2026 11:10:06,,,
295881863,LT0Q8R4W5RWN1,202608271101_HY_COT22:00_20-HNI Cau Giay 4 Hub_PU TC301,,100,27/08/2026 00:00:00,21/08/2026 10:03:04,28/08/2026 11:10:06,,,
295881856,LT0Q8R4W5RWG1,202608271100_HY_COT22:00_20-HNI Cau Giay 3 Hub_PU TC301,,100,27/08/2026 00:00:00,21/08/2026 10:03:04,28/08/2026 11:10:06,,,
295881849,LT0Q8R4W5RW91,202608271099_HY_COT22:00_20-HNI Cau Giay 2 Hub_PU TC301,,100,27/08/2026 00:00:00,21/08/2026 10:03:04,28/08/2026 11:10:06,,,
295881842,LT0Q8R4W5RW21,202608271098_HY_COT22:00_20-HNI Bac Tu Liem Hub_PU TC301,,100,27/08/2026 00:00:00,21/08/2026 10:03:04,28/08/2026 11:10:05,,,
295881835,LT0Q8R4W5RVV1,202608271097_HY_COT22:00_20-HNI Bac Tu Liem 9 Hub_PU TC301,,100,27/08/2026 00:00:00,21/08/2026 10:03:04,28/08/2026 11:10:05,,,
295881828,LT0Q8R4W5RVO1,202608271096_HY_COT22:00_20-HNI Bac Tu Liem 8 Hub_PU TC301,,100,27/08/2026 00:00:00,21/08/2026 10:03:03,28/08/2026 11:10:05,,,
295881821,LT0Q8R4W5RVH1,202608271095_HY_COT22:00_20-HNI Bac Tu Liem 7 Hub_PU TC301,,100,27/08/2026 00:00:00,21/08/2026 10:03:03,28/08/2026 11:10:05,,,
295881814,LT0Q8R4W5RVA1,202608271094_HY_COT22:00_20-HNI Bac Tu Liem 6 Hub_PU TC301,,100,27/08/2026 00:00:00,21/08/2026 10:03:03,28/08/2026 11:10:05,,,
295881807,LT0Q8R4W5RV31,202608271093_HY_COT22:00_20-HNI Bac Tu Liem 5 Hub_PU TC301,,100,27/08/2026 00:00:00,21/08/2026 10:03:02,28/08/2026 11:10:05,,,
295881800,LT0Q8R4W5RUW1,202608271092_HY_COT22:00_20-HNI Bac Tu Liem 4 Hub_PU TC301,,100,27/08/2026 00:00:00,21/08/2026 10:03:02,28/08/2026 11:10:04,,,
295881793,LT0Q8R4W5RUP1,202608271091_HY_COT22:00_20-HNI Bac Tu Liem 3 Hub_PU TC301,,100,27/08/2026 00:00:00,21/08/2026 10:03:02,28/08/2026 11:10:04,,,
295881786,LT0Q8R4W5RUI1,202608271090_HY_COT22:00_20-HNI Bac Tu Liem 2 Hub_PU TC301,,100,27/08/2026 00:00:00,21/08/2026 10:03:02,28/08/2026 11:10:04,,,
295877620,LT0Q8R4W5OMS1,20260827495_HY_COT13:30_HNSPC-Trung tam dien tu tin hoc QH_PU TC301,,100,27/08/2026 00:00:00,21/08/2026 10:00:39,28/08/2026 02:14:24,,,
295877613,LT0Q8R4W5OML1,20260827494_HY_COT13:30_HNSPC-Thuc pham sach Ngoc Han_PU TC301,,100,27/08/2026 00:00:00,21/08/2026 10:00:39,28/08/2026 02:14:24,,,
295877606,LT0Q8R4W5OME1,20260827493_HY_COT13:30_HNSPC-Thuc Pham Sach KALE FARM_PU TC301,,100,27/08/2026 00:00:00,21/08/2026 10:00:38,28/08/2026 02:14:24,,,
295877599,LT0Q8R4W5OM71,20260827492_HY_COT13:30_HNSPC-Store 2T_PU TC301,,100,27/08/2026 00:00:00,21/08/2026 10:00:38,28/08/2026 02:14:24,,,
295877592,LT0Q8R4W5OM01,20260827491_HY_COT13:30_HNSPC-Phu kien dien thoai Manh Anh_PU TC301,,100,27/08/2026 00:00:00,21/08/2026 10:00:38,28/08/2026 02:14:24,,,
295877585,LT0Q8R4W5OLT1,20260827490_HY_COT13:30_HNSPC-Phong ve Bac Viet_PU TC301,,100,27/08/2026 00:00:00,21/08/2026 10:00:38,28/08/2026 02:14:23,,,
295877578,LT0Q8R4W5OLM1,20260827489_HY_COT13:30_HNSPC-Mon Pet Shop_PU TC301,,100,27/08/2026 00:00:00,21/08/2026 10:00:37,28/08/2026 02:14:23,,,
295877571,LT0Q8R4W5OLF1,20260827488_HY_COT13:30_HNSPC-Mini Mart_PU TC301,,100,27/08/2026 00:00:00,21/08/2026 10:00:37,28/08/2026 02:14:23,,,
295877564,LT0Q8R4W5OL81,20260827487_HY_COT13:30_HNSPC-Kiwi Store_PU TC301,,100,27/08/2026 00:00:00,21/08/2026 10:00:37,28/08/2026 02:14:23,,,
295877557,LT0Q8R4W5OL11,20260827486_HY_COT13:30_HNSPC-HOAI THUONG SHOP_PU TC301,,100,27/08/2026 00:00:00,21/08/2026 10:00:37,28/08/2026 02:14:23,,,
295877550,LT0Q8R4W5OKU1,20260827485_HY_COT13:30_HNSPC-Cua hang tien loi HT Mart_PU TC301,,100,27/08/2026 00:00:00,21/08/2026 10:00:37,28/08/2026 02:14:23,,,
295877543,LT0Q8R4W5OKN1,20260827484_HY_COT13:30_HNSPC-Cafe So_PU TC301,,100,27/08/2026 00:00:00,21/08/2026 10:00:36,28/08/2026 02:14:23,,,
295877536,LT0Q8R4W5OKG1,20260827483_HY_COT13:30_HNSPC-BOO MART_PU TC301,,100,27/08/2026 00:00:00,21/08/2026 10:00:35,28/08/2026 02:14:23,,,
295877529,LT0Q8R4W5OK91,20260827482_HY_COT13:30_HNSPC-Anh Quan Mobile_PU TC301,,100,27/08/2026 00:00:00,21/08/2026 10:00:35,28/08/2026 02:14:22,,,
295877522,LT0Q8R4W5OK21,20260827481_HY_COT13:30_HNSPC - Sieu thi Euro Mart_PU TC301,,100,27/08/2026 00:00:00,21/08/2026 10:00:35,28/08/2026 02:14:22,,,
295877515,LT0Q8R4W5OJV1,20260827480_HY_COT13:30_AG-21-HNI Phuc Tho Hub_PU TC301,,100,27/08/2026 00:00:00,21/08/2026 10:00:35,28/08/2026 02:14:22,,,
295877508,LT0Q8R4W5OJO1,20260827479_HY_COT13:30_21-HNI Thach That Hub_PU TC301,,100,27/08/2026 00:00:00,21/08/2026 10:00:35,28/08/2026 02:14:22,,,
295877501,LT0Q8R4W5OJH1,20260827478_HY_COT13:30_21-HNI Thach That 5 Hub_PU TC301,,100,27/08/2026 00:00:00,21/08/2026 10:00:34,28/08/2026 02:14:22,,,
295877494,LT0Q8R4W5OJA1,20260827477_HY_COT13:30_21-HNI Thach That 4 Hub_PU TC301,29E-494.82,90,27/08/2026 00:00:00,21/08/2026 10:00:34,28/08/2026 00:26:19,27/08/2026 22:11:50,27/08/2026 22:11:50,SEQ 1 - 21-HNI Thach That 4 Hub (2213) - 27/08/2026 22:11:50
295877487,LT0Q8R4W5OJ31,20260827476_HY_COT13:30_21-HNI Thach That 3 Hub_PU TC301,,100,27/08/2026 00:00:00,21/08/2026 10:00:34,28/08/2026 02:14:22,,,
295877480,LT0Q8R4W5OIW1,20260827475_HY_COT13:30_21-HNI Thach That 2 Hub_PU TC301,,100,27/08/2026 00:00:00,21/08/2026 10:00:34,28/08/2026 02:14:22,,,
295877473,LT0Q8R4W5OIP1,20260827474_HY_COT13:30_21-HNI Son Tay Hub_PU TC301,,100,27/08/2026 00:00:00,21/08/2026 10:00:33,28/08/2026 02:14:22,,,
295877466,LT0Q8R4W5OII1,20260827473_HY_COT13:30_21-HNI Son Tay 3 Hub_PU TC301,,100,27/08/2026 00:00:00,21/08/2026 10:00:33,28/08/2026 02:14:21,,,
295877459,LT0Q8R4W5OIB1,20260827472_HY_COT13:30_21-HNI Son Tay 2 Hub_PU TC301,,100,27/08/2026 00:00:00,21/08/2026 10:00:33,28/08/2026 02:14:21,,,
295877452,LT0Q8R4W5OI41,20260827471_HY_COT13:30_21-HNI Quoc Oai Hub_PU TC301,,100,27/08/2026 00:00:00,21/08/2026 10:00:33,28/08/2026 02:14:21,,,
295877445,LT0Q8R4W5OHX1,20260827470_HY_COT13:30_21-HNI Quoc Oai 4 Hub_PU TC301,,100,27/08/2026 00:00:00,21/08/2026 10:00:32,28/08/2026 02:14:21,,,
295877438,LT0Q8R4W5OHQ1,20260827469_HY_COT13:30_21-HNI Quoc Oai 3 Hub_PU TC301,,100,27/08/2026 00:00:00,21/08/2026 10:00:32,28/08/2026 02:14:21,,,
295877431,LT0Q8R4W5OHJ1,20260827468_HY_COT13:30_21-HNI Quoc Oai 2 Hub_PU TC301,,100,27/08/2026 00:00:00,21/08/2026 10:00:32,28/08/2026 02:14:21,,,
295877424,LT0Q8R4W5OHC1,20260827467_HY_COT13:30_21-HNI Phuc Tho Hub_PU TC301,,100,27/08/2026 00:00:00,21/08/2026 10:00:32,28/08/2026 02:14:21,,,
295877417,LT0Q8R4W5OH51,20260827466_HY_COT13:30_21-HNI Phuc Tho 3 Hub_PU TC301,,100,27/08/2026 00:00:00,21/08/2026 10:00:31,28/08/2026 02:14:21,,,
295877410,LT0Q8R4W5OGY1,20260827465_HY_COT13:30_21-HNI Phuc Tho 2 Hub_PU TC301,,100,27/08/2026 00:00:00,21/08/2026 10:00:31,28/08/2026 02:14:21,,,
295877403,LT0Q8R4W5OGR1,20260827464_HY_COT13:30_21-HNI Hoai Duc Hub_PU TC301,,100,27/08/2026 00:00:00,21/08/2026 10:00:30,28/08/2026 02:14:20,,,
295877396,LT0Q8R4W5OGK1,20260827463_HY_COT13:30_21-HNI Hoai Duc 8 Hub_PU TC301,,100,27/08/2026 00:00:00,21/08/2026 10:00:29,28/08/2026 02:14:20,,,
295877389,LT0Q8R4W5OGD1,20260827462_HY_COT13:30_21-HNI Hoai Duc 7 Hub_PU TC301,,100,27/08/2026 00:00:00,21/08/2026 10:00:29,28/08/2026 02:14:20,,,
295877382,LT0Q8R4W5OG61,20260827461_HY_COT13:30_21-HNI Hoai Duc 6 Hub_PU TC301,,100,27/08/2026 00:00:00,21/08/2026 10:00:29,28/08/2026 02:14:20,,,
295877375,LT0Q8R4W5OFZ1,20260827460_HY_COT13:30_21-HNI Hoai Duc 5 Hub_PU TC301,,100,27/08/2026 00:00:00,21/08/2026 10:00:28,28/08/2026 02:14:20,,,
295877368,LT0Q8R4W5OFS1,20260827459_HY_COT13:30_21-HNI Hoai Duc 4 Hub_PU TC301,,100,27/08/2026 00:00:00,21/08/2026 10:00:28,28/08/2026 02:14:20,,,
295877361,LT0Q8R4W5OFL1,20260827458_HY_COT13:30_21-HNI Hoai Duc 3 Hub_PU TC301,,100,27/08/2026 00:00:00,21/08/2026 10:00:28,28/08/2026 02:14:20,,,
295877354,LT0Q8R4W5OFE1,20260827457_HY_COT13:30_21-HNI Hoai Duc 2 Hub_PU TC301,,100,27/08/2026 00:00:00,21/08/2026 10:00:28,28/08/2026 02:14:20,,,
295877347,LT0Q8R4W5OF71,20260827456_HY_COT13:30_21-HNI Dan Phuong Hub_PU TC301,,100,27/08/2026 00:00:00,21/08/2026 10:00:27,28/08/2026 02:14:19,,,
295877340,LT0Q8R4W5OF01,20260827455_HY_COT13:30_21-HNI Dan Phuong 3 Hub_PU TC301,,100,27/08/2026 00:00:00,21/08/2026 10:00:27,28/08/2026 02:14:19,,,
295877333,LT0Q8R4W5OET1,20260827454_HY_COT13:30_21-HNI Dan Phuong 2 Hub_PU TC301,,100,27/08/2026 00:00:00,21/08/2026 10:00:27,28/08/2026 02:14:19,,,
295877326,LT0Q8R4W5OEM1,20260827453_HY_COT13:30_21-HNI Chuong My Hub_PU TC301,,100,27/08/2026 00:00:00,21/08/2026 10:00:27,28/08/2026 02:14:19,,,
295877319,LT0Q8R4W5OEF1,20260827452_HY_COT13:30_21-HNI Chuong My 4 Hub_PU TC301,,100,27/08/2026 00:00:00,21/08/2026 10:00:26,28/08/2026 02:14:19,,,
295877312,LT0Q8R4W5OE81,20260827451_HY_COT13:30_21-HNI Chuong My 3 Hub_PU TC301,,100,27/08/2026 00:00:00,21/08/2026 10:00:26,28/08/2026 02:14:19,,,
295877305,LT0Q8R4W5OE11,20260827450_HY_COT13:30_21-HNI Chuong My 2 Hub_PU TC301,,100,27/08/2026 00:00:00,21/08/2026 10:00:26,28/08/2026 02:14:19,,,
295877298,LT0Q8R4W5ODU1,20260827449_HY_COT13:30_21-HNI Ba Vi Hub_PU TC301,,100,27/08/2026 00:00:00,21/08/2026 10:00:26,28/08/2026 02:14:19,,,
295877291,LT0Q8R4W5ODN1,20260827448_HY_COT13:30_21-HNI Ba Vi 4 Hub_PU TC301,,100,27/08/2026 00:00:00,21/08/2026 10:00:25,28/08/2026 02:14:18,,,
295877284,LT0Q8R4W5ODG1,20260827447_HY_COT13:30_21-HNI Ba Vi 3 Hub_PU TC301,,100,27/08/2026 00:00:00,21/08/2026 10:00:25,28/08/2026 02:14:18,,,
295877277,LT0Q8R4W5OD91,20260827446_HY_COT13:30_21-HNI Ba Vi 2 Hub_PU TC301,,100,27/08/2026 00:00:00,21/08/2026 10:00:25,28/08/2026 02:14:18,,,
295877270,LT0Q8R4W5OD21,20260827445_HY_COT13:30_20-HNI Thanh Xuan Hub_PU TC301,,100,27/08/2026 00:00:00,21/08/2026 10:00:25,28/08/2026 02:14:18,,,
295877263,LT0Q8R4W5OCV1,20260827444_HY_COT13:30_20-HNI Thanh Xuan 7 Hub_PU TC301,,100,27/08/2026 00:00:00,21/08/2026 10:00:24,28/08/2026 02:14:18,,,
295877256,LT0Q8R4W5OCO1,20260827443_HY_COT13:30_20-HNI Thanh Xuan 6 Hub_PU TC301,,100,27/08/2026 00:00:00,21/08/2026 10:00:24,28/08/2026 02:14:18,,,
295877249,LT0Q8R4W5OCH1,20260827442_HY_COT13:30_20-HNI Thanh Xuan 5 Hub_PU TC301,,100,27/08/2026 00:00:00,21/08/2026 10:00:24,28/08/2026 02:14:18,,,
295877242,LT0Q8R4W5OCA1,20260827441_HY_COT13:30_20-HNI Thanh Xuan 4 Hub_PU TC301,,100,27/08/2026 00:00:00,21/08/2026 10:00:24,28/08/2026 02:14:18,,,
295877235,LT0Q8R4W5OC31,20260827440_HY_COT13:30_20-HNI Thanh Xuan 3 Hub_PU TC301,,100,27/08/2026 00:00:00,21/08/2026 10:00:23,28/08/2026 02:14:17,,,
295877228,LT0Q8R4W5OBW1,20260827439_HY_COT13:30_20-HNI Tu Liem Hub_PU TC301,,100,27/08/2026 00:00:00,21/08/2026 10:00:23,28/08/2026 02:14:17,,,
295877221,LT0Q8R4W5OBP1,20260827438_HY_COT13:30_20-HNI Tu Liem 7 Hub_PU TC301,,100,27/08/2026 00:00:00,21/08/2026 10:00:23,28/08/2026 02:14:17,,,
295877214,LT0Q8R4W5OBI1,20260827437_HY_COT13:30_20-HNI Tu Liem 6 Hub_PU TC301,,100,27/08/2026 00:00:00,21/08/2026 10:00:23,28/08/2026 02:14:17,,,
295877207,LT0Q8R4W5OBB1,20260827436_HY_COT13:30_20-HNI Tu Liem 5 Hub_PU TC301,,100,27/08/2026 00:00:00,21/08/2026 10:00:22,28/08/2026 02:14:17,,,
295877200,LT0Q8R4W5OB41,20260827435_HY_COT13:30_20-HNI Tu Liem 4 Hub_PU TC301,,100,27/08/2026 00:00:00,21/08/2026 10:00:22,28/08/2026 02:14:17,,,
295877193,LT0Q8R4W5OAX1,20260827434_HY_COT13:30_20-HNI Tu Liem 3 Hub_PU TC301,,100,27/08/2026 00:00:00,21/08/2026 10:00:22,28/08/2026 02:14:17,,,
295877186,LT0Q8R4W5OAQ1,20260827433_HY_COT13:30_20-HNI Tu Liem 2 Hub_PU TC301,,100,27/08/2026 00:00:00,21/08/2026 10:00:22,28/08/2026 02:14:17,,,
295877179,LT0Q8R4W5OAJ1,20260827432_HY_COT13:30_20-HNI Tay Ho Hub_PU TC301,,100,27/08/2026 00:00:00,21/08/2026 10:00:22,28/08/2026 02:14:17,,,
295877172,LT0Q8R4W5OAC1,20260827431_HY_COT13:30_20-HNI Tay Ho 6 Hub_PU TC301,,100,27/08/2026 00:00:00,21/08/2026 10:00:21,28/08/2026 02:14:16,,,
295877165,LT0Q8R4W5OA51,20260827430_HY_COT13:30_20-HNI Tay Ho 5 Hub_PU TC301,,100,27/08/2026 00:00:00,21/08/2026 10:00:21,28/08/2026 02:14:16,,,
295877158,LT0Q8R4W5O9Y1,20260827429_HY_COT13:30_20-HNI Tay Ho 4 Hub_PU TC301,,100,27/08/2026 00:00:00,21/08/2026 10:00:21,28/08/2026 02:14:16,,,
295877151,LT0Q8R4W5O9R1,20260827428_HY_COT13:30_20-HNI Tay Ho 3 Hub_PU TC301,,100,27/08/2026 00:00:00,21/08/2026 10:00:20,28/08/2026 02:14:16,,,
295877144,LT0Q8R4W5O9K1,20260827427_HY_COT13:30_20-HNI Tay Ho 2 Hub_PU TC301,,100,27/08/2026 00:00:00,21/08/2026 10:00:20,28/08/2026 02:14:16,,,
295877137,LT0Q8R4W5O9D1,20260827426_HY_COT13:30_20-HNI Ha Dong 9 Hub_PU TC301,,100,27/08/2026 00:00:00,21/08/2026 10:00:20,28/08/2026 02:14:16,,,
295877130,LT0Q8R4W5O961,20260827425_HY_COT13:30_20-HNI Ha Dong 8 Hub_PU TC301,,100,27/08/2026 00:00:00,21/08/2026 10:00:20,28/08/2026 02:14:16,,,
295877123,LT0Q8R4W5O8Z1,20260827424_HY_COT13:30_20-HNI Ha Dong 7 Hub_PU TC301,,100,27/08/2026 00:00:00,21/08/2026 10:00:19,28/08/2026 02:14:16,,,
295877116,LT0Q8R4W5O8S1,20260827423_HY_COT13:30_20-HNI Ha Dong 6 Hub_PU TC301,,100,27/08/2026 00:00:00,21/08/2026 10:00:19,28/08/2026 02:14:15,,,
295877109,LT0Q8R4W5O8L1,20260827422_HY_COT13:30_20-HNI Ha Dong 5 Hub_PU TC301,,100,27/08/2026 00:00:00,21/08/2026 10:00:19,28/08/2026 02:14:15,,,
295877102,LT0Q8R4W5O8E1,20260827421_HY_COT13:30_20-HNI Ha Dong 4 Hub_PU TC301,,100,27/08/2026 00:00:00,21/08/2026 10:00:19,28/08/2026 02:14:15,,,
295877095,LT0Q8R4W5O871,20260827420_HY_COT13:30_20-HNI Ha Dong 3 Hub_PU TC301,,100,27/08/2026 00:00:00,21/08/2026 10:00:19,28/08/2026 02:14:15,,,
295877088,LT0Q8R4W5O801,20260827419_HY_COT13:30_20-HNI Ha Dong 2 Hub_PU TC301,,100,27/08/2026 00:00:00,21/08/2026 10:00:18,28/08/2026 02:14:15,,,
295877081,LT0Q8R4W5O7T1,20260827418_HY_COT13:30_20-HNI Ha Dong 14 Hub_PU TC301,,100,27/08/2026 00:00:00,21/08/2026 10:00:18,28/08/2026 02:14:15,,,
295877074,LT0Q8R4W5O7M1,20260827417_HY_COT13:30_20-HNI Ha Dong 13 Hub_PU TC301,,100,27/08/2026 00:00:00,21/08/2026 10:00:18,28/08/2026 02:14:15,,,
295877067,LT0Q8R4W5O7F1,20260827416_HY_COT13:30_20-HNI Ha Dong 12 Hub_PU TC301,,100,27/08/2026 00:00:00,21/08/2026 10:00:18,28/08/2026 02:14:15,,,
295877060,LT0Q8R4W5O781,20260827415_HY_COT13:30_20-HNI Ha Dong 11 Hub_PU TC301,,100,27/08/2026 00:00:00,21/08/2026 10:00:17,28/08/2026 02:14:14,,,
295877053,LT0Q8R4W5O711,20260827414_HY_COT13:30_20-HNI Ha Dong 10 Hub_PU TC301,,100,27/08/2026 00:00:00,21/08/2026 10:00:17,28/08/2026 02:14:14,,,
295877046,LT0Q8R4W5O6U1,20260827413_HY_COT13:30_20-HNI Cau Giay Hub_PU TC301,,100,27/08/2026 00:00:00,21/08/2026 10:00:17,28/08/2026 02:14:14,,,
295877039,LT0Q8R4W5O6N1,20260827412_HY_COT13:30_20-HNI Cau Giay 8 Hub_PU TC301,,100,27/08/2026 00:00:00,21/08/2026 10:00:17,28/08/2026 02:14:14,,,
295877032,LT0Q8R4W5O6G1,20260827411_HY_COT13:30_20-HNI Cau Giay 7 Hub_PU TC301,,100,27/08/2026 00:00:00,21/08/2026 10:00:17,28/08/2026 02:14:14,,,
295877025,LT0Q8R4W5O691,20260827410_HY_COT13:30_20-HNI Cau Giay 6 Hub_PU TC301,,100,27/08/2026 00:00:00,21/08/2026 10:00:16,28/08/2026 02:14:14,,,
295877018,LT0Q8R4W5O621,20260827409_HY_COT13:30_20-HNI Cau Giay 5 Hub_PU TC301,,100,27/08/2026 00:00:00,21/08/2026 10:00:16,28/08/2026 02:14:14,,,
295877011,LT0Q8R4W5O5V1,20260827408_HY_COT13:30_20-HNI Cau Giay 4 Hub_PU TC301,,100,27/08/2026 00:00:00,21/08/2026 10:00:15,28/08/2026 02:14:14,,,
295877004,LT0Q8R4W5O5O1,20260827407_HY_COT13:30_20-HNI Cau Giay 3 Hub_PU TC301,,100,27/08/2026 00:00:00,21/08/2026 10:00:15,28/08/2026 02:14:13,,,
295876997,LT0Q8R4W5O5H1,20260827406_HY_COT13:30_20-HNI Cau Giay 2 Hub_PU TC301,,100,27/08/2026 00:00:00,21/08/2026 10:00:15,28/08/2026 02:14:13,,,
295876990,LT0Q8R4W5O5A1,20260827405_HY_COT13:30_20-HNI Bac Tu Liem Hub_PU TC301,,100,27/08/2026 00:00:00,21/08/2026 10:00:15,28/08/2026 02:14:13,,,
295876983,LT0Q8R4W5O531,20260827404_HY_COT13:30_20-HNI Bac Tu Liem 9 Hub_PU TC301,,100,27/08/2026 00:00:00,21/08/2026 10:00:14,28/08/2026 02:14:13,,,
295876976,LT0Q8R4W5O4W1,20260827403_HY_COT13:30_20-HNI Bac Tu Liem 8 Hub_PU TC301,,100,27/08/2026 00:00:00,21/08/2026 10:00:14,28/08/2026 02:14:13,,,
295876969,LT0Q8R4W5O4P1,20260827402_HY_COT13:30_20-HNI Bac Tu Liem 7 Hub_PU TC301,,100,27/08/2026 00:00:00,21/08/2026 10:00:14,28/08/2026 02:14:13,,,
295876962,LT0Q8R4W5O4I1,20260827401_HY_COT13:30_20-HNI Bac Tu Liem 6 Hub_PU TC301,,100,27/08/2026 00:00:00,21/08/2026 10:00:14,28/08/2026 02:14:13,,,
295876955,LT0Q8R4W5O4B1,20260827400_HY_COT13:30_20-HNI Bac Tu Liem 5 Hub_PU TC301,,100,27/08/2026 00:00:00,21/08/2026 10:00:13,28/08/2026 02:14:13,,,
295876948,LT0Q8R4W5O441,20260827399_HY_COT13:30_20-HNI Bac Tu Liem 4 Hub_PU TC301,,100,27/08/2026 00:00:00,21/08/2026 10:00:13,28/08/2026 02:14:12,,,
295876941,LT0Q8R4W5O3X1,20260827398_HY_COT13:30_20-HNI Bac Tu Liem 3 Hub_PU TC301,,100,27/08/2026 00:00:00,21/08/2026 10:00:13,28/08/2026 02:14:12,,,
295876934,LT0Q8R4W5O3Q1,20260827397_HY_COT13:30_20-HNI Bac Tu Liem 2 Hub_PU TC301,,100,27/08/2026 00:00:00,21/08/2026 10:00:13,28/08/2026 02:14:12,,,
295868660,LT0Q8R4W5HPW1,202608271188_HY_COT22:00_HNSPC-Trung tam dien tu tin hoc QH_PU TC201,,100,27/08/2026 00:00:00,21/08/2026 09:54:39,28/08/2026 11:08:47,,,
295868653,LT0Q8R4W5HPP1,202608271187_HY_COT22:00_HNSPC-Thuc pham sach Ngoc Han_PU TC201,,100,27/08/2026 00:00:00,21/08/2026 09:54:39,28/08/2026 11:08:47,,,
295868646,LT0Q8R4W5HPI1,202608271186_HY_COT22:00_HNSPC-Thuc Pham Sach KALE FARM_PU TC201,,100,27/08/2026 00:00:00,21/08/2026 09:54:39,28/08/2026 11:08:47,,,
295868639,LT0Q8R4W5HPB1,202608271185_HY_COT22:00_HNSPC-Store 2T_PU TC201,,100,27/08/2026 00:00:00,21/08/2026 09:54:39,28/08/2026 11:08:47,,,
295868632,LT0Q8R4W5HP41,202608271184_HY_COT22:00_HNSPC-Phu kien dien thoai Manh Anh_PU TC201,,100,27/08/2026 00:00:00,21/08/2026 09:54:38,28/08/2026 11:08:47,,,
295868625,LT0Q8R4W5HOX1,202608271183_HY_COT22:00_HNSPC-Phong ve Bac Viet_PU TC201,,100,27/08/2026 00:00:00,21/08/2026 09:54:38,28/08/2026 11:08:46,,,
295868618,LT0Q8R4W5HOQ1,202608271182_HY_COT22:00_HNSPC-Mon Pet Shop_PU TC201,,100,27/08/2026 00:00:00,21/08/2026 09:54:38,28/08/2026 11:08:46,,,
295868611,LT0Q8R4W5HOJ1,202608271181_HY_COT22:00_HNSPC-Mini Mart_PU TC201,,100,27/08/2026 00:00:00,21/08/2026 09:54:38,28/08/2026 11:08:46,,,
295868604,LT0Q8R4W5HOC1,202608271180_HY_COT22:00_HNSPC-Kiwi Store_PU TC201,,100,27/08/2026 00:00:00,21/08/2026 09:54:38,28/08/2026 11:08:46,,,
295868597,LT0Q8R4W5HO51,202608271179_HY_COT22:00_HNSPC-HOAI THUONG SHOP_PU TC201,,100,27/08/2026 00:00:00,21/08/2026 09:54:37,28/08/2026 11:08:46,,,
295868590,LT0Q8R4W5HNY1,202608271178_HY_COT22:00_HNSPC-Cua hang tien loi HT Mart_PU TC201,,100,27/08/2026 00:00:00,21/08/2026 09:54:37,28/08/2026 11:08:46,,,
295868583,LT0Q8R4W5HNR1,202608271177_HY_COT22:00_HNSPC-Cafe So_PU TC201,,100,27/08/2026 00:00:00,21/08/2026 09:54:37,28/08/2026 11:08:46,,,
295868576,LT0Q8R4W5HNK1,202608271176_HY_COT22:00_HNSPC-BOO MART_PU TC201,,100,27/08/2026 00:00:00,21/08/2026 09:54:37,28/08/2026 11:08:46,,,
295868569,LT0Q8R4W5HND1,202608271175_HY_COT22:00_HNSPC-Anh Quan Mobile_PU TC201,,100,27/08/2026 00:00:00,21/08/2026 09:54:37,28/08/2026 11:08:45,,,
295868562,LT0Q8R4W5HN61,202608271174_HY_COT22:00_HNSPC - Sieu thi Euro Mart_PU TC201,,100,27/08/2026 00:00:00,21/08/2026 09:54:36,28/08/2026 11:08:45,,,
295868555,LT0Q8R4W5HMZ1,202608271173_HY_COT22:00_AG-21-HNI Phuc Tho Hub_PU TC201,,100,27/08/2026 00:00:00,21/08/2026 09:54:36,28/08/2026 11:08:45,,,
295868548,LT0Q8R4W5HMS1,202608271172_HY_COT22:00_21-HNI Thach That Hub_PU TC201,,100,27/08/2026 00:00:00,21/08/2026 09:54:36,28/08/2026 11:08:45,,,
295868541,LT0Q8R4W5HML1,202608271171_HY_COT22:00_21-HNI Thach That 5 Hub_PU TC201,,100,27/08/2026 00:00:00,21/08/2026 09:54:36,28/08/2026 11:08:45,,,
295868534,LT0Q8R4W5HME1,202608271170_HY_COT22:00_21-HNI Thach That 4 Hub_PU TC201,,100,27/08/2026 00:00:00,21/08/2026 09:54:35,28/08/2026 11:08:45,,,
295868527,LT0Q8R4W5HM71,202608271169_HY_COT22:00_21-HNI Thach That 3 Hub_PU TC201,,100,27/08/2026 00:00:00,21/08/2026 09:54:35,28/08/2026 11:08:45,,,
295868520,LT0Q8R4W5HM01,202608271168_HY_COT22:00_21-HNI Thach That 2 Hub_PU TC201,,100,27/08/2026 00:00:00,21/08/2026 09:54:35,28/08/2026 11:08:44,,,
295868513,LT0Q8R4W5HLT1,202608271167_HY_COT22:00_21-HNI Son Tay Hub_PU TC201,,100,27/08/2026 00:00:00,21/08/2026 09:54:35,28/08/2026 11:08:44,,,
295868506,LT0Q8R4W5HLM1,202608271166_HY_COT22:00_21-HNI Son Tay 3 Hub_PU TC201,,100,27/08/2026 00:00:00,21/08/2026 09:54:34,28/08/2026 11:08:44,,,
295868499,LT0Q8R4W5HLF1,202608271165_HY_COT22:00_21-HNI Son Tay 2 Hub_PU TC201,,100,27/08/2026 00:00:00,21/08/2026 09:54:34,28/08/2026 11:08:44,,,
295868492,LT0Q8R4W5HL81,202608271164_HY_COT22:00_21-HNI Quoc Oai Hub_PU TC201,,100,27/08/2026 00:00:00,21/08/2026 09:54:34,28/08/2026 11:08:44,,,
295868485,LT0Q8R4W5HL11,202608271163_HY_COT22:00_21-HNI Quoc Oai 4 Hub_PU TC201,,100,27/08/2026 00:00:00,21/08/2026 09:54:34,28/08/2026 11:08:44,,,
295868478,LT0Q8R4W5HKU1,202608271162_HY_COT22:00_21-HNI Quoc Oai 3 Hub_PU TC201,,100,27/08/2026 00:00:00,21/08/2026 09:54:34,28/08/2026 11:08:44,,,
295868471,LT0Q8R4W5HKN1,202608271161_HY_COT22:00_21-HNI Quoc Oai 2 Hub_PU TC201,,100,27/08/2026 00:00:00,21/08/2026 09:54:33,28/08/2026 11:08:44,,,
295868464,LT0Q8R4W5HKG1,202608271160_HY_COT22:00_21-HNI Phuc Tho Hub_PU TC201,,100,27/08/2026 00:00:00,21/08/2026 09:54:33,28/08/2026 11:08:43,,,
295868457,LT0Q8R4W5HK91,202608271159_HY_COT22:00_21-HNI Phuc Tho 3 Hub_PU TC201,,100,27/08/2026 00:00:00,21/08/2026 09:54:33,28/08/2026 11:08:43,,,
295868450,LT0Q8R4W5HK21,202608271158_HY_COT22:00_21-HNI Phuc Tho 2 Hub_PU TC201,,100,27/08/2026 00:00:00,21/08/2026 09:54:33,28/08/2026 11:08:43,,,
295868443,LT0Q8R4W5HJV1,202608271157_HY_COT22:00_21-HNI Hoai Duc Hub_PU TC201,,100,27/08/2026 00:00:00,21/08/2026 09:54:32,28/08/2026 11:08:43,,,
295868436,LT0Q8R4W5HJO1,202608271156_HY_COT22:00_21-HNI Hoai Duc 8 Hub_PU TC201,,100,27/08/2026 00:00:00,21/08/2026 09:54:32,28/08/2026 11:08:43,,,
295868429,LT0Q8R4W5HJH1,202608271155_HY_COT22:00_21-HNI Hoai Duc 7 Hub_PU TC201,,100,27/08/2026 00:00:00,21/08/2026 09:54:32,28/08/2026 11:08:43,,,
295868422,LT0Q8R4W5HJA1,202608271154_HY_COT22:00_21-HNI Hoai Duc 6 Hub_PU TC201,,100,27/08/2026 00:00:00,21/08/2026 09:54:32,28/08/2026 11:08:43,,,
295868408,LT0Q8R4W5HIW1,202608271152_HY_COT22:00_21-HNI Hoai Duc 4 Hub_PU TC201,,100,27/08/2026 00:00:00,21/08/2026 09:54:31,28/08/2026 11:08:42,,,
295868401,LT0Q8R4W5HIP1,202608271151_HY_COT22:00_21-HNI Hoai Duc 3 Hub_PU TC201,,100,27/08/2026 00:00:00,21/08/2026 09:54:31,28/08/2026 11:08:42,,,
295868394,LT0Q8R4W5HII1,202608271150_HY_COT22:00_21-HNI Hoai Duc 2 Hub_PU TC201,,100,27/08/2026 00:00:00,21/08/2026 09:54:31,28/08/2026 11:08:42,,,
295868387,LT0Q8R4W5HIB1,202608271149_HY_COT22:00_21-HNI Dan Phuong Hub_PU TC201,,100,27/08/2026 00:00:00,21/08/2026 09:54:31,28/08/2026 11:08:42,,,
295868380,LT0Q8R4W5HI41,202608271148_HY_COT22:00_21-HNI Dan Phuong 3 Hub_PU TC201,,100,27/08/2026 00:00:00,21/08/2026 09:54:30,28/08/2026 11:08:42,,,
295868373,LT0Q8R4W5HHX1,202608271147_HY_COT22:00_21-HNI Dan Phuong 2 Hub_PU TC201,,100,27/08/2026 00:00:00,21/08/2026 09:54:30,28/08/2026 11:08:42,,,
295868366,LT0Q8R4W5HHQ1,202608271146_HY_COT22:00_21-HNI Chuong My Hub_PU TC201,,100,27/08/2026 00:00:00,21/08/2026 09:54:30,28/08/2026 11:08:42,,,
295868359,LT0Q8R4W5HHJ1,202608271145_HY_COT22:00_21-HNI Chuong My 4 Hub_PU TC201,,100,27/08/2026 00:00:00,21/08/2026 09:54:30,28/08/2026 11:08:41,,,
295868352,LT0Q8R4W5HHC1,202608271144_HY_COT22:00_21-HNI Chuong My 3 Hub_PU TC201,,100,27/08/2026 00:00:00,21/08/2026 09:54:29,28/08/2026 11:08:41,,,
295868345,LT0Q8R4W5HH51,202608271143_HY_COT22:00_21-HNI Chuong My 2 Hub_PU TC201,,100,27/08/2026 00:00:00,21/08/2026 09:54:29,28/08/2026 11:08:41,,,
295868338,LT0Q8R4W5HGY1,202608271142_HY_COT22:00_21-HNI Ba Vi Hub_PU TC201,,100,27/08/2026 00:00:00,21/08/2026 09:54:29,28/08/2026 11:08:41,,,
295868331,LT0Q8R4W5HGR1,202608271141_HY_COT22:00_21-HNI Ba Vi 4 Hub_PU TC201,,100,27/08/2026 00:00:00,21/08/2026 09:54:29,28/08/2026 11:08:41,,,
295868324,LT0Q8R4W5HGK1,202608271140_HY_COT22:00_21-HNI Ba Vi 3 Hub_PU TC201,,100,27/08/2026 00:00:00,21/08/2026 09:54:29,28/08/2026 11:08:41,,,
295868317,LT0Q8R4W5HGD1,202608271139_HY_COT22:00_21-HNI Ba Vi 2 Hub_PU TC201,,100,27/08/2026 00:00:00,21/08/2026 09:54:28,28/08/2026 11:08:41,,,
295868310,LT0Q8R4W5HG61,202608271138_HY_COT22:00_20-HNI Thanh Xuan Hub_PU TC201,,100,27/08/2026 00:00:00,21/08/2026 09:54:28,28/08/2026 11:08:41,,,
295868303,LT0Q8R4W5HFZ1,202608271137_HY_COT22:00_20-HNI Thanh Xuan 7 Hub_PU TC201,,100,27/08/2026 00:00:00,21/08/2026 09:54:28,28/08/2026 11:08:40,,,
295868296,LT0Q8R4W5HFS1,202608271136_HY_COT22:00_20-HNI Thanh Xuan 6 Hub_PU TC201,,100,27/08/2026 00:00:00,21/08/2026 09:54:28,28/08/2026 11:08:40,,,
295868289,LT0Q8R4W5HFL1,202608271135_HY_COT22:00_20-HNI Thanh Xuan 5 Hub_PU TC201,,100,27/08/2026 00:00:00,21/08/2026 09:54:27,28/08/2026 11:08:40,,,
295868282,LT0Q8R4W5HFE1,202608271134_HY_COT22:00_20-HNI Thanh Xuan 4 Hub_PU TC201,,100,27/08/2026 00:00:00,21/08/2026 09:54:27,28/08/2026 11:08:40,,,
295868275,LT0Q8R4W5HF71,202608271133_HY_COT22:00_20-HNI Thanh Xuan 3 Hub_PU TC201,,100,27/08/2026 00:00:00,21/08/2026 09:54:27,28/08/2026 11:08:40,,,
295868268,LT0Q8R4W5HF01,202608271132_HY_COT22:00_20-HNI Tu Liem Hub_PU TC201,,100,27/08/2026 00:00:00,21/08/2026 09:54:27,28/08/2026 11:08:40,,,
295868254,LT0Q8R4W5HEM1,202608271130_HY_COT22:00_20-HNI Tu Liem 6 Hub_PU TC201,,100,27/08/2026 00:00:00,21/08/2026 09:54:26,28/08/2026 11:08:40,,,
295868247,LT0Q8R4W5HEF1,202608271129_HY_COT22:00_20-HNI Tu Liem 5 Hub_PU TC201,,100,27/08/2026 00:00:00,21/08/2026 09:54:26,28/08/2026 11:08:39,,,
295868240,LT0Q8R4W5HE81,202608271128_HY_COT22:00_20-HNI Tu Liem 4 Hub_PU TC201,29E-441.50,90,27/08/2026 00:00:00,21/08/2026 09:54:26,28/08/2026 00:33:14,27/08/2026 22:05:59,27/08/2026 22:35:59,SEQ 1 - 20-HNI Tu Liem 4 Hub (2277) - 27/08/2026 22:05:59 | SEQ 2 - 20-HNI Bac Tu Liem 5 Hub (2117) - 27/08/2026 22:35:59
295868233,LT0Q8R4W5HE11,202608271127_HY_COT22:00_20-HNI Tu Liem 3 Hub_PU TC201,,100,27/08/2026 00:00:00,21/08/2026 09:54:26,28/08/2026 11:08:39,,,
295868226,LT0Q8R4W5HDU1,202608271126_HY_COT22:00_20-HNI Tu Liem 2 Hub_PU TC201,,100,27/08/2026 00:00:00,21/08/2026 09:54:25,28/08/2026 11:08:39,,,
295868219,LT0Q8R4W5HDN1,202608271125_HY_COT22:00_20-HNI Tay Ho Hub_PU TC201,,100,27/08/2026 00:00:00,21/08/2026 09:54:25,28/08/2026 11:08:39,,,
295868212,LT0Q8R4W5HDG1,202608271124_HY_COT22:00_20-HNI Tay Ho 6 Hub_PU TC201,,100,27/08/2026 00:00:00,21/08/2026 09:54:25,28/08/2026 11:08:39,,,
295868205,LT0Q8R4W5HD91,202608271123_HY_COT22:00_20-HNI Tay Ho 5 Hub_PU TC201,,100,27/08/2026 00:00:00,21/08/2026 09:54:25,28/08/2026 11:08:39,,,
295868198,LT0Q8R4W5HD21,202608271122_HY_COT22:00_20-HNI Tay Ho 4 Hub_PU TC201,,100,27/08/2026 00:00:00,21/08/2026 09:54:25,28/08/2026 11:08:39,,,
295868191,LT0Q8R4W5HCV1,202608271121_HY_COT22:00_20-HNI Tay Ho 3 Hub_PU TC201,,100,27/08/2026 00:00:00,21/08/2026 09:54:24,28/08/2026 11:08:39,,,
295868184,LT0Q8R4W5HCO1,202608271120_HY_COT22:00_20-HNI Tay Ho 2 Hub_PU TC201,,100,27/08/2026 00:00:00,21/08/2026 09:54:24,28/08/2026 11:08:38,,,
295868177,LT0Q8R4W5HCH1,202608271119_HY_COT22:00_20-HNI Ha Dong 9 Hub_PU TC201,,100,27/08/2026 00:00:00,21/08/2026 09:54:24,28/08/2026 11:08:38,,,
295868170,LT0Q8R4W5HCA1,202608271118_HY_COT22:00_20-HNI Ha Dong 8 Hub_PU TC201,,100,27/08/2026 00:00:00,21/08/2026 09:54:24,28/08/2026 11:08:38,,,
295868163,LT0Q8R4W5HC31,202608271117_HY_COT22:00_20-HNI Ha Dong 7 Hub_PU TC201,,100,27/08/2026 00:00:00,21/08/2026 09:54:23,28/08/2026 11:08:38,,,
295868156,LT0Q8R4W5HBW1,202608271116_HY_COT22:00_20-HNI Ha Dong 6 Hub_PU TC201,,100,27/08/2026 00:00:00,21/08/2026 09:54:23,28/08/2026 11:08:38,,,
295868149,LT0Q8R4W5HBP1,202608271115_HY_COT22:00_20-HNI Ha Dong 5 Hub_PU TC201,,100,27/08/2026 00:00:00,21/08/2026 09:54:23,28/08/2026 11:08:38,,,
295868142,LT0Q8R4W5HBI1,202608271114_HY_COT22:00_20-HNI Ha Dong 4 Hub_PU TC201,,100,27/08/2026 00:00:00,21/08/2026 09:54:23,28/08/2026 11:08:38,,,
295868135,LT0Q8R4W5HBB1,202608271113_HY_COT22:00_20-HNI Ha Dong 3 Hub_PU TC201,,100,27/08/2026 00:00:00,21/08/2026 09:54:23,28/08/2026 11:08:37,,,
295868128,LT0Q8R4W5HB41,202608271112_HY_COT22:00_20-HNI Ha Dong 2 Hub_PU TC201,,100,27/08/2026 00:00:00,21/08/2026 09:54:22,28/08/2026 11:08:37,,,
295868121,LT0Q8R4W5HAX1,202608271111_HY_COT22:00_20-HNI Ha Dong 14 Hub_PU TC201,,100,27/08/2026 00:00:00,21/08/2026 09:54:22,28/08/2026 11:08:37,,,
295868114,LT0Q8R4W5HAQ1,202608271110_HY_COT22:00_20-HNI Ha Dong 13 Hub_PU TC201,,100,27/08/2026 00:00:00,21/08/2026 09:54:22,28/08/2026 11:08:37,,,
295868107,LT0Q8R4W5HAJ1,202608271109_HY_COT22:00_20-HNI Ha Dong 12 Hub_PU TC201,,100,27/08/2026 00:00:00,21/08/2026 09:54:22,28/08/2026 11:08:37,,,
295868100,LT0Q8R4W5HAC1,202608271108_HY_COT22:00_20-HNI Ha Dong 11 Hub_PU TC201,,100,27/08/2026 00:00:00,21/08/2026 09:54:22,28/08/2026 11:08:37,,,
295868093,LT0Q8R4W5HA51,202608271107_HY_COT22:00_20-HNI Ha Dong 10 Hub_PU TC201,,100,27/08/2026 00:00:00,21/08/2026 09:54:21,28/08/2026 11:08:37,,,
295868086,LT0Q8R4W5H9Y1,202608271106_HY_COT22:00_20-HNI Cau Giay Hub_PU TC201,,100,27/08/2026 00:00:00,21/08/2026 09:54:21,28/08/2026 11:08:37,,,
295868079,LT0Q8R4W5H9R1,202608271105_HY_COT22:00_20-HNI Cau Giay 8 Hub_PU TC201,,100,27/08/2026 00:00:00,21/08/2026 09:54:21,28/08/2026 11:08:36,,,
295868072,LT0Q8R4W5H9K1,202608271104_HY_COT22:00_20-HNI Cau Giay 7 Hub_PU TC201,,100,27/08/2026 00:00:00,21/08/2026 09:54:21,28/08/2026 11:08:36,,,
295868065,LT0Q8R4W5H9D1,202608271103_HY_COT22:00_20-HNI Cau Giay 6 Hub_PU TC201,,100,27/08/2026 00:00:00,21/08/2026 09:54:20,28/08/2026 11:08:36,,,
295868058,LT0Q8R4W5H961,202608271102_HY_COT22:00_20-HNI Cau Giay 5 Hub_PU TC201,,100,27/08/2026 00:00:00,21/08/2026 09:54:20,28/08/2026 11:08:36,,,
295868051,LT0Q8R4W5H8Z1,202608271101_HY_COT22:00_20-HNI Cau Giay 4 Hub_PU TC201,,100,27/08/2026 00:00:00,21/08/2026 09:54:20,28/08/2026 11:08:36,,,
295868044,LT0Q8R4W5H8S1,202608271100_HY_COT22:00_20-HNI Cau Giay 3 Hub_PU TC201,,100,27/08/2026 00:00:00,21/08/2026 09:54:20,28/08/2026 11:08:36,,,
295868037,LT0Q8R4W5H8L1,202608271099_HY_COT22:00_20-HNI Cau Giay 2 Hub_PU TC201,,100,27/08/2026 00:00:00,21/08/2026 09:54:19,28/08/2026 11:08:36,,,
295868030,LT0Q8R4W5H8E1,202608271098_HY_COT22:00_20-HNI Bac Tu Liem Hub_PU TC201,,100,27/08/2026 00:00:00,21/08/2026 09:54:19,28/08/2026 11:08:35,,,
295868023,LT0Q8R4W5H871,202608271097_HY_COT22:00_20-HNI Bac Tu Liem 9 Hub_PU TC201,,100,27/08/2026 00:00:00,21/08/2026 09:54:19,28/08/2026 11:08:35,,,
295868016,LT0Q8R4W5H801,202608271096_HY_COT22:00_20-HNI Bac Tu Liem 8 Hub_PU TC201,,100,27/08/2026 00:00:00,21/08/2026 09:54:19,28/08/2026 11:08:35,,,
295868009,LT0Q8R4W5H7T1,202608271095_HY_COT22:00_20-HNI Bac Tu Liem 7 Hub_PU TC201,,100,27/08/2026 00:00:00,21/08/2026 09:54:19,28/08/2026 11:08:35,,,
295868002,LT0Q8R4W5H7M1,202608271094_HY_COT22:00_20-HNI Bac Tu Liem 6 Hub_PU TC201,,100,27/08/2026 00:00:00,21/08/2026 09:54:18,28/08/2026 11:08:35,,,
295867995,LT0Q8R4W5H7F1,202608271093_HY_COT22:00_20-HNI Bac Tu Liem 5 Hub_PU TC201,,100,27/08/2026 00:00:00,21/08/2026 09:54:18,28/08/2026 11:08:35,,,
295867988,LT0Q8R4W5H781,202608271092_HY_COT22:00_20-HNI Bac Tu Liem 4 Hub_PU TC201,,100,27/08/2026 00:00:00,21/08/2026 09:54:18,28/08/2026 11:08:35,,,
295867981,LT0Q8R4W5H711,202608271091_HY_COT22:00_20-HNI Bac Tu Liem 3 Hub_PU TC201,,100,27/08/2026 00:00:00,21/08/2026 09:54:18,28/08/2026 11:08:35,,,
295867974,LT0Q8R4W5H6U1,202608271090_HY_COT22:00_20-HNI Bac Tu Liem 2 Hub_PU TC201,,100,27/08/2026 00:00:00,21/08/2026 09:54:18,28/08/2026 11:08:34,,,
295863809,LT0Q8R4W5DZ51,20260827495_HY_COT13:30_HNSPC-Trung tam dien tu tin hoc QH_PU TC201,,100,27/08/2026 00:00:00,21/08/2026 09:51:31,28/08/2026 02:13:00,,,
295863802,LT0Q8R4W5DYY1,20260827494_HY_COT13:30_HNSPC-Thuc pham sach Ngoc Han_PU TC201,,100,27/08/2026 00:00:00,21/08/2026 09:51:31,28/08/2026 02:13:00,,,
295863795,LT0Q8R4W5DYR1,20260827493_HY_COT13:30_HNSPC-Thuc Pham Sach KALE FARM_PU TC201,,100,27/08/2026 00:00:00,21/08/2026 09:51:31,28/08/2026 02:13:00,,,
295863788,LT0Q8R4W5DYK1,20260827492_HY_COT13:30_HNSPC-Store 2T_PU TC201,,100,27/08/2026 00:00:00,21/08/2026 09:51:31,28/08/2026 02:13:00,,,
295863781,LT0Q8R4W5DYD1,20260827491_HY_COT13:30_HNSPC-Phu kien dien thoai Manh Anh_PU TC201,,100,27/08/2026 00:00:00,21/08/2026 09:51:31,28/08/2026 02:12:59,,,
295863774,LT0Q8R4W5DY61,20260827490_HY_COT13:30_HNSPC-Phong ve Bac Viet_PU TC201,,100,27/08/2026 00:00:00,21/08/2026 09:51:30,28/08/2026 02:12:59,,,
295863767,LT0Q8R4W5DXZ1,20260827489_HY_COT13:30_HNSPC-Mon Pet Shop_PU TC201,,100,27/08/2026 00:00:00,21/08/2026 09:51:30,28/08/2026 02:12:59,,,
295863760,LT0Q8R4W5DXS1,20260827488_HY_COT13:30_HNSPC-Mini Mart_PU TC201,,100,27/08/2026 00:00:00,21/08/2026 09:51:30,28/08/2026 02:12:59,,,
295863753,LT0Q8R4W5DXL1,20260827487_HY_COT13:30_HNSPC-Kiwi Store_PU TC201,,100,27/08/2026 00:00:00,21/08/2026 09:51:30,28/08/2026 02:12:59,,,
295863746,LT0Q8R4W5DXE1,20260827486_HY_COT13:30_HNSPC-HOAI THUONG SHOP_PU TC201,,100,27/08/2026 00:00:00,21/08/2026 09:51:30,28/08/2026 02:12:59,,,
295863739,LT0Q8R4W5DX71,20260827485_HY_COT13:30_HNSPC-Cua hang tien loi HT Mart_PU TC201,,100,27/08/2026 00:00:00,21/08/2026 09:51:29,28/08/2026 02:12:59,,,
295863732,LT0Q8R4W5DX01,20260827484_HY_COT13:30_HNSPC-Cafe So_PU TC201,,100,27/08/2026 00:00:00,21/08/2026 09:51:29,28/08/2026 02:12:59,,,
295863725,LT0Q8R4W5DWT1,20260827483_HY_COT13:30_HNSPC-BOO MART_PU TC201,,100,27/08/2026 00:00:00,21/08/2026 09:51:29,28/08/2026 02:12:58,,,
295863718,LT0Q8R4W5DWM1,20260827482_HY_COT13:30_HNSPC-Anh Quan Mobile_PU TC201,,100,27/08/2026 00:00:00,21/08/2026 09:51:29,28/08/2026 02:12:58,,,
295863711,LT0Q8R4W5DWF1,20260827481_HY_COT13:30_HNSPC - Sieu thi Euro Mart_PU TC201,,100,27/08/2026 00:00:00,21/08/2026 09:51:29,28/08/2026 02:12:58,,,
295863704,LT0Q8R4W5DW81,20260827480_HY_COT13:30_AG-21-HNI Phuc Tho Hub_PU TC201,,100,27/08/2026 00:00:00,21/08/2026 09:51:28,28/08/2026 02:12:58,,,
295863697,LT0Q8R4W5DW11,20260827479_HY_COT13:30_21-HNI Thach That Hub_PU TC201,,100,27/08/2026 00:00:00,21/08/2026 09:51:28,28/08/2026 02:12:58,,,
295863690,LT0Q8R4W5DVU1,20260827478_HY_COT13:30_21-HNI Thach That 5 Hub_PU TC201,,100,27/08/2026 00:00:00,21/08/2026 09:51:28,28/08/2026 02:12:58,,,
295863683,LT0Q8R4W5DVN1,20260827477_HY_COT13:30_21-HNI Thach That 4 Hub_PU TC201,,100,27/08/2026 00:00:00,21/08/2026 09:51:28,28/08/2026 02:12:58,,,
295863676,LT0Q8R4W5DVG1,20260827476_HY_COT13:30_21-HNI Thach That 3 Hub_PU TC201,,100,27/08/2026 00:00:00,21/08/2026 09:51:28,28/08/2026 02:12:58,,,
295863669,LT0Q8R4W5DV91,20260827475_HY_COT13:30_21-HNI Thach That 2 Hub_PU TC201,,100,27/08/2026 00:00:00,21/08/2026 09:51:27,28/08/2026 02:12:58,,,
295863662,LT0Q8R4W5DV21,20260827474_HY_COT13:30_21-HNI Son Tay Hub_PU TC201,,100,27/08/2026 00:00:00,21/08/2026 09:51:27,28/08/2026 02:12:57,,,
295863655,LT0Q8R4W5DUV1,20260827473_HY_COT13:30_21-HNI Son Tay 3 Hub_PU TC201,,100,27/08/2026 00:00:00,21/08/2026 09:51:27,28/08/2026 02:12:57,,,
295863648,LT0Q8R4W5DUO1,20260827472_HY_COT13:30_21-HNI Son Tay 2 Hub_PU TC201,,100,27/08/2026 00:00:00,21/08/2026 09:51:27,28/08/2026 02:12:57,,,
295863641,LT0Q8R4W5DUH1,20260827471_HY_COT13:30_21-HNI Quoc Oai Hub_PU TC201,,100,27/08/2026 00:00:00,21/08/2026 09:51:26,28/08/2026 02:12:57,,,
295863634,LT0Q8R4W5DUA1,20260827470_HY_COT13:30_21-HNI Quoc Oai 4 Hub_PU TC201,,100,27/08/2026 00:00:00,21/08/2026 09:51:26,28/08/2026 02:12:57,,,
295863627,LT0Q8R4W5DU31,20260827469_HY_COT13:30_21-HNI Quoc Oai 3 Hub_PU TC201,,100,27/08/2026 00:00:00,21/08/2026 09:51:26,28/08/2026 02:12:57,,,
295863620,LT0Q8R4W5DTW1,20260827468_HY_COT13:30_21-HNI Quoc Oai 2 Hub_PU TC201,,100,27/08/2026 00:00:00,21/08/2026 09:51:26,28/08/2026 02:12:57,,,
295863613,LT0Q8R4W5DTP1,20260827467_HY_COT13:30_21-HNI Phuc Tho Hub_PU TC201,,100,27/08/2026 00:00:00,21/08/2026 09:51:26,28/08/2026 02:12:57,,,
295863606,LT0Q8R4W5DTI1,20260827466_HY_COT13:30_21-HNI Phuc Tho 3 Hub_PU TC201,,100,27/08/2026 00:00:00,21/08/2026 09:51:25,28/08/2026 02:12:56,,,
295863599,LT0Q8R4W5DTB1,20260827465_HY_COT13:30_21-HNI Phuc Tho 2 Hub_PU TC201,,100,27/08/2026 00:00:00,21/08/2026 09:51:25,28/08/2026 02:12:56,,,
295863592,LT0Q8R4W5DT41,20260827464_HY_COT13:30_21-HNI Hoai Duc Hub_PU TC201,,100,27/08/2026 00:00:00,21/08/2026 09:51:25,28/08/2026 02:12:56,,,
295863585,LT0Q8R4W5DSX1,20260827463_HY_COT13:30_21-HNI Hoai Duc 8 Hub_PU TC201,,100,27/08/2026 00:00:00,21/08/2026 09:51:25,28/08/2026 02:12:56,,,
295863578,LT0Q8R4W5DSQ1,20260827462_HY_COT13:30_21-HNI Hoai Duc 7 Hub_PU TC201,,100,27/08/2026 00:00:00,21/08/2026 09:51:25,28/08/2026 02:12:56,,,
295863571,LT0Q8R4W5DSJ1,20260827461_HY_COT13:30_21-HNI Hoai Duc 6 Hub_PU TC201,,100,27/08/2026 00:00:00,21/08/2026 09:51:24,28/08/2026 02:12:56,,,
295863564,LT0Q8R4W5DSC1,20260827460_HY_COT13:30_21-HNI Hoai Duc 5 Hub_PU TC201,,100,27/08/2026 00:00:00,21/08/2026 09:51:24,28/08/2026 02:12:56,,,
295863557,LT0Q8R4W5DS51,20260827459_HY_COT13:30_21-HNI Hoai Duc 4 Hub_PU TC201,,100,27/08/2026 00:00:00,21/08/2026 09:51:24,28/08/2026 02:12:56,,,
295863550,LT0Q8R4W5DRY1,20260827458_HY_COT13:30_21-HNI Hoai Duc 3 Hub_PU TC201,,100,27/08/2026 00:00:00,21/08/2026 09:51:24,28/08/2026 02:12:55,,,
295863543,LT0Q8R4W5DRR1,20260827457_HY_COT13:30_21-HNI Hoai Duc 2 Hub_PU TC201,,100,27/08/2026 00:00:00,21/08/2026 09:51:23,28/08/2026 02:12:55,,,
295863536,LT0Q8R4W5DRK1,20260827456_HY_COT13:30_21-HNI Dan Phuong Hub_PU TC201,,100,27/08/2026 00:00:00,21/08/2026 09:51:23,28/08/2026 02:12:55,,,
295863529,LT0Q8R4W5DRD1,20260827455_HY_COT13:30_21-HNI Dan Phuong 3 Hub_PU TC201,,100,27/08/2026 00:00:00,21/08/2026 09:51:23,28/08/2026 02:12:55,,,
295863522,LT0Q8R4W5DR61,20260827454_HY_COT13:30_21-HNI Dan Phuong 2 Hub_PU TC201,,100,27/08/2026 00:00:00,21/08/2026 09:51:23,28/08/2026 02:12:55,,,
295863515,LT0Q8R4W5DQZ1,20260827453_HY_COT13:30_21-HNI Chuong My Hub_PU TC201,,100,27/08/2026 00:00:00,21/08/2026 09:51:23,28/08/2026 02:12:55,,,
295863508,LT0Q8R4W5DQS1,20260827452_HY_COT13:30_21-HNI Chuong My 4 Hub_PU TC201,,100,27/08/2026 00:00:00,21/08/2026 09:51:22,28/08/2026 02:12:55,,,
295863501,LT0Q8R4W5DQL1,20260827451_HY_COT13:30_21-HNI Chuong My 3 Hub_PU TC201,,100,27/08/2026 00:00:00,21/08/2026 09:51:22,28/08/2026 02:12:55,,,
295863494,LT0Q8R4W5DQE1,20260827450_HY_COT13:30_21-HNI Chuong My 2 Hub_PU TC201,,100,27/08/2026 00:00:00,21/08/2026 09:51:22,28/08/2026 02:12:54,,,
295863487,LT0Q8R4W5DQ71,20260827449_HY_COT13:30_21-HNI Ba Vi Hub_PU TC201,,100,27/08/2026 00:00:00,21/08/2026 09:51:22,28/08/2026 02:12:54,,,
295863480,LT0Q8R4W5DQ01,20260827448_HY_COT13:30_21-HNI Ba Vi 4 Hub_PU TC201,,100,27/08/2026 00:00:00,21/08/2026 09:51:22,28/08/2026 02:12:54,,,
295863473,LT0Q8R4W5DPT1,20260827447_HY_COT13:30_21-HNI Ba Vi 3 Hub_PU TC201,,100,27/08/2026 00:00:00,21/08/2026 09:51:21,28/08/2026 02:12:54,,,
295863466,LT0Q8R4W5DPM1,20260827446_HY_COT13:30_21-HNI Ba Vi 2 Hub_PU TC201,,100,27/08/2026 00:00:00,21/08/2026 09:51:21,28/08/2026 02:12:54,,,
295863459,LT0Q8R4W5DPF1,20260827445_HY_COT13:30_20-HNI Thanh Xuan Hub_PU TC201,,100,27/08/2026 00:00:00,21/08/2026 09:51:21,28/08/2026 02:12:54,,,
295863452,LT0Q8R4W5DP81,20260827444_HY_COT13:30_20-HNI Thanh Xuan 7 Hub_PU TC201,,100,27/08/2026 00:00:00,21/08/2026 09:51:21,28/08/2026 02:12:54,,,
295863445,LT0Q8R4W5DP11,20260827443_HY_COT13:30_20-HNI Thanh Xuan 6 Hub_PU TC201,,100,27/08/2026 00:00:00,21/08/2026 09:51:21,28/08/2026 02:12:54,,,
295863438,LT0Q8R4W5DOU1,20260827442_HY_COT13:30_20-HNI Thanh Xuan 5 Hub_PU TC201,,100,27/08/2026 00:00:00,21/08/2026 09:51:20,28/08/2026 02:12:53,,,
295863431,LT0Q8R4W5DON1,20260827441_HY_COT13:30_20-HNI Thanh Xuan 4 Hub_PU TC201,,100,27/08/2026 00:00:00,21/08/2026 09:51:20,28/08/2026 02:12:53,,,
295863424,LT0Q8R4W5DOG1,20260827440_HY_COT13:30_20-HNI Thanh Xuan 3 Hub_PU TC201,,100,27/08/2026 00:00:00,21/08/2026 09:51:20,28/08/2026 02:12:53,,,
295863417,LT0Q8R4W5DO91,20260827439_HY_COT13:30_20-HNI Tu Liem Hub_PU TC201,,100,27/08/2026 00:00:00,21/08/2026 09:51:20,28/08/2026 02:12:53,,,
295863410,LT0Q8R4W5DO21,20260827438_HY_COT13:30_20-HNI Tu Liem 7 Hub_PU TC201,,100,27/08/2026 00:00:00,21/08/2026 09:51:20,28/08/2026 02:12:53,,,
295863403,LT0Q8R4W5DNV1,20260827437_HY_COT13:30_20-HNI Tu Liem 6 Hub_PU TC201,,100,27/08/2026 00:00:00,21/08/2026 09:51:19,28/08/2026 02:12:53,,,
295863396,LT0Q8R4W5DNO1,20260827436_HY_COT13:30_20-HNI Tu Liem 5 Hub_PU TC201,,100,27/08/2026 00:00:00,21/08/2026 09:51:19,28/08/2026 02:12:53,,,
295863389,LT0Q8R4W5DNH1,20260827435_HY_COT13:30_20-HNI Tu Liem 4 Hub_PU TC201,,100,27/08/2026 00:00:00,21/08/2026 09:51:19,28/08/2026 02:12:53,,,
295863382,LT0Q8R4W5DNA1,20260827434_HY_COT13:30_20-HNI Tu Liem 3 Hub_PU TC201,,100,27/08/2026 00:00:00,21/08/2026 09:51:19,28/08/2026 02:12:52,,,
295863375,LT0Q8R4W5DN31,20260827433_HY_COT13:30_20-HNI Tu Liem 2 Hub_PU TC201,,100,27/08/2026 00:00:00,21/08/2026 09:51:19,28/08/2026 02:12:52,,,
295863368,LT0Q8R4W5DMW1,20260827432_HY_COT13:30_20-HNI Tay Ho Hub_PU TC201,,100,27/08/2026 00:00:00,21/08/2026 09:51:18,28/08/2026 02:12:52,,,
295863361,LT0Q8R4W5DMP1,20260827431_HY_COT13:30_20-HNI Tay Ho 6 Hub_PU TC201,,100,27/08/2026 00:00:00,21/08/2026 09:51:18,28/08/2026 02:12:52,,,
295863354,LT0Q8R4W5DMI1,20260827430_HY_COT13:30_20-HNI Tay Ho 5 Hub_PU TC201,,100,27/08/2026 00:00:00,21/08/2026 09:51:18,28/08/2026 02:12:52,,,
295863347,LT0Q8R4W5DMB1,20260827429_HY_COT13:30_20-HNI Tay Ho 4 Hub_PU TC201,,100,27/08/2026 00:00:00,21/08/2026 09:51:18,28/08/2026 02:12:52,,,
295863340,LT0Q8R4W5DM41,20260827428_HY_COT13:30_20-HNI Tay Ho 3 Hub_PU TC201,,100,27/08/2026 00:00:00,21/08/2026 09:51:17,28/08/2026 02:12:52,,,
295863333,LT0Q8R4W5DLX1,20260827427_HY_COT13:30_20-HNI Tay Ho 2 Hub_PU TC201,,100,27/08/2026 00:00:00,21/08/2026 09:51:17,28/08/2026 02:12:52,,,
295863326,LT0Q8R4W5DLQ1,20260827426_HY_COT13:30_20-HNI Ha Dong 9 Hub_PU TC201,,100,27/08/2026 00:00:00,21/08/2026 09:51:17,28/08/2026 02:12:52,,,
295863319,LT0Q8R4W5DLJ1,20260827425_HY_COT13:30_20-HNI Ha Dong 8 Hub_PU TC201,,100,27/08/2026 00:00:00,21/08/2026 09:51:17,28/08/2026 02:12:51,,,
295863312,LT0Q8R4W5DLC1,20260827424_HY_COT13:30_20-HNI Ha Dong 7 Hub_PU TC201,,100,27/08/2026 00:00:00,21/08/2026 09:51:17,28/08/2026 02:12:51,,,
295863305,LT0Q8R4W5DL51,20260827423_HY_COT13:30_20-HNI Ha Dong 6 Hub_PU TC201,,100,27/08/2026 00:00:00,21/08/2026 09:51:16,28/08/2026 02:12:51,,,
295863298,LT0Q8R4W5DKY1,20260827422_HY_COT13:30_20-HNI Ha Dong 5 Hub_PU TC201,,100,27/08/2026 00:00:00,21/08/2026 09:51:16,28/08/2026 02:12:51,,,
295863291,LT0Q8R4W5DKR1,20260827421_HY_COT13:30_20-HNI Ha Dong 4 Hub_PU TC201,,100,27/08/2026 00:00:00,21/08/2026 09:51:16,28/08/2026 02:12:51,,,
295863284,LT0Q8R4W5DKK1,20260827420_HY_COT13:30_20-HNI Ha Dong 3 Hub_PU TC201,,100,27/08/2026 00:00:00,21/08/2026 09:51:16,28/08/2026 02:12:51,,,
295863277,LT0Q8R4W5DKD1,20260827419_HY_COT13:30_20-HNI Ha Dong 2 Hub_PU TC201,,100,27/08/2026 00:00:00,21/08/2026 09:51:16,28/08/2026 02:12:51,,,
295863270,LT0Q8R4W5DK61,20260827418_HY_COT13:30_20-HNI Ha Dong 14 Hub_PU TC201,29E-495.12,90,27/08/2026 00:00:00,21/08/2026 09:51:15,28/08/2026 00:13:03,27/08/2026 22:28:14,27/08/2026 22:28:14,SEQ 1 - 20-HNI Ha Dong 14 Hub (4783) - 27/08/2026 22:28:14
295863263,LT0Q8R4W5DJZ1,20260827417_HY_COT13:30_20-HNI Ha Dong 13 Hub_PU TC201,,100,27/08/2026 00:00:00,21/08/2026 09:51:15,28/08/2026 02:12:51,,,
295863256,LT0Q8R4W5DJS1,20260827416_HY_COT13:30_20-HNI Ha Dong 12 Hub_PU TC201,,100,27/08/2026 00:00:00,21/08/2026 09:51:15,28/08/2026 02:12:50,,,
295863249,LT0Q8R4W5DJL1,20260827415_HY_COT13:30_20-HNI Ha Dong 11 Hub_PU TC201,,100,27/08/2026 00:00:00,21/08/2026 09:51:15,28/08/2026 02:12:50,,,
295863242,LT0Q8R4W5DJE1,20260827414_HY_COT13:30_20-HNI Ha Dong 10 Hub_PU TC201,,100,27/08/2026 00:00:00,21/08/2026 09:51:14,28/08/2026 02:12:50,,,
295863235,LT0Q8R4W5DJ71,20260827413_HY_COT13:30_20-HNI Cau Giay Hub_PU TC201,,100,27/08/2026 00:00:00,21/08/2026 09:51:14,28/08/2026 02:12:50,,,
295863228,LT0Q8R4W5DJ01,20260827412_HY_COT13:30_20-HNI Cau Giay 8 Hub_PU TC201,,100,27/08/2026 00:00:00,21/08/2026 09:51:14,28/08/2026 02:12:50,,,
295863221,LT0Q8R4W5DIT1,20260827411_HY_COT13:30_20-HNI Cau Giay 7 Hub_PU TC201,,100,27/08/2026 00:00:00,21/08/2026 09:51:14,28/08/2026 02:12:50,,,
295863207,LT0Q8R4W5DIF1,20260827409_HY_COT13:30_20-HNI Cau Giay 5 Hub_PU TC201,,100,27/08/2026 00:00:00,21/08/2026 09:51:13,28/08/2026 02:12:50,,,
295863200,LT0Q8R4W5DI81,20260827408_HY_COT13:30_20-HNI Cau Giay 4 Hub_PU TC201,,100,27/08/2026 00:00:00,21/08/2026 09:51:13,28/08/2026 02:12:50,,,
295863193,LT0Q8R4W5DI11,20260827407_HY_COT13:30_20-HNI Cau Giay 3 Hub_PU TC201,,100,27/08/2026 00:00:00,21/08/2026 09:51:13,28/08/2026 02:12:49,,,
295863186,LT0Q8R4W5DHU1,20260827406_HY_COT13:30_20-HNI Cau Giay 2 Hub_PU TC201,,100,27/08/2026 00:00:00,21/08/2026 09:51:13,28/08/2026 02:12:49,,,
295863179,LT0Q8R4W5DHN1,20260827405_HY_COT13:30_20-HNI Bac Tu Liem Hub_PU TC201,,100,27/08/2026 00:00:00,21/08/2026 09:51:13,28/08/2026 02:12:49,,,
295863172,LT0Q8R4W5DHG1,20260827404_HY_COT13:30_20-HNI Bac Tu Liem 9 Hub_PU TC201,,100,27/08/2026 00:00:00,21/08/2026 09:51:12,28/08/2026 02:12:49,,,
295863165,LT0Q8R4W5DH91,20260827403_HY_COT13:30_20-HNI Bac Tu Liem 8 Hub_PU TC201,,100,27/08/2026 00:00:00,21/08/2026 09:51:12,28/08/2026 02:12:49,,,
295863158,LT0Q8R4W5DH21,20260827402_HY_COT13:30_20-HNI Bac Tu Liem 7 Hub_PU TC201,,100,27/08/2026 00:00:00,21/08/2026 09:51:12,28/08/2026 02:12:49,,,
295863151,LT0Q8R4W5DGV1,20260827401_HY_COT13:30_20-HNI Bac Tu Liem 6 Hub_PU TC201,,100,27/08/2026 00:00:00,21/08/2026 09:51:12,28/08/2026 02:12:49,,,
295863144,LT0Q8R4W5DGO1,20260827400_HY_COT13:30_20-HNI Bac Tu Liem 5 Hub_PU TC201,,100,27/08/2026 00:00:00,21/08/2026 09:51:12,28/08/2026 02:12:49,,,
295863137,LT0Q8R4W5DGH1,20260827399_HY_COT13:30_20-HNI Bac Tu Liem 4 Hub_PU TC201,,100,27/08/2026 00:00:00,21/08/2026 09:51:11,28/08/2026 02:12:48,,,
295863130,LT0Q8R4W5DGA1,20260827398_HY_COT13:30_20-HNI Bac Tu Liem 3 Hub_PU TC201,,100,27/08/2026 00:00:00,21/08/2026 09:51:11,28/08/2026 02:12:48,,,
295863123,LT0Q8R4W5DG31,20260827397_HY_COT13:30_20-HNI Bac Tu Liem 2 Hub_PU TC201,,100,27/08/2026 00:00:00,21/08/2026 09:51:11,28/08/2026 02:12:48,,,
295854849,LT0Q8R4W57291,202608271188_HY_COT22:00_HNSPC-Trung tam dien tu tin hoc QH_PU01,,100,27/08/2026 00:00:00,21/08/2026 09:46:02,28/08/2026 11:07:17,,,
295854842,LT0Q8R4W57221,202608271187_HY_COT22:00_HNSPC-Thuc pham sach Ngoc Han_PU01,,100,27/08/2026 00:00:00,21/08/2026 09:46:02,28/08/2026 11:07:17,,,
295854835,LT0Q8R4W571V1,202608271186_HY_COT22:00_HNSPC-Thuc Pham Sach KALE FARM_PU01,,100,27/08/2026 00:00:00,21/08/2026 09:46:02,28/08/2026 11:07:17,,,
295854828,LT0Q8R4W571O1,202608271185_HY_COT22:00_HNSPC-Store 2T_PU01,,100,27/08/2026 00:00:00,21/08/2026 09:46:01,28/08/2026 11:07:16,,,
295854821,LT0Q8R4W571H1,202608271184_HY_COT22:00_HNSPC-Phu kien dien thoai Manh Anh_PU01,,100,27/08/2026 00:00:00,21/08/2026 09:46:01,28/08/2026 11:07:16,,,
295854814,LT0Q8R4W571A1,202608271183_HY_COT22:00_HNSPC-Phong ve Bac Viet_PU01,,100,27/08/2026 00:00:00,21/08/2026 09:46:01,28/08/2026 11:07:16,,,
295854807,LT0Q8R4W57131,202608271182_HY_COT22:00_HNSPC-Mon Pet Shop_PU01,,100,27/08/2026 00:00:00,21/08/2026 09:46:01,28/08/2026 11:07:16,,,
295854800,LT0Q8R4W570W1,202608271181_HY_COT22:00_HNSPC-Mini Mart_PU01,,100,27/08/2026 00:00:00,21/08/2026 09:46:00,28/08/2026 11:07:16,,,
295854793,LT0Q8R4W570P1,202608271180_HY_COT22:00_HNSPC-Kiwi Store_PU01,,100,27/08/2026 00:00:00,21/08/2026 09:46:00,28/08/2026 11:07:16,,,
295854786,LT0Q8R4W570I1,202608271179_HY_COT22:00_HNSPC-HOAI THUONG SHOP_PU01,,100,27/08/2026 00:00:00,21/08/2026 09:46:00,28/08/2026 11:07:16,,,
295854779,LT0Q8R4W570B1,202608271178_HY_COT22:00_HNSPC-Cua hang tien loi HT Mart_PU01,,100,27/08/2026 00:00:00,21/08/2026 09:46:00,28/08/2026 11:07:15,,,
295854772,LT0Q8R4W57041,202608271177_HY_COT22:00_HNSPC-Cafe So_PU01,,100,27/08/2026 00:00:00,21/08/2026 09:45:59,28/08/2026 11:07:15,,,
295854765,LT0Q8R4W56ZX1,202608271176_HY_COT22:00_HNSPC-BOO MART_PU01,,100,27/08/2026 00:00:00,21/08/2026 09:45:59,28/08/2026 11:07:15,,,
295854758,LT0Q8R4W56ZQ1,202608271175_HY_COT22:00_HNSPC-Anh Quan Mobile_PU01,,100,27/08/2026 00:00:00,21/08/2026 09:45:59,28/08/2026 11:07:15,,,
295854751,LT0Q8R4W56ZJ1,202608271174_HY_COT22:00_HNSPC - Sieu thi Euro Mart_PU01,,100,27/08/2026 00:00:00,21/08/2026 09:45:59,28/08/2026 11:07:15,,,
295854744,LT0Q8R4W56ZC1,202608271173_HY_COT22:00_AG-21-HNI Phuc Tho Hub_PU01,,100,27/08/2026 00:00:00,21/08/2026 09:45:58,28/08/2026 11:07:15,,,
295854737,LT0Q8R4W56Z51,202608271172_HY_COT22:00_21-HNI Thach That Hub_PU01,,100,27/08/2026 00:00:00,21/08/2026 09:45:58,28/08/2026 11:07:15,,,
295854730,LT0Q8R4W56YY1,202608271171_HY_COT22:00_21-HNI Thach That 5 Hub_PU01,,100,27/08/2026 00:00:00,21/08/2026 09:45:58,28/08/2026 11:07:15,,,
295854723,LT0Q8R4W56YR1,202608271170_HY_COT22:00_21-HNI Thach That 4 Hub_PU01,,100,27/08/2026 00:00:00,21/08/2026 09:45:58,28/08/2026 11:07:14,,,
295854716,LT0Q8R4W56YK1,202608271169_HY_COT22:00_21-HNI Thach That 3 Hub_PU01,,100,27/08/2026 00:00:00,21/08/2026 09:45:57,28/08/2026 11:07:14,,,
295854709,LT0Q8R4W56YD1,202608271168_HY_COT22:00_21-HNI Thach That 2 Hub_PU01,,100,27/08/2026 00:00:00,21/08/2026 09:45:57,28/08/2026 11:07:14,,,
295854702,LT0Q8R4W56Y61,202608271167_HY_COT22:00_21-HNI Son Tay Hub_PU01,,100,27/08/2026 00:00:00,21/08/2026 09:45:57,28/08/2026 11:07:14,,,
295854695,LT0Q8R4W56XZ1,202608271166_HY_COT22:00_21-HNI Son Tay 3 Hub_PU01,,100,27/08/2026 00:00:00,21/08/2026 09:45:57,28/08/2026 11:07:14,,,
295854688,LT0Q8R4W56XS1,202608271165_HY_COT22:00_21-HNI Son Tay 2 Hub_PU01,,100,27/08/2026 00:00:00,21/08/2026 09:45:56,28/08/2026 11:07:14,,,
295854681,LT0Q8R4W56XL1,202608271164_HY_COT22:00_21-HNI Quoc Oai Hub_PU01,,100,27/08/2026 00:00:00,21/08/2026 09:45:56,28/08/2026 11:07:14,,,
295854674,LT0Q8R4W56XE1,202608271163_HY_COT22:00_21-HNI Quoc Oai 4 Hub_PU01,,100,27/08/2026 00:00:00,21/08/2026 09:45:56,28/08/2026 11:07:13,,,
295854667,LT0Q8R4W56X71,202608271162_HY_COT22:00_21-HNI Quoc Oai 3 Hub_PU01,,100,27/08/2026 00:00:00,21/08/2026 09:45:56,28/08/2026 11:07:13,,,
295854660,LT0Q8R4W56X01,202608271161_HY_COT22:00_21-HNI Quoc Oai 2 Hub_PU01,,100,27/08/2026 00:00:00,21/08/2026 09:45:56,28/08/2026 11:07:13,,,
295854653,LT0Q8R4W56WT1,202608271160_HY_COT22:00_21-HNI Phuc Tho Hub_PU01,,100,27/08/2026 00:00:00,21/08/2026 09:45:55,28/08/2026 11:07:13,,,
295854646,LT0Q8R4W56WM1,202608271159_HY_COT22:00_21-HNI Phuc Tho 3 Hub_PU01,,100,27/08/2026 00:00:00,21/08/2026 09:45:55,28/08/2026 11:07:13,,,
295854639,LT0Q8R4W56WF1,202608271158_HY_COT22:00_21-HNI Phuc Tho 2 Hub_PU01,,100,27/08/2026 00:00:00,21/08/2026 09:45:55,28/08/2026 11:07:13,,,
295854632,LT0Q8R4W56W81,202608271157_HY_COT22:00_21-HNI Hoai Duc Hub_PU01,,100,27/08/2026 00:00:00,21/08/2026 09:45:55,28/08/2026 11:07:13,,,
295854625,LT0Q8R4W56W11,202608271156_HY_COT22:00_21-HNI Hoai Duc 8 Hub_PU01,,100,27/08/2026 00:00:00,21/08/2026 09:45:54,28/08/2026 11:07:13,,,
295854618,LT0Q8R4W56VU1,202608271155_HY_COT22:00_21-HNI Hoai Duc 7 Hub_PU01,,100,27/08/2026 00:00:00,21/08/2026 09:45:54,28/08/2026 11:07:12,,,
295854611,LT0Q8R4W56VN1,202608271154_HY_COT22:00_21-HNI Hoai Duc 6 Hub_PU01,,100,27/08/2026 00:00:00,21/08/2026 09:45:54,28/08/2026 11:07:12,,,
295854604,LT0Q8R4W56VG1,202608271153_HY_COT22:00_21-HNI Hoai Duc 5 Hub_PU01,,100,27/08/2026 00:00:00,21/08/2026 09:45:54,28/08/2026 11:07:12,,,
295854597,LT0Q8R4W56V91,202608271152_HY_COT22:00_21-HNI Hoai Duc 4 Hub_PU01,,100,27/08/2026 00:00:00,21/08/2026 09:45:53,28/08/2026 11:07:12,,,
295854590,LT0Q8R4W56V21,202608271151_HY_COT22:00_21-HNI Hoai Duc 3 Hub_PU01,,100,27/08/2026 00:00:00,21/08/2026 09:45:53,28/08/2026 11:07:12,,,
295854583,LT0Q8R4W56UV1,202608271150_HY_COT22:00_21-HNI Hoai Duc 2 Hub_PU01,,100,27/08/2026 00:00:00,21/08/2026 09:45:53,28/08/2026 11:07:12,,,
295854576,LT0Q8R4W56UO1,202608271149_HY_COT22:00_21-HNI Dan Phuong Hub_PU01,,100,27/08/2026 00:00:00,21/08/2026 09:45:53,28/08/2026 11:07:12,,,
295854569,LT0Q8R4W56UH1,202608271148_HY_COT22:00_21-HNI Dan Phuong 3 Hub_PU01,,100,27/08/2026 00:00:00,21/08/2026 09:45:53,28/08/2026 11:07:12,,,
295854562,LT0Q8R4W56UA1,202608271147_HY_COT22:00_21-HNI Dan Phuong 2 Hub_PU01,,100,27/08/2026 00:00:00,21/08/2026 09:45:52,28/08/2026 11:07:11,,,
295854555,LT0Q8R4W56U31,202608271146_HY_COT22:00_21-HNI Chuong My Hub_PU01,,100,27/08/2026 00:00:00,21/08/2026 09:45:52,28/08/2026 11:07:11,,,
295854548,LT0Q8R4W56TW1,202608271145_HY_COT22:00_21-HNI Chuong My 4 Hub_PU01,,100,27/08/2026 00:00:00,21/08/2026 09:45:52,28/08/2026 11:07:11,,,
295854541,LT0Q8R4W56TP1,202608271144_HY_COT22:00_21-HNI Chuong My 3 Hub_PU01,,100,27/08/2026 00:00:00,21/08/2026 09:45:52,28/08/2026 11:07:11,,,
295854534,LT0Q8R4W56TI1,202608271143_HY_COT22:00_21-HNI Chuong My 2 Hub_PU01,,100,27/08/2026 00:00:00,21/08/2026 09:45:52,28/08/2026 11:07:11,,,
295854527,LT0Q8R4W56TB1,202608271142_HY_COT22:00_21-HNI Ba Vi Hub_PU01,,100,27/08/2026 00:00:00,21/08/2026 09:45:51,28/08/2026 11:07:11,,,
295854520,LT0Q8R4W56T41,202608271141_HY_COT22:00_21-HNI Ba Vi 4 Hub_PU01,,100,27/08/2026 00:00:00,21/08/2026 09:45:51,28/08/2026 11:07:11,,,
295854513,LT0Q8R4W56SX1,202608271140_HY_COT22:00_21-HNI Ba Vi 3 Hub_PU01,,100,27/08/2026 00:00:00,21/08/2026 09:45:51,28/08/2026 11:07:10,,,
295854506,LT0Q8R4W56SQ1,202608271139_HY_COT22:00_21-HNI Ba Vi 2 Hub_PU01,,100,27/08/2026 00:00:00,21/08/2026 09:45:51,28/08/2026 11:07:10,,,
295854499,LT0Q8R4W56SJ1,202608271138_HY_COT22:00_20-HNI Thanh Xuan Hub_PU01,,100,27/08/2026 00:00:00,21/08/2026 09:45:50,28/08/2026 11:07:10,,,
295854492,LT0Q8R4W56SC1,202608271137_HY_COT22:00_20-HNI Thanh Xuan 7 Hub_PU01,,100,27/08/2026 00:00:00,21/08/2026 09:45:50,28/08/2026 11:07:10,,,
295854485,LT0Q8R4W56S51,202608271136_HY_COT22:00_20-HNI Thanh Xuan 6 Hub_PU01,,100,27/08/2026 00:00:00,21/08/2026 09:45:50,28/08/2026 11:07:10,,,
295854478,LT0Q8R4W56RY1,202608271135_HY_COT22:00_20-HNI Thanh Xuan 5 Hub_PU01,,100,27/08/2026 00:00:00,21/08/2026 09:45:50,28/08/2026 11:07:10,,,
295854471,LT0Q8R4W56RR1,202608271134_HY_COT22:00_20-HNI Thanh Xuan 4 Hub_PU01,,100,27/08/2026 00:00:00,21/08/2026 09:45:50,28/08/2026 11:07:10,,,
295854464,LT0Q8R4W56RK1,202608271133_HY_COT22:00_20-HNI Thanh Xuan 3 Hub_PU01,,100,27/08/2026 00:00:00,21/08/2026 09:45:49,28/08/2026 11:07:09,,,
295854457,LT0Q8R4W56RD1,202608271132_HY_COT22:00_20-HNI Tu Liem Hub_PU01,,100,27/08/2026 00:00:00,21/08/2026 09:45:49,28/08/2026 11:07:09,,,
295854450,LT0Q8R4W56R61,202608271131_HY_COT22:00_20-HNI Tu Liem 7 Hub_PU01,,100,27/08/2026 00:00:00,21/08/2026 09:45:49,28/08/2026 11:07:09,,,
295854443,LT0Q8R4W56QZ1,202608271130_HY_COT22:00_20-HNI Tu Liem 6 Hub_PU01,,100,27/08/2026 00:00:00,21/08/2026 09:45:49,28/08/2026 11:07:09,,,
295854436,LT0Q8R4W56QS1,202608271129_HY_COT22:00_20-HNI Tu Liem 5 Hub_PU01,,100,27/08/2026 00:00:00,21/08/2026 09:45:48,28/08/2026 11:07:09,,,
295854429,LT0Q8R4W56QL1,202608271128_HY_COT22:00_20-HNI Tu Liem 4 Hub_PU01,,100,27/08/2026 00:00:00,21/08/2026 09:45:48,28/08/2026 11:07:09,,,
295854422,LT0Q8R4W56QE1,202608271127_HY_COT22:00_20-HNI Tu Liem 3 Hub_PU01,,100,27/08/2026 00:00:00,21/08/2026 09:45:48,28/08/2026 11:07:09,,,
295854415,LT0Q8R4W56Q71,202608271126_HY_COT22:00_20-HNI Tu Liem 2 Hub_PU01,,100,27/08/2026 00:00:00,21/08/2026 09:45:48,28/08/2026 11:07:09,,,
295854408,LT0Q8R4W56Q01,202608271125_HY_COT22:00_20-HNI Tay Ho Hub_PU01,,100,27/08/2026 00:00:00,21/08/2026 09:45:47,28/08/2026 11:07:08,,,
295854401,LT0Q8R4W56PT1,202608271124_HY_COT22:00_20-HNI Tay Ho 6 Hub_PU01,,100,27/08/2026 00:00:00,21/08/2026 09:45:47,28/08/2026 11:07:08,,,
295854394,LT0Q8R4W56PM1,202608271123_HY_COT22:00_20-HNI Tay Ho 5 Hub_PU01,,100,27/08/2026 00:00:00,21/08/2026 09:45:47,28/08/2026 11:07:08,,,
295854387,LT0Q8R4W56PF1,202608271122_HY_COT22:00_20-HNI Tay Ho 4 Hub_PU01,,100,27/08/2026 00:00:00,21/08/2026 09:45:47,28/08/2026 11:07:08,,,
295854380,LT0Q8R4W56P81,202608271121_HY_COT22:00_20-HNI Tay Ho 3 Hub_PU01,,100,27/08/2026 00:00:00,21/08/2026 09:45:47,28/08/2026 11:07:08,,,
295854373,LT0Q8R4W56P11,202608271120_HY_COT22:00_20-HNI Tay Ho 2 Hub_PU01,,100,27/08/2026 00:00:00,21/08/2026 09:45:46,28/08/2026 11:07:08,,,
295854366,LT0Q8R4W56OU1,202608271119_HY_COT22:00_20-HNI Ha Dong 9 Hub_PU01,,100,27/08/2026 00:00:00,21/08/2026 09:45:46,28/08/2026 11:07:08,,,
295854359,LT0Q8R4W56ON1,202608271118_HY_COT22:00_20-HNI Ha Dong 8 Hub_PU01,,100,27/08/2026 00:00:00,21/08/2026 09:45:46,28/08/2026 11:07:07,,,
295854352,LT0Q8R4W56OG1,202608271117_HY_COT22:00_20-HNI Ha Dong 7 Hub_PU01,,100,27/08/2026 00:00:00,21/08/2026 09:45:46,28/08/2026 11:07:07,,,
295854345,LT0Q8R4W56O91,202608271116_HY_COT22:00_20-HNI Ha Dong 6 Hub_PU01,,100,27/08/2026 00:00:00,21/08/2026 09:45:46,28/08/2026 11:07:07,,,
295854338,LT0Q8R4W56O21,202608271115_HY_COT22:00_20-HNI Ha Dong 5 Hub_PU01,,100,27/08/2026 00:00:00,21/08/2026 09:45:45,28/08/2026 11:07:07,,,
295854331,LT0Q8R4W56NV1,202608271114_HY_COT22:00_20-HNI Ha Dong 4 Hub_PU01,,100,27/08/2026 00:00:00,21/08/2026 09:45:45,28/08/2026 11:07:07,,,
295854324,LT0Q8R4W56NO1,202608271113_HY_COT22:00_20-HNI Ha Dong 3 Hub_PU01,,100,27/08/2026 00:00:00,21/08/2026 09:45:45,28/08/2026 11:07:07,,,
295854317,LT0Q8R4W56NH1,202608271112_HY_COT22:00_20-HNI Ha Dong 2 Hub_PU01,,100,27/08/2026 00:00:00,21/08/2026 09:45:45,28/08/2026 11:07:07,,,
295854310,LT0Q8R4W56NA1,202608271111_HY_COT22:00_20-HNI Ha Dong 14 Hub_PU01,,100,27/08/2026 00:00:00,21/08/2026 09:45:44,28/08/2026 11:07:07,,,
295854303,LT0Q8R4W56N31,202608271110_HY_COT22:00_20-HNI Ha Dong 13 Hub_PU01,,100,27/08/2026 00:00:00,21/08/2026 09:45:44,28/08/2026 11:07:06,,,
295854296,LT0Q8R4W56MW1,202608271109_HY_COT22:00_20-HNI Ha Dong 12 Hub_PU01,,100,27/08/2026 00:00:00,21/08/2026 09:45:44,28/08/2026 11:07:06,,,
295854289,LT0Q8R4W56MP1,202608271108_HY_COT22:00_20-HNI Ha Dong 11 Hub_PU01,,100,27/08/2026 00:00:00,21/08/2026 09:45:44,28/08/2026 11:07:06,,,
295854282,LT0Q8R4W56MI1,202608271107_HY_COT22:00_20-HNI Ha Dong 10 Hub_PU01,,100,27/08/2026 00:00:00,21/08/2026 09:45:43,28/08/2026 11:07:06,,,
295854275,LT0Q8R4W56MB1,202608271106_HY_COT22:00_20-HNI Cau Giay Hub_PU01,,100,27/08/2026 00:00:00,21/08/2026 09:45:43,28/08/2026 11:07:06,,,
295854268,LT0Q8R4W56M41,202608271105_HY_COT22:00_20-HNI Cau Giay 8 Hub_PU01,,100,27/08/2026 00:00:00,21/08/2026 09:45:43,28/08/2026 11:07:06,,,
295854261,LT0Q8R4W56LX1,202608271104_HY_COT22:00_20-HNI Cau Giay 7 Hub_PU01,,100,27/08/2026 00:00:00,21/08/2026 09:45:43,28/08/2026 11:07:05,,,
295854254,LT0Q8R4W56LQ1,202608271103_HY_COT22:00_20-HNI Cau Giay 6 Hub_PU01,29E-494.04,90,27/08/2026 00:00:00,21/08/2026 09:45:42,28/08/2026 00:17:07,27/08/2026 20:59:40,27/08/2026 21:54:02,SEQ 1 - 20-HNI Cau Giay 6 Hub (2161) - 27/08/2026 20:59:40 | SEQ 2 - 20-HNI Cau Giay 4 Hub (2097) - 27/08/2026 21:54:02
295854247,LT0Q8R4W56LJ1,202608271102_HY_COT22:00_20-HNI Cau Giay 5 Hub_PU01,,100,27/08/2026 00:00:00,21/08/2026 09:45:42,28/08/2026 11:07:05,,,
295854240,LT0Q8R4W56LC1,202608271101_HY_COT22:00_20-HNI Cau Giay 4 Hub_PU01,,100,27/08/2026 00:00:00,21/08/2026 09:45:42,28/08/2026 11:07:05,,,
295854233,LT0Q8R4W56L51,202608271100_HY_COT22:00_20-HNI Cau Giay 3 Hub_PU01,,100,27/08/2026 00:00:00,21/08/2026 09:45:42,28/08/2026 11:07:05,,,
295854226,LT0Q8R4W56KY1,202608271099_HY_COT22:00_20-HNI Cau Giay 2 Hub_PU01,,100,27/08/2026 00:00:00,21/08/2026 09:45:42,28/08/2026 11:07:05,,,
295854219,LT0Q8R4W56KR1,202608271098_HY_COT22:00_20-HNI Bac Tu Liem Hub_PU01,,100,27/08/2026 00:00:00,21/08/2026 09:45:41,28/08/2026 11:07:05,,,
295854212,LT0Q8R4W56KK1,202608271097_HY_COT22:00_20-HNI Bac Tu Liem 9 Hub_PU01,,100,27/08/2026 00:00:00,21/08/2026 09:45:41,28/08/2026 11:07:05,,,
295854205,LT0Q8R4W56KD1,202608271096_HY_COT22:00_20-HNI Bac Tu Liem 8 Hub_PU01,,100,27/08/2026 00:00:00,21/08/2026 09:45:41,28/08/2026 11:07:05,,,
295854198,LT0Q8R4W56K61,202608271095_HY_COT22:00_20-HNI Bac Tu Liem 7 Hub_PU01,,100,27/08/2026 00:00:00,21/08/2026 09:45:41,28/08/2026 11:07:04,,,
295854191,LT0Q8R4W56JZ1,202608271094_HY_COT22:00_20-HNI Bac Tu Liem 6 Hub_PU01,,100,27/08/2026 00:00:00,21/08/2026 09:45:41,28/08/2026 11:07:04,,,
295854184,LT0Q8R4W56JS1,202608271093_HY_COT22:00_20-HNI Bac Tu Liem 5 Hub_PU01,,100,27/08/2026 00:00:00,21/08/2026 09:45:40,28/08/2026 11:07:04,,,
295854177,LT0Q8R4W56JL1,202608271092_HY_COT22:00_20-HNI Bac Tu Liem 4 Hub_PU01,,100,27/08/2026 00:00:00,21/08/2026 09:45:40,28/08/2026 11:07:04,,,
295854170,LT0Q8R4W56JE1,202608271091_HY_COT22:00_20-HNI Bac Tu Liem 3 Hub_PU01,,100,27/08/2026 00:00:00,21/08/2026 09:45:40,28/08/2026 11:07:04,,,
295854163,LT0Q8R4W56J71,202608271090_HY_COT22:00_20-HNI Bac Tu Liem 2 Hub_PU01,,100,27/08/2026 00:00:00,21/08/2026 09:45:40,28/08/2026 11:07:04,,,
295849998,LT0Q8R4W53BI1,20260827495_HY_COT13:30_HNSPC-Trung tam dien tu tin hoc QH_PU01,,100,27/08/2026 00:00:00,21/08/2026 09:43:22,28/08/2026 02:11:36,,,
295849991,LT0Q8R4W53BB1,20260827494_HY_COT13:30_HNSPC-Thuc pham sach Ngoc Han_PU01,,100,27/08/2026 00:00:00,21/08/2026 09:43:22,28/08/2026 02:11:36,,,
295849984,LT0Q8R4W53B41,20260827493_HY_COT13:30_HNSPC-Thuc Pham Sach KALE FARM_PU01,,100,27/08/2026 00:00:00,21/08/2026 09:43:21,28/08/2026 02:11:36,,,
295849977,LT0Q8R4W53AX1,20260827492_HY_COT13:30_HNSPC-Store 2T_PU01,,100,27/08/2026 00:00:00,21/08/2026 09:43:21,28/08/2026 02:11:36,,,
295849970,LT0Q8R4W53AQ1,20260827491_HY_COT13:30_HNSPC-Phu kien dien thoai Manh Anh_PU01,,100,27/08/2026 00:00:00,21/08/2026 09:43:21,28/08/2026 02:11:36,,,
295849963,LT0Q8R4W53AJ1,20260827490_HY_COT13:30_HNSPC-Phong ve Bac Viet_PU01,,100,27/08/2026 00:00:00,21/08/2026 09:43:21,28/08/2026 02:11:36,,,
295849956,LT0Q8R4W53AC1,20260827489_HY_COT13:30_HNSPC-Mon Pet Shop_PU01,,100,27/08/2026 00:00:00,21/08/2026 09:43:21,28/08/2026 02:11:36,,,
295849949,LT0Q8R4W53A51,20260827488_HY_COT13:30_HNSPC-Mini Mart_PU01,,100,27/08/2026 00:00:00,21/08/2026 09:43:20,28/08/2026 02:11:36,,,
295849942,LT0Q8R4W539Y1,20260827487_HY_COT13:30_HNSPC-Kiwi Store_PU01,,100,27/08/2026 00:00:00,21/08/2026 09:43:20,28/08/2026 02:11:36,,,
295849935,LT0Q8R4W539R1,20260827486_HY_COT13:30_HNSPC-HOAI THUONG SHOP_PU01,,100,27/08/2026 00:00:00,21/08/2026 09:43:20,28/08/2026 02:11:35,,,
295849928,LT0Q8R4W539K1,20260827485_HY_COT13:30_HNSPC-Cua hang tien loi HT Mart_PU01,,100,27/08/2026 00:00:00,21/08/2026 09:43:20,28/08/2026 02:11:35,,,
295849921,LT0Q8R4W539D1,20260827484_HY_COT13:30_HNSPC-Cafe So_PU01,,100,27/08/2026 00:00:00,21/08/2026 09:43:20,28/08/2026 02:11:35,,,
295849914,LT0Q8R4W53961,20260827483_HY_COT13:30_HNSPC-BOO MART_PU01,,100,27/08/2026 00:00:00,21/08/2026 09:43:19,28/08/2026 02:11:35,,,
295849907,LT0Q8R4W538Z1,20260827482_HY_COT13:30_HNSPC-Anh Quan Mobile_PU01,,100,27/08/2026 00:00:00,21/08/2026 09:43:19,28/08/2026 02:11:35,,,
295849900,LT0Q8R4W538S1,20260827481_HY_COT13:30_HNSPC - Sieu thi Euro Mart_PU01,,100,27/08/2026 00:00:00,21/08/2026 09:43:19,28/08/2026 02:11:35,,,
295849893,LT0Q8R4W538L1,20260827480_HY_COT13:30_AG-21-HNI Phuc Tho Hub_PU01,,100,27/08/2026 00:00:00,21/08/2026 09:43:19,28/08/2026 02:11:35,,,
295849886,LT0Q8R4W538E1,20260827479_HY_COT13:30_21-HNI Thach That Hub_PU01,,100,27/08/2026 00:00:00,21/08/2026 09:43:19,28/08/2026 02:11:35,,,
295849879,LT0Q8R4W53871,20260827478_HY_COT13:30_21-HNI Thach That 5 Hub_PU01,,100,27/08/2026 00:00:00,21/08/2026 09:43:19,28/08/2026 02:11:34,,,
295849872,LT0Q8R4W53801,20260827477_HY_COT13:30_21-HNI Thach That 4 Hub_PU01,,100,27/08/2026 00:00:00,21/08/2026 09:43:18,28/08/2026 02:11:34,,,
295849865,LT0Q8R4W537T1,20260827476_HY_COT13:30_21-HNI Thach That 3 Hub_PU01,,100,27/08/2026 00:00:00,21/08/2026 09:43:18,28/08/2026 02:11:34,,,
295849858,LT0Q8R4W537M1,20260827475_HY_COT13:30_21-HNI Thach That 2 Hub_PU01,,100,27/08/2026 00:00:00,21/08/2026 09:43:18,28/08/2026 02:11:34,,,
295849851,LT0Q8R4W537F1,20260827474_HY_COT13:30_21-HNI Son Tay Hub_PU01,,100,27/08/2026 00:00:00,21/08/2026 09:43:18,28/08/2026 02:11:34,,,
295849844,LT0Q8R4W53781,20260827473_HY_COT13:30_21-HNI Son Tay 3 Hub_PU01,,100,27/08/2026 00:00:00,21/08/2026 09:43:17,28/08/2026 02:11:34,,,
295849837,LT0Q8R4W53711,20260827472_HY_COT13:30_21-HNI Son Tay 2 Hub_PU01,,100,27/08/2026 00:00:00,21/08/2026 09:43:17,28/08/2026 02:11:34,,,
295849830,LT0Q8R4W536U1,20260827471_HY_COT13:30_21-HNI Quoc Oai Hub_PU01,,100,27/08/2026 00:00:00,21/08/2026 09:43:17,28/08/2026 02:11:33,,,
295849823,LT0Q8R4W536N1,20260827470_HY_COT13:30_21-HNI Quoc Oai 4 Hub_PU01,,100,27/08/2026 00:00:00,21/08/2026 09:43:17,28/08/2026 02:11:33,,,
295849816,LT0Q8R4W536G1,20260827469_HY_COT13:30_21-HNI Quoc Oai 3 Hub_PU01,,100,27/08/2026 00:00:00,21/08/2026 09:43:17,28/08/2026 02:11:33,,,
295849809,LT0Q8R4W53691,20260827468_HY_COT13:30_21-HNI Quoc Oai 2 Hub_PU01,,100,27/08/2026 00:00:00,21/08/2026 09:43:16,28/08/2026 02:11:33,,,
295849802,LT0Q8R4W53621,20260827467_HY_COT13:30_21-HNI Phuc Tho Hub_PU01,,100,27/08/2026 00:00:00,21/08/2026 09:43:16,28/08/2026 02:11:33,,,
295849795,LT0Q8R4W535V1,20260827466_HY_COT13:30_21-HNI Phuc Tho 3 Hub_PU01,,100,27/08/2026 00:00:00,21/08/2026 09:43:16,28/08/2026 02:11:33,,,
295849788,LT0Q8R4W535O1,20260827465_HY_COT13:30_21-HNI Phuc Tho 2 Hub_PU01,,100,27/08/2026 00:00:00,21/08/2026 09:43:16,28/08/2026 02:11:33,,,
295849781,LT0Q8R4W535H1,20260827464_HY_COT13:30_21-HNI Hoai Duc Hub_PU01,,100,27/08/2026 00:00:00,21/08/2026 09:43:16,28/08/2026 02:11:33,,,
295849774,LT0Q8R4W535A1,20260827463_HY_COT13:30_21-HNI Hoai Duc 8 Hub_PU01,,100,27/08/2026 00:00:00,21/08/2026 09:43:15,28/08/2026 02:11:33,,,
295849767,LT0Q8R4W53531,20260827462_HY_COT13:30_21-HNI Hoai Duc 7 Hub_PU01,,100,27/08/2026 00:00:00,21/08/2026 09:43:15,28/08/2026 02:11:32,,,
295849760,LT0Q8R4W534W1,20260827461_HY_COT13:30_21-HNI Hoai Duc 6 Hub_PU01,,100,27/08/2026 00:00:00,21/08/2026 09:43:15,28/08/2026 02:11:32,,,
295849753,LT0Q8R4W534P1,20260827460_HY_COT13:30_21-HNI Hoai Duc 5 Hub_PU01,,100,27/08/2026 00:00:00,21/08/2026 09:43:14,28/08/2026 02:11:32,,,
295849746,LT0Q8R4W534I1,20260827459_HY_COT13:30_21-HNI Hoai Duc 4 Hub_PU01,,100,27/08/2026 00:00:00,21/08/2026 09:43:14,28/08/2026 02:11:32,,,
295849739,LT0Q8R4W534B1,20260827458_HY_COT13:30_21-HNI Hoai Duc 3 Hub_PU01,,100,27/08/2026 00:00:00,21/08/2026 09:43:14,28/08/2026 02:11:32,,,
295849732,LT0Q8R4W53441,20260827457_HY_COT13:30_21-HNI Hoai Duc 2 Hub_PU01,,100,27/08/2026 00:00:00,21/08/2026 09:43:14,28/08/2026 02:11:32,,,
295849725,LT0Q8R4W533X1,20260827456_HY_COT13:30_21-HNI Dan Phuong Hub_PU01,,100,27/08/2026 00:00:00,21/08/2026 09:43:14,28/08/2026 02:11:32,,,
295849718,LT0Q8R4W533Q1,20260827455_HY_COT13:30_21-HNI Dan Phuong 3 Hub_PU01,,100,27/08/2026 00:00:00,21/08/2026 09:43:13,28/08/2026 02:11:32,,,
295849711,LT0Q8R4W533J1,20260827454_HY_COT13:30_21-HNI Dan Phuong 2 Hub_PU01,,100,27/08/2026 00:00:00,21/08/2026 09:43:13,28/08/2026 02:11:31,,,
295849704,LT0Q8R4W533C1,20260827453_HY_COT13:30_21-HNI Chuong My Hub_PU01,,100,27/08/2026 00:00:00,21/08/2026 09:43:13,28/08/2026 02:11:31,,,
295849697,LT0Q8R4W53351,20260827452_HY_COT13:30_21-HNI Chuong My 4 Hub_PU01,,100,27/08/2026 00:00:00,21/08/2026 09:43:13,28/08/2026 02:11:31,,,
295849690,LT0Q8R4W532Y1,20260827451_HY_COT13:30_21-HNI Chuong My 3 Hub_PU01,,100,27/08/2026 00:00:00,21/08/2026 09:43:13,28/08/2026 02:11:31,,,
295849683,LT0Q8R4W532R1,20260827450_HY_COT13:30_21-HNI Chuong My 2 Hub_PU01,,100,27/08/2026 00:00:00,21/08/2026 09:43:12,28/08/2026 02:11:31,,,
295849676,LT0Q8R4W532K1,20260827449_HY_COT13:30_21-HNI Ba Vi Hub_PU01,,100,27/08/2026 00:00:00,21/08/2026 09:43:12,28/08/2026 02:11:31,,,
295849662,LT0Q8R4W53261,20260827447_HY_COT13:30_21-HNI Ba Vi 3 Hub_PU01,,100,27/08/2026 00:00:00,21/08/2026 09:43:12,28/08/2026 02:11:31,,,
295849655,LT0Q8R4W531Z1,20260827446_HY_COT13:30_21-HNI Ba Vi 2 Hub_PU01,,100,27/08/2026 00:00:00,21/08/2026 09:43:12,28/08/2026 02:11:31,,,
295849648,LT0Q8R4W531S1,20260827445_HY_COT13:30_20-HNI Thanh Xuan Hub_PU01,,100,27/08/2026 00:00:00,21/08/2026 09:43:11,28/08/2026 02:11:30,,,
295849641,LT0Q8R4W531L1,20260827444_HY_COT13:30_20-HNI Thanh Xuan 7 Hub_PU01,,100,27/08/2026 00:00:00,21/08/2026 09:43:11,28/08/2026 02:11:30,,,
295849634,LT0Q8R4W531E1,20260827443_HY_COT13:30_20-HNI Thanh Xuan 6 Hub_PU01,,100,27/08/2026 00:00:00,21/08/2026 09:43:10,28/08/2026 02:11:30,,,
295849627,LT0Q8R4W53171,20260827442_HY_COT13:30_20-HNI Thanh Xuan 5 Hub_PU01,,100,27/08/2026 00:00:00,21/08/2026 09:43:10,28/08/2026 02:11:30,,,
295849620,LT0Q8R4W53101,20260827441_HY_COT13:30_20-HNI Thanh Xuan 4 Hub_PU01,,100,27/08/2026 00:00:00,21/08/2026 09:43:10,28/08/2026 02:11:30,,,
295849613,LT0Q8R4W530T1,20260827440_HY_COT13:30_20-HNI Thanh Xuan 3 Hub_PU01,,100,27/08/2026 00:00:00,21/08/2026 09:43:10,28/08/2026 02:11:30,,,
295849606,LT0Q8R4W530M1,20260827439_HY_COT13:30_20-HNI Tu Liem Hub_PU01,,100,27/08/2026 00:00:00,21/08/2026 09:43:10,28/08/2026 02:11:30,,,
295849599,LT0Q8R4W530F1,20260827438_HY_COT13:30_20-HNI Tu Liem 7 Hub_PU01,,100,27/08/2026 00:00:00,21/08/2026 09:43:09,28/08/2026 02:11:30,,,
295849592,LT0Q8R4W53081,20260827437_HY_COT13:30_20-HNI Tu Liem 6 Hub_PU01,,100,27/08/2026 00:00:00,21/08/2026 09:43:09,28/08/2026 02:11:29,,,
295849585,LT0Q8R4W53011,20260827436_HY_COT13:30_20-HNI Tu Liem 5 Hub_PU01,,100,27/08/2026 00:00:00,21/08/2026 09:43:09,28/08/2026 02:11:29,,,
295849578,LT0Q8R4W52ZU1,20260827435_HY_COT13:30_20-HNI Tu Liem 4 Hub_PU01,,100,27/08/2026 00:00:00,21/08/2026 09:43:09,28/08/2026 02:11:29,,,
295849571,LT0Q8R4W52ZN1,20260827434_HY_COT13:30_20-HNI Tu Liem 3 Hub_PU01,,100,27/08/2026 00:00:00,21/08/2026 09:43:09,28/08/2026 02:11:29,,,
295849564,LT0Q8R4W52ZG1,20260827433_HY_COT13:30_20-HNI Tu Liem 2 Hub_PU01,,100,27/08/2026 00:00:00,21/08/2026 09:43:08,28/08/2026 02:11:29,,,
295849557,LT0Q8R4W52Z91,20260827432_HY_COT13:30_20-HNI Tay Ho Hub_PU01,,100,27/08/2026 00:00:00,21/08/2026 09:43:08,28/08/2026 02:11:29,,,
295849550,LT0Q8R4W52Z21,20260827431_HY_COT13:30_20-HNI Tay Ho 6 Hub_PU01,,100,27/08/2026 00:00:00,21/08/2026 09:43:08,28/08/2026 02:11:29,,,
295849543,LT0Q8R4W52YV1,20260827430_HY_COT13:30_20-HNI Tay Ho 5 Hub_PU01,,100,27/08/2026 00:00:00,21/08/2026 09:43:08,28/08/2026 02:11:29,,,
295849536,LT0Q8R4W52YO1,20260827429_HY_COT13:30_20-HNI Tay Ho 4 Hub_PU01,,100,27/08/2026 00:00:00,21/08/2026 09:43:07,28/08/2026 02:11:28,,,
295849522,LT0Q8R4W52YA1,20260827427_HY_COT13:30_20-HNI Tay Ho 2 Hub_PU01,,100,27/08/2026 00:00:00,21/08/2026 09:43:07,28/08/2026 02:11:28,,,
295849515,LT0Q8R4W52Y31,20260827426_HY_COT13:30_20-HNI Ha Dong 9 Hub_PU01,,100,27/08/2026 00:00:00,21/08/2026 09:43:06,28/08/2026 02:11:28,,,
295849508,LT0Q8R4W52XW1,20260827425_HY_COT13:30_20-HNI Ha Dong 8 Hub_PU01,,100,27/08/2026 00:00:00,21/08/2026 09:43:06,28/08/2026 02:11:28,,,
295849501,LT0Q8R4W52XP1,20260827424_HY_COT13:30_20-HNI Ha Dong 7 Hub_PU01,,100,27/08/2026 00:00:00,21/08/2026 09:43:06,28/08/2026 02:11:28,,,
295849494,LT0Q8R4W52XI1,20260827423_HY_COT13:30_20-HNI Ha Dong 6 Hub_PU01,,100,27/08/2026 00:00:00,21/08/2026 09:43:06,28/08/2026 02:11:28,,,
295849487,LT0Q8R4W52XB1,20260827422_HY_COT13:30_20-HNI Ha Dong 5 Hub_PU01,,100,27/08/2026 00:00:00,21/08/2026 09:43:05,28/08/2026 02:11:28,,,
295849480,LT0Q8R4W52X41,20260827421_HY_COT13:30_20-HNI Ha Dong 4 Hub_PU01,,100,27/08/2026 00:00:00,21/08/2026 09:43:05,28/08/2026 02:11:28,,,
295849473,LT0Q8R4W52WX1,20260827420_HY_COT13:30_20-HNI Ha Dong 3 Hub_PU01,,100,27/08/2026 00:00:00,21/08/2026 09:43:05,28/08/2026 02:11:27,,,
295849466,LT0Q8R4W52WQ1,20260827419_HY_COT13:30_20-HNI Ha Dong 2 Hub_PU01,,100,27/08/2026 00:00:00,21/08/2026 09:43:05,28/08/2026 02:11:27,,,
295849459,LT0Q8R4W52WJ1,20260827418_HY_COT13:30_20-HNI Ha Dong 14 Hub_PU01,,100,27/08/2026 00:00:00,21/08/2026 09:43:04,28/08/2026 02:11:27,,,
295849452,LT0Q8R4W52WC1,20260827417_HY_COT13:30_20-HNI Ha Dong 13 Hub_PU01,,100,27/08/2026 00:00:00,21/08/2026 09:43:04,28/08/2026 02:11:27,,,
295849445,LT0Q8R4W52W51,20260827416_HY_COT13:30_20-HNI Ha Dong 12 Hub_PU01,,100,27/08/2026 00:00:00,21/08/2026 09:43:04,28/08/2026 02:11:27,,,
295849438,LT0Q8R4W52VY1,20260827415_HY_COT13:30_20-HNI Ha Dong 11 Hub_PU01,,100,27/08/2026 00:00:00,21/08/2026 09:43:04,28/08/2026 02:11:27,,,
295849431,LT0Q8R4W52VR1,20260827414_HY_COT13:30_20-HNI Ha Dong 10 Hub_PU01,,100,27/08/2026 00:00:00,21/08/2026 09:43:04,28/08/2026 02:11:27,,,
295849424,LT0Q8R4W52VK1,20260827413_HY_COT13:30_20-HNI Cau Giay Hub_PU01,,100,27/08/2026 00:00:00,21/08/2026 09:43:03,28/08/2026 02:11:27,,,
295849417,LT0Q8R4W52VD1,20260827412_HY_COT13:30_20-HNI Cau Giay 8 Hub_PU01,,100,27/08/2026 00:00:00,21/08/2026 09:43:03,28/08/2026 02:11:27,,,
295849410,LT0Q8R4W52V61,20260827411_HY_COT13:30_20-HNI Cau Giay 7 Hub_PU01,,100,27/08/2026 00:00:00,21/08/2026 09:43:03,28/08/2026 02:11:26,,,
295849403,LT0Q8R4W52UZ1,20260827410_HY_COT13:30_20-HNI Cau Giay 6 Hub_PU01,,100,27/08/2026 00:00:00,21/08/2026 09:43:03,28/08/2026 02:11:26,,,
295849396,LT0Q8R4W52US1,20260827409_HY_COT13:30_20-HNI Cau Giay 5 Hub_PU01,,100,27/08/2026 00:00:00,21/08/2026 09:43:03,28/08/2026 02:11:26,,,
295849389,LT0Q8R4W52UL1,20260827408_HY_COT13:30_20-HNI Cau Giay 4 Hub_PU01,,100,27/08/2026 00:00:00,21/08/2026 09:43:02,28/08/2026 02:11:26,,,
295849382,LT0Q8R4W52UE1,20260827407_HY_COT13:30_20-HNI Cau Giay 3 Hub_PU01,,100,27/08/2026 00:00:00,21/08/2026 09:43:02,28/08/2026 02:11:26,,,
295849375,LT0Q8R4W52U71,20260827406_HY_COT13:30_20-HNI Cau Giay 2 Hub_PU01,,100,27/08/2026 00:00:00,21/08/2026 09:43:02,28/08/2026 02:11:26,,,
295849368,LT0Q8R4W52U01,20260827405_HY_COT13:30_20-HNI Bac Tu Liem Hub_PU01,,100,27/08/2026 00:00:00,21/08/2026 09:43:02,28/08/2026 02:11:26,,,
295849361,LT0Q8R4W52TT1,20260827404_HY_COT13:30_20-HNI Bac Tu Liem 9 Hub_PU01,,100,27/08/2026 00:00:00,21/08/2026 09:43:02,28/08/2026 02:11:25,,,
295849354,LT0Q8R4W52TM1,20260827403_HY_COT13:30_20-HNI Bac Tu Liem 8 Hub_PU01,,100,27/08/2026 00:00:00,21/08/2026 09:43:01,28/08/2026 02:11:25,,,
295849340,LT0Q8R4W52T81,20260827401_HY_COT13:30_20-HNI Bac Tu Liem 6 Hub_PU01,,100,27/08/2026 00:00:00,21/08/2026 09:43:01,28/08/2026 02:11:25,,,
295849333,LT0Q8R4W52T11,20260827400_HY_COT13:30_20-HNI Bac Tu Liem 5 Hub_PU01,,100,27/08/2026 00:00:00,21/08/2026 09:43:01,28/08/2026 02:11:25,,,
295849326,LT0Q8R4W52SU1,20260827399_HY_COT13:30_20-HNI Bac Tu Liem 4 Hub_PU01,,100,27/08/2026 00:00:00,21/08/2026 09:43:01,28/08/2026 02:11:25,,,
295849319,LT0Q8R4W52SN1,20260827398_HY_COT13:30_20-HNI Bac Tu Liem 3 Hub_PU01,,100,27/08/2026 00:00:00,21/08/2026 09:43:00,28/08/2026 02:11:25,,,
295849312,LT0Q8R4W52SG1,20260827397_HY_COT13:30_20-HNI Bac Tu Liem 2 Hub_PU01,,100,27/08/2026 00:00:00,21/08/2026 09:43:00,28/08/2026 02:11:25,,,
295845168,LT0Q8R4W4ZLC1,20260827318_HY_COTMater-TC Trip Số 3M321:30_20-HNI Thanh Xuan Hub+20-HNI Tu Liem 7 Hub_PU01,,100,27/08/2026 00:00:00,21/08/2026 09:40:52,28/08/2026 10:31:17,,,
295845161,LT0Q8R4W4ZL51,20260827318_HY_COTMater-TC Trip Số 3M314:00_20-HNI Thanh Xuan Hub+20-HNI Tu Liem 7 Hub_PU01,,100,27/08/2026 00:00:00,21/08/2026 09:40:51,28/08/2026 03:06:58,,,
295845154,LT0Q8R4W4ZKY1,20260827317_HY_COTMater-TC Trip Số 3M321:30_20-HNI Cau Giay 7 Hub+20-HNI Cau Giay 8 Hub_PU01,,100,27/08/2026 00:00:00,21/08/2026 09:40:51,28/08/2026 10:31:17,,,
295845147,LT0Q8R4W4ZKR1,20260827317_HY_COTMater-TC Trip Số 3M313:30_20-HNI Cau Giay 7 Hub+20-HNI Cau Giay 8 Hub_PU01,,100,27/08/2026 00:00:00,21/08/2026 09:40:51,28/08/2026 02:10:27,,,
295844895,LT0Q8R4W4ZDR1,20260827301_HY_COTMater-TC Trip Số 3M321:30_20-HNI Thanh Xuan 4 Hub+20-HNI Thanh Xuan 5 Hub+20-HNI Thanh Xuan 7 Hub_PU01,50E-468.53,90,27/08/2026 00:00:00,21/08/2026 09:40:42,28/08/2026 00:04:43,27/08/2026 21:30:24,27/08/2026 21:45:41,SEQ 2 - 20-HNI Thanh Xuan 7 Hub (2513) - 27/08/2026 21:30:24 | SEQ 3 - 20-HNI Thanh Xuan 5 Hub (2162) - 27/08/2026 21:45:41
295844888,LT0Q8R4W4ZDK1,20260827301_HY_COTMater-TC Trip Số 3M313:30_20-HNI Thanh Xuan 4 Hub+20-HNI Thanh Xuan 5 Hub+20-HNI Thanh Xuan 7 Hub_PU01,,100,27/08/2026 00:00:00,21/08/2026 09:40:41,28/08/2026 02:10:27,,,
295844867,LT0Q8R4W4ZCZ1,20260827298_HY_COTMater-TC Trip Số 3M321:30_20-HNI Tu Liem 3 Hub_PU01,,100,27/08/2026 00:00:00,21/08/2026 09:40:41,28/08/2026 10:31:17,,,
295844860,LT0Q8R4W4ZCS1,20260827298_HY_COTMater-TC Trip Số 3M314:00_20-HNI Tu Liem 3 Hub_PU01,,100,27/08/2026 00:00:00,21/08/2026 09:40:40,28/08/2026 03:06:57,,,
295844853,LT0Q8R4W4ZCL1,20260827297_HY_COTMater-TC Trip Số 3M321:30_20-HNI Thanh Xuan 3 Hub+20-HNI Thanh Xuan 6 Hub_PU01,,100,27/08/2026 00:00:00,21/08/2026 09:40:40,28/08/2026 10:31:17,,,
295844846,LT0Q8R4W4ZCE1,20260827297_HY_COTMater-TC Trip Số 3M313:30_20-HNI Thanh Xuan 3 Hub+20-HNI Thanh Xuan 6 Hub_PU01,,100,27/08/2026 00:00:00,21/08/2026 09:40:40,28/08/2026 02:10:27,,,
295844839,LT0Q8R4W4ZC71,20260827296_HY_COTMater-TC Trip Số 3M321:30_20-HNI Cau Giay 3 Hub+20-HNI Cau Giay 5 Hub_PU01,,100,27/08/2026 00:00:00,21/08/2026 09:40:40,28/08/2026 10:31:17,,,
295844832,LT0Q8R4W4ZC01,20260827296_HY_COTMater-TC Trip Số 3M313:30_20-HNI Cau Giay 3 Hub+20-HNI Cau Giay 5 Hub_PU01,,100,27/08/2026 00:00:00,21/08/2026 09:40:40,28/08/2026 02:10:27,,,
295843586,LT0Q8R4W4YDE1,20260827227_HY_COTMater-TC Trip Số 3M321:30_20-HNI Cau Giay Hub+20-HNI Cau Giay 2 Hub_PU01,,100,27/08/2026 00:00:00,21/08/2026 09:39:58,28/08/2026 10:31:16,,,
295843579,LT0Q8R4W4YD71,20260827227_HY_COTMater-TC Trip Số 3M314:00_20-HNI Cau Giay Hub+20-HNI Cau Giay 2 Hub_PU01,,100,27/08/2026 00:00:00,21/08/2026 09:39:58,28/08/2026 03:06:55,,,
295843208,LT0Q8R4W4Y2W1,20260827207_HY_COTMater-TC Trip Số 3M321:15_21-HNI Hoai Duc 7 Hub_PU01,,100,27/08/2026 00:00:00,21/08/2026 09:39:46,28/08/2026 10:31:16,,,
295843201,LT0Q8R4W4Y2P1,20260827207_HY_COTMater-TC Trip Số 3M313:30_21-HNI Hoai Duc 7 Hub_PU01,,100,27/08/2026 00:00:00,21/08/2026 09:39:45,28/08/2026 02:10:23,,,
295843194,LT0Q8R4W4Y2I1,20260827206_HY_COTMater-TC Trip Số 3M321:15_21-HNI Hoai Duc 5 Hub_PU01,,100,27/08/2026 00:00:00,21/08/2026 09:39:45,28/08/2026 10:31:16,,,
295843187,LT0Q8R4W4Y2B1,20260827206_HY_COTMater-TC Trip Số 3M313:30_21-HNI Hoai Duc 5 Hub_PU01,,100,27/08/2026 00:00:00,21/08/2026 09:39:45,28/08/2026 02:10:23,,,
295843180,LT0Q8R4W4Y241,20260827205_HY_COTMater-TC Trip Số 3M321:15_21-HNI Hoai Duc 2 Hub_PU01,,100,27/08/2026 00:00:00,21/08/2026 09:39:45,28/08/2026 10:31:16,,,
295843173,LT0Q8R4W4Y1X1,20260827205_HY_COTMater-TC Trip Số 3M313:30_21-HNI Hoai Duc 2 Hub_PU01,,100,27/08/2026 00:00:00,21/08/2026 09:39:45,28/08/2026 02:10:23,,,
295843166,LT0Q8R4W4Y1Q1,20260827204_HY_COTMater-TC Trip Số 3M321:15_20-HNI Ha Dong 2 Hub+20-HNI Ha Dong 12 Hub_PU01,,100,27/08/2026 00:00:00,21/08/2026 09:39:44,28/08/2026 10:31:15,,,
295843159,LT0Q8R4W4Y1J1,20260827204_HY_COTMater-TC Trip Số 3M313:30_20-HNI Ha Dong 2 Hub+20-HNI Ha Dong 12 Hub_PU01,,100,27/08/2026 00:00:00,21/08/2026 09:39:44,28/08/2026 02:10:23,,,
295843152,LT0Q8R4W4Y1C1,20260827203_HY_COTMater-TC Trip Số 3M321:15_21-HNI Hoai Duc Hub_PU01,,100,27/08/2026 00:00:00,21/08/2026 09:39:44,28/08/2026 10:31:15,,,
295843145,LT0Q8R4W4Y151,20260827203_HY_COTMater-TC Trip Số 3M313:30_21-HNI Hoai Duc Hub_PU01,,100,27/08/2026 00:00:00,21/08/2026 09:39:44,28/08/2026 02:10:23,,,
295843138,LT0Q8R4W4Y0Y1,20260827202_HY_COTMater-TC Trip Số 3M321:15_21-HNI Hoai Duc 6 Hub_PU01,,100,27/08/2026 00:00:00,21/08/2026 09:39:43,28/08/2026 10:31:15,,,
295843131,LT0Q8R4W4Y0R1,20260827202_HY_COTMater-TC Trip Số 3M313:30_21-HNI Hoai Duc 6 Hub_PU01,,100,27/08/2026 00:00:00,21/08/2026 09:39:43,28/08/2026 02:10:23,,,
295843124,LT0Q8R4W4Y0K1,20260827201_HY_COTMater-TC Trip Số 3M321:15_20-HNI Cau Giay 4 Hub+20-HNI Cau Giay 6 Hub_PU01,,100,27/08/2026 00:00:00,21/08/2026 09:39:43,28/08/2026 10:31:15,,,
295843117,LT0Q8R4W4Y0D1,20260827201_HY_COTMater-TC Trip Số 3M313:30_20-HNI Cau Giay 4 Hub+20-HNI Cau Giay 6 Hub_PU01,,100,27/08/2026 00:00:00,21/08/2026 09:39:43,28/08/2026 02:10:23,,,
295843110,LT0Q8R4W4Y061,20260827200_HY_COTMater-TC Trip Số 3M321:15_20-HNI Ha Dong 5 Hub_PU01,,100,27/08/2026 00:00:00,21/08/2026 09:39:43,28/08/2026 10:31:15,,,
295843103,LT0Q8R4W4XZZ1,20260827200_HY_COTMater-TC Trip Số 3M313:30_20-HNI Ha Dong 5 Hub_PU01,,100,27/08/2026 00:00:00,21/08/2026 09:39:42,28/08/2026 02:10:23,,,
295843096,LT0Q8R4W4XZS1,20260827199_HY_COTMater-TC Trip Số 3M321:15_20-HNI Tay Ho 4 Hub+20-HNI Tay Ho 6 Hub_PU01,,100,27/08/2026 00:00:00,21/08/2026 09:39:42,28/08/2026 10:31:15,,,
295843082,LT0Q8R4W4XZE1,20260827198_HY_COTMater-TC Trip Số 3M321:15_20-HNI Bac Tu Liem 4 Hub+20-HNI Bac Tu Liem 8 Hub_PU01,,100,27/08/2026 00:00:00,21/08/2026 09:39:42,28/08/2026 10:31:15,,,
295843075,LT0Q8R4W4XZ71,20260827198_HY_COTMater-TC Trip Số 3M313:30_20-HNI Bac Tu Liem 4 Hub+20-HNI Bac Tu Liem 8 Hub_PU01,,100,27/08/2026 00:00:00,21/08/2026 09:39:42,28/08/2026 02:10:23,,,
295843068,LT0Q8R4W4XZ01,20260827197_HY_COTMater-TC Trip Số 3M321:15_20-HNI Bac Tu Liem 6 Hub+20-HNI Bac Tu Liem 7 Hub_PU01,,100,27/08/2026 00:00:00,21/08/2026 09:39:41,28/08/2026 10:31:14,,,
295843061,LT0Q8R4W4XYT1,20260827197_HY_COTMater-TC Trip Số 3M313:30_20-HNI Bac Tu Liem 6 Hub+20-HNI Bac Tu Liem 7 Hub_PU01,,100,27/08/2026 00:00:00,21/08/2026 09:39:41,28/08/2026 02:10:22,,,
295843054,LT0Q8R4W4XYM1,20260827196_HY_COTMater-TC Trip Số 3M321:15_20-HNI Tay Ho 2 Hub+20-HNI Tay Ho 5 Hub_PU01,,100,27/08/2026 00:00:00,21/08/2026 09:39:41,28/08/2026 10:31:14,,,
295843047,LT0Q8R4W4XYF1,20260827196_HY_COTMater-TC Trip Số 3M313:30_20-HNI Tay Ho 2 Hub+20-HNI Tay Ho 5 Hub_PU01,,100,27/08/2026 00:00:00,21/08/2026 09:39:41,28/08/2026 02:10:22,,,
295843040,LT0Q8R4W4XY81,20260827195_HY_COTMater-TC Trip Số 3M321:15_20-HNI Ha Dong 4 Hub+20-HNI Ha Dong 9 Hub_PU01,,100,27/08/2026 00:00:00,21/08/2026 09:39:40,28/08/2026 10:31:14,,,
295843033,LT0Q8R4W4XY11,20260827195_HY_COTMater-TC Trip Số 3M313:30_20-HNI Ha Dong 4 Hub+20-HNI Ha Dong 9 Hub_PU01,,100,27/08/2026 00:00:00,21/08/2026 09:39:40,28/08/2026 02:10:22,,,
295843026,LT0Q8R4W4XXU1,20260827194_HY_COTMater-TC Trip Số 3M321:15_20-HNI Ha Dong 3 Hub_PU01,,100,27/08/2026 00:00:00,21/08/2026 09:39:40,28/08/2026 10:31:14,,,
295843019,LT0Q8R4W4XXN1,20260827194_HY_COTMater-TC Trip Số 3M313:30_20-HNI Ha Dong 3 Hub_PU01,,100,27/08/2026 00:00:00,21/08/2026 09:39:40,28/08/2026 02:10:22,,,
295843012,LT0Q8R4W4XXG1,20260827193_HY_COTMater-TC Trip Số 3M321:15_20-HNI Ha Dong 13 Hub_PU01,,100,27/08/2026 00:00:00,21/08/2026 09:39:40,28/08/2026 10:31:14,,,
295843005,LT0Q8R4W4XX91,20260827193_HY_COTMater-TC Trip Số 3M313:30_20-HNI Ha Dong 13 Hub_PU01,,100,27/08/2026 00:00:00,21/08/2026 09:39:39,28/08/2026 02:10:22,,,
295842998,LT0Q8R4W4XX21,20260827192_HY_COTMater-TC Trip Số 3M321:15_20-HNI Ha Dong 8 Hub+20-HNI Ha Dong 14 Hub_PU01,,100,27/08/2026 00:00:00,21/08/2026 09:39:39,28/08/2026 10:31:14,,,
295842991,LT0Q8R4W4XWV1,20260827192_HY_COTMater-TC Trip Số 3M313:30_20-HNI Ha Dong 8 Hub+20-HNI Ha Dong 14 Hub_PU01,,100,27/08/2026 00:00:00,21/08/2026 09:39:39,28/08/2026 02:10:22,,,
295842984,LT0Q8R4W4XWO1,20260827191_HY_COTMater-TC Trip Số 3M321:15_20-HNI Ha Dong 11 Hub_PU01,,100,27/08/2026 00:00:00,21/08/2026 09:39:39,28/08/2026 10:31:14,,,
295842977,LT0Q8R4W4XWH1,20260827191_HY_COTMater-TC Trip Số 3M313:30_20-HNI Ha Dong 11 Hub_PU01,,100,27/08/2026 00:00:00,21/08/2026 09:39:38,28/08/2026 02:10:22,,,
295842970,LT0Q8R4W4XWA1,20260827190_HY_COTMater-TC Trip Số 3M321:15_20-HNI Bac Tu Liem 2 Hub_PU01,,100,27/08/2026 00:00:00,21/08/2026 09:39:38,28/08/2026 10:31:13,,,
295842963,LT0Q8R4W4XW31,20260827190_HY_COTMater-TC Trip Số 3M313:30_20-HNI Bac Tu Liem 2 Hub_PU01,,100,27/08/2026 00:00:00,21/08/2026 09:39:38,28/08/2026 02:10:22,,,
295842956,LT0Q8R4W4XVW1,20260827189_HY_COTMater-TC Trip Số 3M321:15_20-HNI Bac Tu Liem 3 Hub_PU01,,100,27/08/2026 00:00:00,21/08/2026 09:39:38,28/08/2026 10:31:13,,,
295842949,LT0Q8R4W4XVP1,20260827189_HY_COTMater-TC Trip Số 3M313:30_20-HNI Bac Tu Liem 3 Hub_PU01,,100,27/08/2026 00:00:00,21/08/2026 09:39:38,28/08/2026 02:10:21,,,
295842900,LT0Q8R4W4XUC1,20260827186_HY_COTMater-TC Trip Số 3M321:15_21-HNI Phuc Tho 2 Hub_PU01,,100,27/08/2026 00:00:00,21/08/2026 09:39:36,28/08/2026 10:31:13,,,
295842879,LT0Q8R4W4XTR1,20260827185_HY_COTMater-TC Trip Số 3M321:15_21-HNI Chuong My 3 Hub+21-HNI Chuong My 4 Hub_PU01,,100,27/08/2026 00:00:00,21/08/2026 09:39:36,28/08/2026 10:31:13,,,
295842858,LT0Q8R4W4XT61,20260827184_HY_COTMater-TC Trip Số 3M313:30_21-HNI Chuong My 3 Hub+21-HNI Chuong My 4 Hub_PU01,,100,27/08/2026 00:00:00,21/08/2026 09:39:35,28/08/2026 02:10:21,,,
295842809,LT0Q8R4W4XRT1,20260827182_HY_COTMater-TC Trip Số 3M313:30_21-HNI Son Tay Hub+21-HNI Son Tay 2 Hub_PU01,,100,27/08/2026 00:00:00,21/08/2026 09:39:33,28/08/2026 02:10:21,,,
295842802,LT0Q8R4W4XRM1,20260827181_HY_COTMater-TC Trip Số 3M321:15_21-HNI Quoc Oai 4 Hub_PU01,,100,27/08/2026 00:00:00,21/08/2026 09:39:33,28/08/2026 10:31:13,,,
295842788,LT0Q8R4W4XR81,20260827180_HY_COTMater-TC Trip Số 3M321:30_20-HNI Ha Dong 6 Hub_PU01,,100,27/08/2026 00:00:00,21/08/2026 09:39:33,28/08/2026 10:31:13,,,
295842704,LT0Q8R4W4XOW1,20260827175_HY_COTMater-TC Trip Số 3M321:15_20-HNI Tu Liem 2 Hub_PU01,,100,27/08/2026 00:00:00,21/08/2026 09:39:30,28/08/2026 10:31:13,,,
295842697,LT0Q8R4W4XOP1,20260827175_HY_COTMater-TC Trip Số 3M313:30_20-HNI Tu Liem 2 Hub_PU01,,100,27/08/2026 00:00:00,21/08/2026 09:39:30,28/08/2026 02:10:21,,,
295842634,LT0Q8R4W4XMY1,20260827171_HY_COTMater-TC Trip Số 3M321:30_20-HNI Ha Dong 10 Hub_PU01,,100,27/08/2026 00:00:00,21/08/2026 09:39:28,28/08/2026 10:31:12,,,
295842606,LT0Q8R4W4XM61,20260827169_HY_COTMater-TC Trip Số 3M321:15_21-HNI Thach That Hub+21-HNI Thach That 5 Hub_PU01,,100,27/08/2026 00:00:00,21/08/2026 09:39:27,28/08/2026 10:31:12,,,
295842585,LT0Q8R4W4XLL1,20260827168_HY_COTMater-TC Trip Số 3M321:15_21-HNI Hoai Duc 3 Hub_PU01,,100,27/08/2026 00:00:00,21/08/2026 09:39:27,28/08/2026 10:31:12,,,
295842578,LT0Q8R4W4XLE1,20260827168_HY_COTMater-TC Trip Số 3M313:30_21-HNI Hoai Duc 3 Hub_PU01,,100,27/08/2026 00:00:00,21/08/2026 09:39:27,28/08/2026 02:10:20,,,
295842571,LT0Q8R4W4XL71,20260827167_HY_COTMater-TC Trip Số 3M321:15_21-HNI Ba Vi 3 Hub+21-HNI Ba Vi 4 Hub_PU01,,100,27/08/2026 00:00:00,21/08/2026 09:39:26,28/08/2026 10:31:12,,,
295842550,LT0Q8R4W4XKM1,20260827166_HY_COTMater-TC Trip Số 3M321:15_21-HNI Quoc Oai 2 Hub_PU01,,100,27/08/2026 00:00:00,21/08/2026 09:39:26,28/08/2026 10:31:12,,,
295842529,LT0Q8R4W4XK11,20260827165_HY_COTMater-TC Trip Số 3M321:15_21-HNI Thach That 3 Hub_PU01,,100,27/08/2026 00:00:00,21/08/2026 09:39:25,28/08/2026 10:31:12,,,
295842466,LT0Q8R4W4XIA1,20260827161_HY_COTMater-TC Trip Số 3M321:15_21-HNI Thach That 4 Hub+21-HNI Thach That 2 Hub_PU01,,100,27/08/2026 00:00:00,21/08/2026 09:39:23,28/08/2026 10:31:11,,,
295842431,LT0Q8R4W4XHB1,20260827159_HY_COTMater-TC Trip Số 3M313:30_21-HNI Thach That Hub+21-HNI Thach That 3 Hub+21-HNI Thach That 5 Hub_PU01,,100,27/08/2026 00:00:00,21/08/2026 09:39:22,28/08/2026 02:10:20,,,
295842326,LT0Q8R4W4XEE1,20260827154_HY_COTMater-TC Trip Số 3M321:15_21-HNI Chuong My 2 Hub+21-HNI Chuong My Hub_PU01,,100,27/08/2026 00:00:00,21/08/2026 09:39:19,28/08/2026 10:31:11,,,
295842277,LT0Q8R4W4XD11,20260827151_HY_COTMater-TC Trip Số 3M321:15_21-HNI Thach That 2 Hub_PU01,,100,27/08/2026 00:00:00,21/08/2026 09:39:18,28/08/2026 10:31:11,,,
295842207,LT0Q8R4W4XB31,20260827147_HY_COTMater-TC Trip Số 3M321:15_21-HNI Son Tay Hub+21-HNI Son Tay 2 Hub_PU01,,100,27/08/2026 00:00:00,21/08/2026 09:39:16,28/08/2026 10:31:11,,,
295842186,LT0Q8R4W4XAI1,20260827146_HY_COTMater-TC Trip Số 3M321:15_21-HNI Chuong My Hub_PU01,,100,27/08/2026 00:00:00,21/08/2026 09:39:15,28/08/2026 10:31:11,,,
295842137,LT0Q8R4W4X951,20260827144_HY_COTMater-TC Trip Số 3M321:15_21-HNI Quoc Oai Hub_PU01,,100,27/08/2026 00:00:00,21/08/2026 09:39:13,28/08/2026 10:31:11,,,
295842109,LT0Q8R4W4X8D1,20260827142_HY_COTMater-TC Trip Số 3M321:15_21-HNI Phuc Tho Hub+21-HNI Phuc Tho 3 Hub_PU01,,100,27/08/2026 00:00:00,21/08/2026 09:39:11,28/08/2026 10:31:11,,,
295842095,LT0Q8R4W4X7Z1,20260827142_HY_COTMater-TC Trip Số 3M313:30_20-HNI Tay Ho 4 Hub_PU01,,100,27/08/2026 00:00:00,21/08/2026 09:39:10,28/08/2026 02:10:19,,,
295842067,LT0Q8R4W4X771,20260827140_HY_COTMater-TC Trip Số 3M314:00_21-HNI Ba Vi Hub+21-HNI Ba Vi 3 Hub+21-HNI Ba Vi 4 Hub_PU01,,100,27/08/2026 00:00:00,21/08/2026 09:39:09,28/08/2026 03:06:52,,,
295842053,LT0Q8R4W4X6T1,20260827139_HY_COTMater-TC Trip Số 3M321:15_20-HNI Ha Dong 7 Hub_PU01,,100,27/08/2026 00:00:00,21/08/2026 09:39:09,28/08/2026 10:31:10,,,
295842046,LT0Q8R4W4X6M1,20260827139_HY_COTMater-TC Trip Số 3M313:30_20-HNI Ha Dong 7 Hub_PU01,,100,27/08/2026 00:00:00,21/08/2026 09:39:09,28/08/2026 02:10:19,,,
295841969,LT0Q8R4W4X4H1,20260827135_HY_COTMater-TC Trip Số 3M313:30_21-HNI Chuong My 2 Hub+21-HNI Chuong My Hub_PU01,,100,27/08/2026 00:00:00,21/08/2026 09:39:06,28/08/2026 02:10:19,,,
295841857,LT0Q8R4W4X1D1,20260827128_HY_COTMater-TC Trip Số 3M321:15_21-HNI Ba Vi 2 Hub_PU01,,100,27/08/2026 00:00:00,21/08/2026 09:39:03,28/08/2026 10:31:10,,,
295841640,LT0Q8R4W4WVC1,20260827116_HY_COTMater-TC Trip Số 3M321:15_21-HNI Dan Phuong 3 Hub+21-HNI Dan Phuong Hub+21-HNI Dan Phuong 2 Hub_PU01,,100,27/08/2026 00:00:00,21/08/2026 09:38:55,28/08/2026 10:31:10,,,
295841633,LT0Q8R4W4WV51,20260827116_HY_COTMater-TC Trip Số 3M313:30_21-HNI Dan Phuong 3 Hub+21-HNI Dan Phuong Hub+21-HNI Dan Phuong 2 Hub_PU01,,100,27/08/2026 00:00:00,21/08/2026 09:38:55,28/08/2026 02:10:18,,,
295841591,LT0Q8R4W4WTZ1,20260827113_HY_COTMater-TC Trip Số 3M321:30_20-HNI Bac Tu Liem 9 Hub_PU01,,100,27/08/2026 00:00:00,21/08/2026 09:38:53,28/08/2026 10:31:10,,,
295841584,LT0Q8R4W4WTS1,20260827113_HY_COTMater-TC Trip Số 3M313:30_20-HNI Bac Tu Liem 9 Hub_PU01,,100,27/08/2026 00:00:00,21/08/2026 09:38:53,28/08/2026 02:10:18,,,
295841542,LT0Q8R4W4WSM1,20260827110_HY_COTMater-TC Trip Số 3M321:15_21-HNI Son Tay 2 Hub_PU01,,100,27/08/2026 00:00:00,21/08/2026 09:38:52,28/08/2026 10:31:10,,,
295841479,LT0Q8R4W4WQV1,20260827107_HY_COTMater-TC Trip Số 3M321:15_AG-21-HNI Phuc Tho Hub_PU01,,100,27/08/2026 00:00:00,21/08/2026 09:38:50,28/08/2026 10:31:10,,,
295841458,LT0Q8R4W4WQA1,20260827106_HY_COTMater-TC Trip Số 3M321:15_20-HNI Ha Dong 10 Hub_PU01,,100,27/08/2026 00:00:00,21/08/2026 09:38:49,28/08/2026 10:31:09,,,
295841451,LT0Q8R4W4WQ31,20260827106_HY_COTMater-TC Trip Số 3M313:30_20-HNI Ha Dong 10 Hub_PU01,,100,27/08/2026 00:00:00,21/08/2026 09:38:49,28/08/2026 02:10:18,,,
295841409,LT0Q8R4W4WOX1,20260827103_HY_COTMater-TC Trip Số 3M321:15_21-HNI Hoai Duc 4 Hub_PU01,29E-385.90,90,27/08/2026 00:00:00,21/08/2026 09:38:47,28/08/2026 00:00:10,27/08/2026 21:46:00,27/08/2026 21:46:00,SEQ 1 - 21-HNI Hoai Duc 4 Hub (2076) - 27/08/2026 21:46:00
295841402,LT0Q8R4W4WOQ1,20260827103_HY_COTMater-TC Trip Số 3M313:30_21-HNI Hoai Duc 4 Hub_PU01,,100,27/08/2026 00:00:00,21/08/2026 09:38:47,28/08/2026 02:10:18,,,
295841395,LT0Q8R4W4WOJ1,20260827102_HY_COTMater-TC Trip Số 3M313:30_21-HNI Phuc Tho 2 Hub+21-HNI Phuc Tho Hub+21-HNI Phuc Tho 3 Hub_PU01,,100,27/08/2026 00:00:00,21/08/2026 09:38:47,28/08/2026 02:10:18,,,
295841269,LT0Q8R4W4WL11,2026082795_HY_COTMater-TC Trip Số 3M321:15_21-HNI Ba Vi Hub_PU01,,100,27/08/2026 00:00:00,21/08/2026 09:38:43,28/08/2026 10:31:09,,,
295840688,LT0Q8R4W4W4W1,2026082763_HY_COTMater-TC Trip Số 3M313:30_20-HNI Ha Dong 6 Hub_PU01,,100,27/08/2026 00:00:00,21/08/2026 09:38:25,28/08/2026 02:10:17,,,
295840681,LT0Q8R4W4W4P1,2026082763_HY_COTMater-TC Trip Số 3M321:30_20-HNI Thanh Xuan Hub+20-HNI Tu Liem 7 Hub_PU01,,100,27/08/2026 00:00:00,21/08/2026 09:38:25,28/08/2026 10:31:09,,,
295840653,LT0Q8R4W4W3X1,2026082761_HY_COTMater-TC Trip Số 3M321:30_20-HNI Tu Liem 5 Hub+20-HNI Tu Liem 6 Hub_PU01,,100,27/08/2026 00:00:00,21/08/2026 09:38:24,28/08/2026 10:31:09,,,
295840646,LT0Q8R4W4W3Q1,2026082761_HY_COTMater-TC Trip Số 3M314:00_20-HNI Tu Liem 5 Hub+20-HNI Tu Liem 6 Hub_PU01,,100,27/08/2026 00:00:00,21/08/2026 09:38:23,28/08/2026 03:06:49,,,
295840639,LT0Q8R4W4W3J1,2026082760_HY_COTMater-TC Trip Số 3M321:30_20-HNI Tu Liem 4 Hub+20-HNI Bac Tu Liem 5 Hub_PU01,,100,27/08/2026 00:00:00,21/08/2026 09:38:23,28/08/2026 10:31:09,,,
295840632,LT0Q8R4W4W3C1,2026082760_HY_COTMater-TC Trip Số 3M314:00_20-HNI Tu Liem 4 Hub+20-HNI Bac Tu Liem 5 Hub_PU01,,100,27/08/2026 00:00:00,21/08/2026 09:38:23,28/08/2026 03:06:49,,,
295840625,LT0Q8R4W4W351,2026082759_HY_COTMater-TC Trip Số 3M321:30_20-HNI Tay Ho 3 Hub_PU01,,100,27/08/2026 00:00:00,21/08/2026 09:38:23,28/08/2026 10:31:09,,,
295840618,LT0Q8R4W4W2Y1,2026082759_HY_COTMater-TC Trip Số 3M314:00_20-HNI Tay Ho 3 Hub_PU01,,100,27/08/2026 00:00:00,21/08/2026 09:38:22,28/08/2026 03:06:49,,,
295838588,LT0Q8R4W4UIK1,20260827318_HY_COTMater-TC Trip 2M321:30_20-HNI Thanh Xuan Hub+20-HNI Tu Liem 7 Hub_PU01,,100,27/08/2026 00:00:00,21/08/2026 09:37:16,28/08/2026 10:31:05,,,
295838581,LT0Q8R4W4UID1,20260827318_HY_COTMater-TC Trip 2M314:00_20-HNI Thanh Xuan Hub+20-HNI Tu Liem 7 Hub_PU01,,100,27/08/2026 00:00:00,21/08/2026 09:37:16,28/08/2026 03:06:42,,,
295838574,LT0Q8R4W4UI61,20260827317_HY_COTMater-TC Trip 2M321:30_20-HNI Cau Giay 7 Hub+20-HNI Cau Giay 8 Hub_PU01,,100,27/08/2026 00:00:00,21/08/2026 09:37:15,28/08/2026 10:31:05,,,
295838567,LT0Q8R4W4UHZ1,20260827317_HY_COTMater-TC Trip 2M313:30_20-HNI Cau Giay 7 Hub+20-HNI Cau Giay 8 Hub_PU01,,100,27/08/2026 00:00:00,21/08/2026 09:37:15,28/08/2026 02:10:12,,,
295838315,LT0Q8R4W4UAZ1,20260827301_HY_COTMater-TC Trip 2M321:30_20-HNI Thanh Xuan 4 Hub+20-HNI Thanh Xuan 5 Hub+20-HNI Thanh Xuan 7 Hub_PU01,,100,27/08/2026 00:00:00,21/08/2026 09:37:08,28/08/2026 10:31:05,,,
295838308,LT0Q8R4W4UAS1,20260827301_HY_COTMater-TC Trip 2M313:30_20-HNI Thanh Xuan 4 Hub+20-HNI Thanh Xuan 5 Hub+20-HNI Thanh Xuan 7 Hub_PU01,,100,27/08/2026 00:00:00,21/08/2026 09:37:08,28/08/2026 02:10:12,,,
295838287,LT0Q8R4W4UA71,20260827298_HY_COTMater-TC Trip 2M321:30_20-HNI Tu Liem 3 Hub_PU01,,100,27/08/2026 00:00:00,21/08/2026 09:37:07,28/08/2026 10:31:04,,,
295838280,LT0Q8R4W4UA01,20260827298_HY_COTMater-TC Trip 2M314:00_20-HNI Tu Liem 3 Hub_PU01,,100,27/08/2026 00:00:00,21/08/2026 09:37:07,28/08/2026 03:06:41,,,
295838273,LT0Q8R4W4U9T1,20260827297_HY_COTMater-TC Trip 2M321:30_20-HNI Thanh Xuan 3 Hub+20-HNI Thanh Xuan 6 Hub_PU01,,100,27/08/2026 00:00:00,21/08/2026 09:37:07,28/08/2026 10:31:04,,,
295838266,LT0Q8R4W4U9M1,20260827297_HY_COTMater-TC Trip 2M313:30_20-HNI Thanh Xuan 3 Hub+20-HNI Thanh Xuan 6 Hub_PU01,,100,27/08/2026 00:00:00,21/08/2026 09:37:06,28/08/2026 02:10:12,,,
295838259,LT0Q8R4W4U9F1,20260827296_HY_COTMater-TC Trip 2M321:30_20-HNI Cau Giay 3 Hub+20-HNI Cau Giay 5 Hub_PU01,,100,27/08/2026 00:00:00,21/08/2026 09:37:06,28/08/2026 10:31:04,,,
295838252,LT0Q8R4W4U981,20260827296_HY_COTMater-TC Trip 2M313:30_20-HNI Cau Giay 3 Hub+20-HNI Cau Giay 5 Hub_PU01,,100,27/08/2026 00:00:00,21/08/2026 09:37:06,28/08/2026 02:10:12,,,
295837006,LT0Q8R4W4TAM1,20260827227_HY_COTMater-TC Trip 2M321:30_20-HNI Cau Giay Hub+20-HNI Cau Giay 2 Hub_PU01,,100,27/08/2026 00:00:00,21/08/2026 09:36:25,28/08/2026 10:31:04,,,
295836999,LT0Q8R4W4TAF1,20260827227_HY_COTMater-TC Trip 2M314:00_20-HNI Cau Giay Hub+20-HNI Cau Giay 2 Hub_PU01,,100,27/08/2026 00:00:00,21/08/2026 09:36:25,28/08/2026 03:06:39,,,
295836628,LT0Q8R4W4T041,20260827207_HY_COTMater-TC Trip 2M321:15_21-HNI Hoai Duc 7 Hub_PU01,,100,27/08/2026 00:00:00,21/08/2026 09:36:14,28/08/2026 10:31:03,,,
295836621,LT0Q8R4W4SZX1,20260827207_HY_COTMater-TC Trip 2M313:30_21-HNI Hoai Duc 7 Hub_PU01,,100,27/08/2026 00:00:00,21/08/2026 09:36:14,28/08/2026 02:10:09,,,
295836614,LT0Q8R4W4SZQ1,20260827206_HY_COTMater-TC Trip 2M321:15_21-HNI Hoai Duc 5 Hub_PU01,,100,27/08/2026 00:00:00,21/08/2026 09:36:14,28/08/2026 10:31:03,,,
295836600,LT0Q8R4W4SZC1,20260827205_HY_COTMater-TC Trip 2M321:15_21-HNI Hoai Duc 2 Hub_PU01,,100,27/08/2026 00:00:00,21/08/2026 09:36:13,28/08/2026 10:31:03,,,
295836593,LT0Q8R4W4SZ51,20260827205_HY_COTMater-TC Trip 2M313:30_21-HNI Hoai Duc 2 Hub_PU01,,100,27/08/2026 00:00:00,21/08/2026 09:36:13,28/08/2026 02:10:09,,,
295836586,LT0Q8R4W4SYY1,20260827204_HY_COTMater-TC Trip 2M321:15_20-HNI Ha Dong 2 Hub+20-HNI Ha Dong 12 Hub_PU01,,100,27/08/2026 00:00:00,21/08/2026 09:36:13,28/08/2026 10:31:03,,,
295836579,LT0Q8R4W4SYR1,20260827204_HY_COTMater-TC Trip 2M313:30_20-HNI Ha Dong 2 Hub+20-HNI Ha Dong 12 Hub_PU01,,100,27/08/2026 00:00:00,21/08/2026 09:36:13,28/08/2026 02:10:09,,,
295836572,LT0Q8R4W4SYK1,20260827203_HY_COTMater-TC Trip 2M321:15_21-HNI Hoai Duc Hub_PU01,,100,27/08/2026 00:00:00,21/08/2026 09:36:12,28/08/2026 10:31:03,,,
295836565,LT0Q8R4W4SYD1,20260827203_HY_COTMater-TC Trip 2M313:30_21-HNI Hoai Duc Hub_PU01,,100,27/08/2026 00:00:00,21/08/2026 09:36:12,28/08/2026 02:10:08,,,
295836558,LT0Q8R4W4SY61,20260827202_HY_COTMater-TC Trip 2M321:15_21-HNI Hoai Duc 6 Hub_PU01,,100,27/08/2026 00:00:00,21/08/2026 09:36:12,28/08/2026 10:31:03,,,
295836551,LT0Q8R4W4SXZ1,20260827202_HY_COTMater-TC Trip 2M313:30_21-HNI Hoai Duc 6 Hub_PU01,,100,27/08/2026 00:00:00,21/08/2026 09:36:12,28/08/2026 02:10:08,,,
295836544,LT0Q8R4W4SXS1,20260827201_HY_COTMater-TC Trip 2M321:15_20-HNI Cau Giay 4 Hub+20-HNI Cau Giay 6 Hub_PU01,,100,27/08/2026 00:00:00,21/08/2026 09:36:11,28/08/2026 10:31:02,,,
295836537,LT0Q8R4W4SXL1,20260827201_HY_COTMater-TC Trip 2M313:30_20-HNI Cau Giay 4 Hub+20-HNI Cau Giay 6 Hub_PU01,,100,27/08/2026 00:00:00,21/08/2026 09:36:11,28/08/2026 02:10:08,,,
295836530,LT0Q8R4W4SXE1,20260827200_HY_COTMater-TC Trip 2M321:15_20-HNI Ha Dong 5 Hub_PU01,,100,27/08/2026 00:00:00,21/08/2026 09:36:11,28/08/2026 10:31:02,,,
295836523,LT0Q8R4W4SX71,20260827200_HY_COTMater-TC Trip 2M313:30_20-HNI Ha Dong 5 Hub_PU01,,100,27/08/2026 00:00:00,21/08/2026 09:36:11,28/08/2026 02:10:08,,,
295836516,LT0Q8R4W4SX01,20260827199_HY_COTMater-TC Trip 2M321:15_20-HNI Tay Ho 4 Hub+20-HNI Tay Ho 6 Hub_PU01,,100,27/08/2026 00:00:00,21/08/2026 09:36:11,28/08/2026 10:31:02,,,
295836502,LT0Q8R4W4SWM1,20260827198_HY_COTMater-TC Trip 2M321:15_20-HNI Bac Tu Liem 4 Hub+20-HNI Bac Tu Liem 8 Hub_PU01,,100,27/08/2026 00:00:00,21/08/2026 09:36:10,28/08/2026 10:31:02,,,
295836495,LT0Q8R4W4SWF1,20260827198_HY_COTMater-TC Trip 2M313:30_20-HNI Bac Tu Liem 4 Hub+20-HNI Bac Tu Liem 8 Hub_PU01,,100,27/08/2026 00:00:00,21/08/2026 09:36:10,28/08/2026 02:10:08,,,
295836488,LT0Q8R4W4SW81,20260827197_HY_COTMater-TC Trip 2M321:15_20-HNI Bac Tu Liem 6 Hub+20-HNI Bac Tu Liem 7 Hub_PU01,,100,27/08/2026 00:00:00,21/08/2026 09:36:10,28/08/2026 10:31:02,,,
295836481,LT0Q8R4W4SW11,20260827197_HY_COTMater-TC Trip 2M313:30_20-HNI Bac Tu Liem 6 Hub+20-HNI Bac Tu Liem 7 Hub_PU01,,100,27/08/2026 00:00:00,21/08/2026 09:36:10,28/08/2026 02:10:08,,,
295836474,LT0Q8R4W4SVU1,20260827196_HY_COTMater-TC Trip 2M321:15_20-HNI Tay Ho 2 Hub+20-HNI Tay Ho 5 Hub_PU01,,100,27/08/2026 00:00:00,21/08/2026 09:36:09,28/08/2026 10:31:02,,,
295836467,LT0Q8R4W4SVN1,20260827196_HY_COTMater-TC Trip 2M313:30_20-HNI Tay Ho 2 Hub+20-HNI Tay Ho 5 Hub_PU01,,100,27/08/2026 00:00:00,21/08/2026 09:36:09,28/08/2026 02:10:08,,,
295836460,LT0Q8R4W4SVG1,20260827195_HY_COTMater-TC Trip 2M321:15_20-HNI Ha Dong 4 Hub+20-HNI Ha Dong 9 Hub_PU01,,100,27/08/2026 00:00:00,21/08/2026 09:36:09,28/08/2026 10:31:02,,,
295836453,LT0Q8R4W4SV91,20260827195_HY_COTMater-TC Trip 2M313:30_20-HNI Ha Dong 4 Hub+20-HNI Ha Dong 9 Hub_PU01,,100,27/08/2026 00:00:00,21/08/2026 09:36:09,28/08/2026 02:10:07,,,
295836446,LT0Q8R4W4SV21,20260827194_HY_COTMater-TC Trip 2M321:15_20-HNI Ha Dong 3 Hub_PU01,,100,27/08/2026 00:00:00,21/08/2026 09:36:09,28/08/2026 10:31:01,,,
295836439,LT0Q8R4W4SUV1,20260827194_HY_COTMater-TC Trip 2M313:30_20-HNI Ha Dong 3 Hub_PU01,,100,27/08/2026 00:00:00,21/08/2026 09:36:08,28/08/2026 02:10:07,,,
295836432,LT0Q8R4W4SUO1,20260827193_HY_COTMater-TC Trip 2M321:15_20-HNI Ha Dong 13 Hub_PU01,,100,27/08/2026 00:00:00,21/08/2026 09:36:08,28/08/2026 10:31:01,,,
295836425,LT0Q8R4W4SUH1,20260827193_HY_COTMater-TC Trip 2M313:30_20-HNI Ha Dong 13 Hub_PU01,,100,27/08/2026 00:00:00,21/08/2026 09:36:08,28/08/2026 02:10:07,,,
295836418,LT0Q8R4W4SUA1,20260827192_HY_COTMater-TC Trip 2M321:15_20-HNI Ha Dong 8 Hub+20-HNI Ha Dong 14 Hub_PU01,,100,27/08/2026 00:00:00,21/08/2026 09:36:08,28/08/2026 10:31:01,,,
295836411,LT0Q8R4W4SU31,20260827192_HY_COTMater-TC Trip 2M313:30_20-HNI Ha Dong 8 Hub+20-HNI Ha Dong 14 Hub_PU01,,100,27/08/2026 00:00:00,21/08/2026 09:36:08,28/08/2026 02:10:07,,,
295836404,LT0Q8R4W4STW1,20260827191_HY_COTMater-TC Trip 2M321:15_20-HNI Ha Dong 11 Hub_PU01,,100,27/08/2026 00:00:00,21/08/2026 09:36:07,28/08/2026 10:31:01,,,
295836397,LT0Q8R4W4STP1,20260827191_HY_COTMater-TC Trip 2M313:30_20-HNI Ha Dong 11 Hub_PU01,,100,27/08/2026 00:00:00,21/08/2026 09:36:07,28/08/2026 02:10:07,,,
295836383,LT0Q8R4W4STB1,20260827190_HY_COTMater-TC Trip 2M313:30_20-HNI Bac Tu Liem 2 Hub_PU01,,100,27/08/2026 00:00:00,21/08/2026 09:36:06,28/08/2026 02:10:07,,,
295836376,LT0Q8R4W4ST41,20260827189_HY_COTMater-TC Trip 2M321:15_20-HNI Bac Tu Liem 3 Hub_PU01,,100,27/08/2026 00:00:00,21/08/2026 09:36:06,28/08/2026 10:31:01,,,
295836369,LT0Q8R4W4SSX1,20260827189_HY_COTMater-TC Trip 2M313:30_20-HNI Bac Tu Liem 3 Hub_PU01,,100,27/08/2026 00:00:00,21/08/2026 09:36:06,28/08/2026 02:10:07,,,
295836320,LT0Q8R4W4SRK1,20260827186_HY_COTMater-TC Trip 2M321:15_21-HNI Phuc Tho 2 Hub_PU01,,100,27/08/2026 00:00:00,21/08/2026 09:36:04,28/08/2026 10:31:01,,,
295836299,LT0Q8R4W4SQZ1,20260827185_HY_COTMater-TC Trip 2M321:15_21-HNI Chuong My 3 Hub+21-HNI Chuong My 4 Hub_PU01,,100,27/08/2026 00:00:00,21/08/2026 09:36:04,28/08/2026 10:31:00,,,
295836278,LT0Q8R4W4SQE1,20260827184_HY_COTMater-TC Trip 2M313:30_21-HNI Chuong My 3 Hub+21-HNI Chuong My 4 Hub_PU01,,100,27/08/2026 00:00:00,21/08/2026 09:36:03,28/08/2026 02:10:07,,,
295836229,LT0Q8R4W4SP11,20260827182_HY_COTMater-TC Trip 2M313:30_21-HNI Son Tay Hub+21-HNI Son Tay 2 Hub_PU01,,100,27/08/2026 00:00:00,21/08/2026 09:36:01,28/08/2026 02:10:06,,,
295836222,LT0Q8R4W4SOU1,20260827181_HY_COTMater-TC Trip 2M321:15_21-HNI Quoc Oai 4 Hub_PU01,,100,27/08/2026 00:00:00,21/08/2026 09:36:01,28/08/2026 10:31:00,,,
295836208,LT0Q8R4W4SOG1,20260827180_HY_COTMater-TC Trip 2M321:30_20-HNI Ha Dong 6 Hub_PU01,,100,27/08/2026 00:00:00,21/08/2026 09:36:01,28/08/2026 10:31:00,,,
295836124,LT0Q8R4W4SM41,20260827175_HY_COTMater-TC Trip 2M321:15_20-HNI Tu Liem 2 Hub_PU01,,100,27/08/2026 00:00:00,21/08/2026 09:35:58,28/08/2026 10:31:00,,,
295836117,LT0Q8R4W4SLX1,20260827175_HY_COTMater-TC Trip 2M313:30_20-HNI Tu Liem 2 Hub_PU01,,100,27/08/2026 00:00:00,21/08/2026 09:35:58,28/08/2026 02:10:06,,,
295836054,LT0Q8R4W4SK61,20260827171_HY_COTMater-TC Trip 2M321:30_20-HNI Ha Dong 10 Hub_PU01,,100,27/08/2026 00:00:00,21/08/2026 09:35:55,28/08/2026 10:31:00,,,
295836026,LT0Q8R4W4SJE1,20260827169_HY_COTMater-TC Trip 2M321:15_21-HNI Thach That Hub+21-HNI Thach That 5 Hub_PU01,,100,27/08/2026 00:00:00,21/08/2026 09:35:54,28/08/2026 10:31:00,,,
295836005,LT0Q8R4W4SIT1,20260827168_HY_COTMater-TC Trip 2M321:15_21-HNI Hoai Duc 3 Hub_PU01,,100,27/08/2026 00:00:00,21/08/2026 09:35:53,28/08/2026 10:31:00,,,
295835998,LT0Q8R4W4SIM1,20260827168_HY_COTMater-TC Trip 2M313:30_21-HNI Hoai Duc 3 Hub_PU01,,100,27/08/2026 00:00:00,21/08/2026 09:35:53,28/08/2026 02:10:06,,,
295835991,LT0Q8R4W4SIF1,20260827167_HY_COTMater-TC Trip 2M321:15_21-HNI Ba Vi 3 Hub+21-HNI Ba Vi 4 Hub_PU01,,100,27/08/2026 00:00:00,21/08/2026 09:35:53,28/08/2026 10:30:59,,,
295835970,LT0Q8R4W4SHU1,20260827166_HY_COTMater-TC Trip 2M321:15_21-HNI Quoc Oai 2 Hub_PU01,,100,27/08/2026 00:00:00,21/08/2026 09:35:52,28/08/2026 10:30:59,,,
295835949,LT0Q8R4W4SH91,20260827165_HY_COTMater-TC Trip 2M321:15_21-HNI Thach That 3 Hub_PU01,,100,27/08/2026 00:00:00,21/08/2026 09:35:52,28/08/2026 10:30:59,,,
295835886,LT0Q8R4W4SFI1,20260827161_HY_COTMater-TC Trip 2M321:15_21-HNI Thach That 4 Hub+21-HNI Thach That 2 Hub_PU01,,100,27/08/2026 00:00:00,21/08/2026 09:35:50,28/08/2026 10:30:59,,,
295835851,LT0Q8R4W4SEJ1,20260827159_HY_COTMater-TC Trip 2M313:30_21-HNI Thach That Hub+21-HNI Thach That 3 Hub+21-HNI Thach That 5 Hub_PU01,,100,27/08/2026 00:00:00,21/08/2026 09:35:49,28/08/2026 02:10:05,,,
295835746,LT0Q8R4W4SBM1,20260827154_HY_COTMater-TC Trip 2M321:15_21-HNI Chuong My 2 Hub+21-HNI Chuong My Hub_PU01,,100,27/08/2026 00:00:00,21/08/2026 09:35:45,28/08/2026 10:30:59,,,
295835697,LT0Q8R4W4SA91,20260827151_HY_COTMater-TC Trip 2M321:15_21-HNI Thach That 2 Hub_PU01,,100,27/08/2026 00:00:00,21/08/2026 09:35:43,28/08/2026 10:30:59,,,
295835627,LT0Q8R4W4S8B1,20260827147_HY_COTMater-TC Trip 2M321:15_21-HNI Son Tay Hub+21-HNI Son Tay 2 Hub_PU01,,100,27/08/2026 00:00:00,21/08/2026 09:35:41,28/08/2026 10:30:59,,,
295835606,LT0Q8R4W4S7Q1,20260827146_HY_COTMater-TC Trip 2M321:15_21-HNI Chuong My Hub_PU01,,100,27/08/2026 00:00:00,21/08/2026 09:35:41,28/08/2026 10:30:58,,,
295835557,LT0Q8R4W4S6D1,20260827144_HY_COTMater-TC Trip 2M321:15_21-HNI Quoc Oai Hub_PU01,,100,27/08/2026 00:00:00,21/08/2026 09:35:39,28/08/2026 10:30:58,,,
295835529,LT0Q8R4W4S5L1,20260827142_HY_COTMater-TC Trip 2M321:15_21-HNI Phuc Tho Hub+21-HNI Phuc Tho 3 Hub_PU01,,100,27/08/2026 00:00:00,21/08/2026 09:35:38,28/08/2026 10:30:58,,,
295835515,LT0Q8R4W4S571,20260827142_HY_COTMater-TC Trip 2M313:30_20-HNI Tay Ho 4 Hub_PU01,,100,27/08/2026 00:00:00,21/08/2026 09:35:38,28/08/2026 02:10:04,,,
295835487,LT0Q8R4W4S4F1,20260827140_HY_COTMater-TC Trip 2M314:00_21-HNI Ba Vi Hub+21-HNI Ba Vi 3 Hub+21-HNI Ba Vi 4 Hub_PU01,,100,27/08/2026 00:00:00,21/08/2026 09:35:37,28/08/2026 03:06:36,,,
295835473,LT0Q8R4W4S411,20260827139_HY_COTMater-TC Trip 2M321:15_20-HNI Ha Dong 7 Hub_PU01,,100,27/08/2026 00:00:00,21/08/2026 09:35:37,28/08/2026 10:30:58,,,
295835466,LT0Q8R4W4S3U1,20260827139_HY_COTMater-TC Trip 2M313:30_20-HNI Ha Dong 7 Hub_PU01,,100,27/08/2026 00:00:00,21/08/2026 09:35:37,28/08/2026 02:10:04,,,
295835389,LT0Q8R4W4S1P1,20260827135_HY_COTMater-TC Trip 2M313:30_21-HNI Chuong My 2 Hub+21-HNI Chuong My Hub_PU01,,100,27/08/2026 00:00:00,21/08/2026 09:35:34,28/08/2026 02:10:04,,,
295835277,LT0Q8R4W4RYL1,20260827128_HY_COTMater-TC Trip 2M321:15_21-HNI Ba Vi 2 Hub_PU01,,100,27/08/2026 00:00:00,21/08/2026 09:35:31,28/08/2026 10:30:58,,,
295835060,LT0Q8R4W4RSK1,20260827116_HY_COTMater-TC Trip 2M321:15_21-HNI Dan Phuong 3 Hub+21-HNI Dan Phuong Hub+21-HNI Dan Phuong 2 Hub_PU01,,100,27/08/2026 00:00:00,21/08/2026 09:35:23,28/08/2026 10:30:58,,,
295835053,LT0Q8R4W4RSD1,20260827116_HY_COTMater-TC Trip 2M313:30_21-HNI Dan Phuong 3 Hub+21-HNI Dan Phuong Hub+21-HNI Dan Phuong 2 Hub_PU01,,100,27/08/2026 00:00:00,21/08/2026 09:35:23,28/08/2026 02:10:04,,,
295835011,LT0Q8R4W4RR71,20260827113_HY_COTMater-TC Trip 2M321:30_20-HNI Bac Tu Liem 9 Hub_PU01,,100,27/08/2026 00:00:00,21/08/2026 09:35:21,28/08/2026 10:30:58,,,
295835004,LT0Q8R4W4RR01,20260827113_HY_COTMater-TC Trip 2M313:30_20-HNI Bac Tu Liem 9 Hub_PU01,29E-791.72,90,27/08/2026 00:00:00,21/08/2026 09:35:20,28/08/2026 00:26:44,27/08/2026 22:19:42,27/08/2026 22:19:42,SEQ 1 - 20-HNI Bac Tu Liem 9 Hub (2431) - 27/08/2026 22:19:42
295834962,LT0Q8R4W4RPU1,20260827110_HY_COTMater-TC Trip 2M321:15_21-HNI Son Tay 2 Hub_PU01,,100,27/08/2026 00:00:00,21/08/2026 09:35:19,28/08/2026 10:30:57,,,
295834899,LT0Q8R4W4RO31,20260827107_HY_COTMater-TC Trip 2M321:15_AG-21-HNI Phuc Tho Hub_PU01,,100,27/08/2026 00:00:00,21/08/2026 09:35:17,28/08/2026 10:30:57,,,
295834878,LT0Q8R4W4RNI1,20260827106_HY_COTMater-TC Trip 2M321:15_20-HNI Ha Dong 10 Hub_PU01,,100,27/08/2026 00:00:00,21/08/2026 09:35:17,28/08/2026 10:30:57,,,
295834871,LT0Q8R4W4RNB1,20260827106_HY_COTMater-TC Trip 2M313:30_20-HNI Ha Dong 10 Hub_PU01,,100,27/08/2026 00:00:00,21/08/2026 09:35:16,28/08/2026 02:10:03,,,
295834829,LT0Q8R4W4RM51,20260827103_HY_COTMater-TC Trip 2M321:15_21-HNI Hoai Duc 4 Hub_PU01,,100,27/08/2026 00:00:00,21/08/2026 09:35:15,28/08/2026 10:30:57,,,
295834822,LT0Q8R4W4RLY1,20260827103_HY_COTMater-TC Trip 2M313:30_21-HNI Hoai Duc 4 Hub_PU01,,100,27/08/2026 00:00:00,21/08/2026 09:35:15,28/08/2026 02:10:03,,,
295834815,LT0Q8R4W4RLR1,20260827102_HY_COTMater-TC Trip 2M313:30_21-HNI Phuc Tho 2 Hub+21-HNI Phuc Tho Hub+21-HNI Phuc Tho 3 Hub_PU01,,100,27/08/2026 00:00:00,21/08/2026 09:35:15,28/08/2026 02:10:03,,,
295834689,LT0Q8R4W4RI91,2026082795_HY_COTMater-TC Trip 2M321:15_21-HNI Ba Vi Hub_PU01,,100,27/08/2026 00:00:00,21/08/2026 09:35:10,28/08/2026 10:30:57,,,
295834108,LT0Q8R4W4R241,2026082763_HY_COTMater-TC Trip 2M313:30_20-HNI Ha Dong 6 Hub_PU01,,100,27/08/2026 00:00:00,21/08/2026 09:34:52,28/08/2026 02:10:02,,,
295834101,LT0Q8R4W4R1X1,2026082763_HY_COTMater-TC Trip 2M321:30_20-HNI Thanh Xuan Hub+20-HNI Tu Liem 7 Hub_PU01,,100,27/08/2026 00:00:00,21/08/2026 09:34:52,28/08/2026 10:30:57,,,
295834073,LT0Q8R4W4R151,2026082761_HY_COTMater-TC Trip 2M321:30_20-HNI Tu Liem 5 Hub+20-HNI Tu Liem 6 Hub_PU01,,100,27/08/2026 00:00:00,21/08/2026 09:34:51,28/08/2026 10:30:56,,,
295834066,LT0Q8R4W4R0Y1,2026082761_HY_COTMater-TC Trip 2M314:00_20-HNI Tu Liem 5 Hub+20-HNI Tu Liem 6 Hub_PU01,,100,27/08/2026 00:00:00,21/08/2026 09:34:51,28/08/2026 03:06:33,,,
295834059,LT0Q8R4W4R0R1,2026082760_HY_COTMater-TC Trip 2M321:30_20-HNI Tu Liem 4 Hub+20-HNI Bac Tu Liem 5 Hub_PU01,,100,27/08/2026 00:00:00,21/08/2026 09:34:51,28/08/2026 10:30:56,,,
295834052,LT0Q8R4W4R0K1,2026082760_HY_COTMater-TC Trip 2M314:00_20-HNI Tu Liem 4 Hub+20-HNI Bac Tu Liem 5 Hub_PU01,,100,27/08/2026 00:00:00,21/08/2026 09:34:51,28/08/2026 03:06:33,,,
295834045,LT0Q8R4W4R0D1,2026082759_HY_COTMater-TC Trip 2M321:30_20-HNI Tay Ho 3 Hub_PU01,,100,27/08/2026 00:00:00,21/08/2026 09:34:50,28/08/2026 10:30:56,,,
295834038,LT0Q8R4W4R061,2026082759_HY_COTMater-TC Trip 2M314:00_20-HNI Tay Ho 3 Hub_PU01,,100,27/08/2026 00:00:00,21/08/2026 09:34:50,28/08/2026 03:06:33,,,
295832008,LT0Q8R4W4PFS1,20260827318_HY_COTMater-TC1M321:30_20-HNI Thanh Xuan Hub+20-HNI Tu Liem 7 Hub_PU01,,100,27/08/2026 00:00:00,21/08/2026 09:33:44,28/08/2026 10:30:53,,,
295832001,LT0Q8R4W4PFL1,20260827318_HY_COTMater-TC1M314:00_20-HNI Thanh Xuan Hub+20-HNI Tu Liem 7 Hub_PU01,,100,27/08/2026 00:00:00,21/08/2026 09:33:43,28/08/2026 03:06:26,,,
295831994,LT0Q8R4W4PFE1,20260827317_HY_COTMater-TC1M321:30_20-HNI Cau Giay 7 Hub+20-HNI Cau Giay 8 Hub_PU01,,100,27/08/2026 00:00:00,21/08/2026 09:33:43,28/08/2026 10:30:52,,,
295831987,LT0Q8R4W4PF71,20260827317_HY_COTMater-TC1M313:30_20-HNI Cau Giay 7 Hub+20-HNI Cau Giay 8 Hub_PU01,,100,27/08/2026 00:00:00,21/08/2026 09:33:42,28/08/2026 02:09:58,,,
295831735,LT0Q8R4W4P871,20260827301_HY_COTMater-TC1M321:30_20-HNI Thanh Xuan 4 Hub+20-HNI Thanh Xuan 5 Hub+20-HNI Thanh Xuan 7 Hub_PU01,,100,27/08/2026 00:00:00,21/08/2026 09:33:34,28/08/2026 10:30:52,,,
295831728,LT0Q8R4W4P801,20260827301_HY_COTMater-TC1M313:30_20-HNI Thanh Xuan 4 Hub+20-HNI Thanh Xuan 5 Hub+20-HNI Thanh Xuan 7 Hub_PU01,,100,27/08/2026 00:00:00,21/08/2026 09:33:34,28/08/2026 02:09:57,,,
295831707,LT0Q8R4W4P7F1,20260827298_HY_COTMater-TC1M321:30_20-HNI Tu Liem 3 Hub_PU01,,100,27/08/2026 00:00:00,21/08/2026 09:33:33,28/08/2026 10:30:52,,,
295831693,LT0Q8R4W4P711,20260827297_HY_COTMater-TC1M321:30_20-HNI Thanh Xuan 3 Hub+20-HNI Thanh Xuan 6 Hub_PU01,,100,27/08/2026 00:00:00,21/08/2026 09:33:33,28/08/2026 10:30:52,,,
295831686,LT0Q8R4W4P6U1,20260827297_HY_COTMater-TC1M313:30_20-HNI Thanh Xuan 3 Hub+20-HNI Thanh Xuan 6 Hub_PU01,,100,27/08/2026 00:00:00,21/08/2026 09:33:33,28/08/2026 02:09:57,,,
295831679,LT0Q8R4W4P6N1,20260827296_HY_COTMater-TC1M321:30_20-HNI Cau Giay 3 Hub+20-HNI Cau Giay 5 Hub_PU01,,100,27/08/2026 00:00:00,21/08/2026 09:33:32,28/08/2026 10:30:52,,,
295831672,LT0Q8R4W4P6G1,20260827296_HY_COTMater-TC1M313:30_20-HNI Cau Giay 3 Hub+20-HNI Cau Giay 5 Hub_PU01,,100,27/08/2026 00:00:00,21/08/2026 09:33:32,28/08/2026 02:09:57,,,
295830426,LT0Q8R4W4O7U1,20260827227_HY_COTMater-TC1M321:30_20-HNI Cau Giay Hub+20-HNI Cau Giay 2 Hub_PU01,,100,27/08/2026 00:00:00,21/08/2026 09:32:52,28/08/2026 10:30:51,,,
295830419,LT0Q8R4W4O7N1,20260827227_HY_COTMater-TC1M314:00_20-HNI Cau Giay Hub+20-HNI Cau Giay 2 Hub_PU01,,100,27/08/2026 00:00:00,21/08/2026 09:32:52,28/08/2026 03:06:23,,,
295830048,LT0Q8R4W4NXC1,20260827207_HY_COTMater-TC1M321:15_21-HNI Hoai Duc 7 Hub_PU01,,100,27/08/2026 00:00:00,21/08/2026 09:32:40,28/08/2026 10:30:51,,,
295830041,LT0Q8R4W4NX51,20260827207_HY_COTMater-TC1M313:30_21-HNI Hoai Duc 7 Hub_PU01,,100,27/08/2026 00:00:00,21/08/2026 09:32:40,28/08/2026 02:09:54,,,
295830034,LT0Q8R4W4NWY1,20260827206_HY_COTMater-TC1M321:15_21-HNI Hoai Duc 5 Hub_PU01,,100,27/08/2026 00:00:00,21/08/2026 09:32:40,28/08/2026 10:30:51,,,
295830027,LT0Q8R4W4NWR1,20260827206_HY_COTMater-TC1M313:30_21-HNI Hoai Duc 5 Hub_PU01,,100,27/08/2026 00:00:00,21/08/2026 09:32:40,28/08/2026 02:09:54,,,
295830020,LT0Q8R4W4NWK1,20260827205_HY_COTMater-TC1M321:15_21-HNI Hoai Duc 2 Hub_PU01,29E-305.81,90,27/08/2026 00:00:00,21/08/2026 09:32:40,28/08/2026 01:18:13,27/08/2026 23:47:33,27/08/2026 23:47:33,SEQ 1 - 21-HNI Hoai Duc 2 Hub (1720) - 27/08/2026 23:47:33
295830013,LT0Q8R4W4NWD1,20260827205_HY_COTMater-TC1M313:30_21-HNI Hoai Duc 2 Hub_PU01,,100,27/08/2026 00:00:00,21/08/2026 09:32:39,28/08/2026 02:09:54,,,
295830006,LT0Q8R4W4NW61,20260827204_HY_COTMater-TC1M321:15_20-HNI Ha Dong 2 Hub+20-HNI Ha Dong 12 Hub_PU01,,100,27/08/2026 00:00:00,21/08/2026 09:32:39,28/08/2026 10:30:51,,,
295829999,LT0Q8R4W4NVZ1,20260827204_HY_COTMater-TC1M313:30_20-HNI Ha Dong 2 Hub+20-HNI Ha Dong 12 Hub_PU01,,100,27/08/2026 00:00:00,21/08/2026 09:32:39,28/08/2026 02:09:54,,,
295829992,LT0Q8R4W4NVS1,20260827203_HY_COTMater-TC1M321:15_21-HNI Hoai Duc Hub_PU01,,100,27/08/2026 00:00:00,21/08/2026 09:32:39,28/08/2026 10:30:51,,,
295829985,LT0Q8R4W4NVL1,20260827203_HY_COTMater-TC1M313:30_21-HNI Hoai Duc Hub_PU01,,100,27/08/2026 00:00:00,21/08/2026 09:32:39,28/08/2026 02:09:54,,,
295829978,LT0Q8R4W4NVE1,20260827202_HY_COTMater-TC1M321:15_21-HNI Hoai Duc 6 Hub_PU01,,100,27/08/2026 00:00:00,21/08/2026 09:32:38,28/08/2026 10:30:50,,,
295829971,LT0Q8R4W4NV71,20260827202_HY_COTMater-TC1M313:30_21-HNI Hoai Duc 6 Hub_PU01,,100,27/08/2026 00:00:00,21/08/2026 09:32:38,28/08/2026 02:09:54,,,
295829964,LT0Q8R4W4NV01,20260827201_HY_COTMater-TC1M321:15_20-HNI Cau Giay 4 Hub+20-HNI Cau Giay 6 Hub_PU01,,100,27/08/2026 00:00:00,21/08/2026 09:32:37,28/08/2026 10:30:50,,,
295829957,LT0Q8R4W4NUT1,20260827201_HY_COTMater-TC1M313:30_20-HNI Cau Giay 4 Hub+20-HNI Cau Giay 6 Hub_PU01,,100,27/08/2026 00:00:00,21/08/2026 09:32:37,28/08/2026 02:09:53,,,
295829950,LT0Q8R4W4NUM1,20260827200_HY_COTMater-TC1M321:15_20-HNI Ha Dong 5 Hub_PU01,,100,27/08/2026 00:00:00,21/08/2026 09:32:37,28/08/2026 10:30:50,,,
295829943,LT0Q8R4W4NUF1,20260827200_HY_COTMater-TC1M313:30_20-HNI Ha Dong 5 Hub_PU01,,100,27/08/2026 00:00:00,21/08/2026 09:32:37,28/08/2026 02:09:53,,,
295829922,LT0Q8R4W4NTU1,20260827198_HY_COTMater-TC1M321:15_20-HNI Bac Tu Liem 4 Hub+20-HNI Bac Tu Liem 8 Hub_PU01,,100,27/08/2026 00:00:00,21/08/2026 09:32:36,28/08/2026 10:30:50,,,
295829915,LT0Q8R4W4NTN1,20260827198_HY_COTMater-TC1M313:30_20-HNI Bac Tu Liem 4 Hub+20-HNI Bac Tu Liem 8 Hub_PU01,,100,27/08/2026 00:00:00,21/08/2026 09:32:36,28/08/2026 02:09:53,,,
295829908,LT0Q8R4W4NTG1,20260827197_HY_COTMater-TC1M321:15_20-HNI Bac Tu Liem 6 Hub+20-HNI Bac Tu Liem 7 Hub_PU01,,100,27/08/2026 00:00:00,21/08/2026 09:32:36,28/08/2026 10:30:50,,,
295829901,LT0Q8R4W4NT91,20260827197_HY_COTMater-TC1M313:30_20-HNI Bac Tu Liem 6 Hub+20-HNI Bac Tu Liem 7 Hub_PU01,,100,27/08/2026 00:00:00,21/08/2026 09:32:35,28/08/2026 02:09:53,,,
295829894,LT0Q8R4W4NT21,20260827196_HY_COTMater-TC1M321:15_20-HNI Tay Ho 2 Hub+20-HNI Tay Ho 5 Hub_PU01,,100,27/08/2026 00:00:00,21/08/2026 09:32:35,28/08/2026 10:30:50,,,
295829887,LT0Q8R4W4NSV1,20260827196_HY_COTMater-TC1M313:30_20-HNI Tay Ho 2 Hub+20-HNI Tay Ho 5 Hub_PU01,,100,27/08/2026 00:00:00,21/08/2026 09:32:35,28/08/2026 02:09:53,,,
295829880,LT0Q8R4W4NSO1,20260827195_HY_COTMater-TC1M321:15_20-HNI Ha Dong 4 Hub+20-HNI Ha Dong 9 Hub_PU01,,100,27/08/2026 00:00:00,21/08/2026 09:32:35,28/08/2026 10:30:50,,,
295829873,LT0Q8R4W4NSH1,20260827195_HY_COTMater-TC1M313:30_20-HNI Ha Dong 4 Hub+20-HNI Ha Dong 9 Hub_PU01,,100,27/08/2026 00:00:00,21/08/2026 09:32:34,28/08/2026 02:09:53,,,
295829866,LT0Q8R4W4NSA1,20260827194_HY_COTMater-TC1M321:15_20-HNI Ha Dong 3 Hub_PU01,,100,27/08/2026 00:00:00,21/08/2026 09:32:34,28/08/2026 10:30:49,,,
295829859,LT0Q8R4W4NS31,20260827194_HY_COTMater-TC1M313:30_20-HNI Ha Dong 3 Hub_PU01,,100,27/08/2026 00:00:00,21/08/2026 09:32:34,28/08/2026 02:09:53,,,
295829852,LT0Q8R4W4NRW1,20260827193_HY_COTMater-TC1M321:15_20-HNI Ha Dong 13 Hub_PU01,,100,27/08/2026 00:00:00,21/08/2026 09:32:34,28/08/2026 10:30:49,,,
295829845,LT0Q8R4W4NRP1,20260827193_HY_COTMater-TC1M313:30_20-HNI Ha Dong 13 Hub_PU01,,100,27/08/2026 00:00:00,21/08/2026 09:32:34,28/08/2026 02:09:53,,,
295829838,LT0Q8R4W4NRI1,20260827192_HY_COTMater-TC1M321:15_20-HNI Ha Dong 8 Hub+20-HNI Ha Dong 14 Hub_PU01,,100,27/08/2026 00:00:00,21/08/2026 09:32:33,28/08/2026 10:30:49,,,
295829831,LT0Q8R4W4NRB1,20260827192_HY_COTMater-TC1M313:30_20-HNI Ha Dong 8 Hub+20-HNI Ha Dong 14 Hub_PU01,,100,27/08/2026 00:00:00,21/08/2026 09:32:33,28/08/2026 02:09:52,,,
295829824,LT0Q8R4W4NR41,20260827191_HY_COTMater-TC1M321:15_20-HNI Ha Dong 11 Hub_PU01,,100,27/08/2026 00:00:00,21/08/2026 09:32:33,28/08/2026 10:30:49,,,
295829817,LT0Q8R4W4NQX1,20260827191_HY_COTMater-TC1M313:30_20-HNI Ha Dong 11 Hub_PU01,,100,27/08/2026 00:00:00,21/08/2026 09:32:32,28/08/2026 02:09:52,,,
295829810,LT0Q8R4W4NQQ1,20260827190_HY_COTMater-TC1M321:15_20-HNI Bac Tu Liem 2 Hub_PU01,,100,27/08/2026 00:00:00,21/08/2026 09:32:32,28/08/2026 10:30:49,,,
295829803,LT0Q8R4W4NQJ1,20260827190_HY_COTMater-TC1M313:30_20-HNI Bac Tu Liem 2 Hub_PU01,,100,27/08/2026 00:00:00,21/08/2026 09:32:32,28/08/2026 02:09:52,,,
295829796,LT0Q8R4W4NQC1,20260827189_HY_COTMater-TC1M321:15_20-HNI Bac Tu Liem 3 Hub_PU01,,100,27/08/2026 00:00:00,21/08/2026 09:32:32,28/08/2026 10:30:49,,,
295829789,LT0Q8R4W4NQ51,20260827189_HY_COTMater-TC1M313:30_20-HNI Bac Tu Liem 3 Hub_PU01,29E-791.73,90,27/08/2026 00:00:00,21/08/2026 09:32:31,28/08/2026 00:19:52,27/08/2026 22:25:17,27/08/2026 22:25:17,SEQ 1 - 20-HNI Bac Tu Liem 3 Hub (2068) - 27/08/2026 22:25:17
295829740,LT0Q8R4W4NOS1,20260827186_HY_COTMater-TC1M321:15_21-HNI Phuc Tho 2 Hub_PU01,,100,27/08/2026 00:00:00,21/08/2026 09:32:29,28/08/2026 10:30:49,,,
295829719,LT0Q8R4W4NO71,20260827185_HY_COTMater-TC1M321:15_21-HNI Chuong My 3 Hub+21-HNI Chuong My 4 Hub_PU01,,100,27/08/2026 00:00:00,21/08/2026 09:32:28,28/08/2026 10:30:49,,,
295829698,LT0Q8R4W4NNM1,20260827184_HY_COTMater-TC1M313:30_21-HNI Chuong My 3 Hub+21-HNI Chuong My 4 Hub_PU01,,100,27/08/2026 00:00:00,21/08/2026 09:32:28,28/08/2026 02:09:52,,,
295829649,LT0Q8R4W4NM91,20260827182_HY_COTMater-TC1M313:30_21-HNI Son Tay Hub+21-HNI Son Tay 2 Hub_PU01,,100,27/08/2026 00:00:00,21/08/2026 09:32:26,28/08/2026 02:09:52,,,
295829642,LT0Q8R4W4NM21,20260827181_HY_COTMater-TC1M321:15_21-HNI Quoc Oai 4 Hub_PU01,,100,27/08/2026 00:00:00,21/08/2026 09:32:26,28/08/2026 10:30:48,,,
295829628,LT0Q8R4W4NLO1,20260827180_HY_COTMater-TC1M321:30_20-HNI Ha Dong 6 Hub_PU01,,100,27/08/2026 00:00:00,21/08/2026 09:32:25,28/08/2026 10:30:48,,,
295829544,LT0Q8R4W4NJC1,20260827175_HY_COTMater-TC1M321:15_20-HNI Tu Liem 2 Hub_PU01,,100,27/08/2026 00:00:00,21/08/2026 09:32:22,28/08/2026 10:30:48,,,
295829537,LT0Q8R4W4NJ51,20260827175_HY_COTMater-TC1M313:30_20-HNI Tu Liem 2 Hub_PU01,,100,27/08/2026 00:00:00,21/08/2026 09:32:21,28/08/2026 02:09:51,,,
295829474,LT0Q8R4W4NHE1,20260827171_HY_COTMater-TC1M321:30_20-HNI Ha Dong 10 Hub_PU01,,100,27/08/2026 00:00:00,21/08/2026 09:32:19,28/08/2026 10:30:48,,,
295829446,LT0Q8R4W4NGM1,20260827169_HY_COTMater-TC1M321:15_21-HNI Thach That Hub+21-HNI Thach That 5 Hub_PU01,,100,27/08/2026 00:00:00,21/08/2026 09:32:18,28/08/2026 10:30:48,,,
295829425,LT0Q8R4W4NG11,20260827168_HY_COTMater-TC1M321:15_21-HNI Hoai Duc 3 Hub_PU01,,100,27/08/2026 00:00:00,21/08/2026 09:32:18,28/08/2026 10:30:48,,,
295829418,LT0Q8R4W4NFU1,20260827168_HY_COTMater-TC1M313:30_21-HNI Hoai Duc 3 Hub_PU01,,100,27/08/2026 00:00:00,21/08/2026 09:32:18,28/08/2026 02:09:51,,,
295829411,LT0Q8R4W4NFN1,20260827167_HY_COTMater-TC1M321:15_21-HNI Ba Vi 3 Hub+21-HNI Ba Vi 4 Hub_PU01,,100,27/08/2026 00:00:00,21/08/2026 09:32:17,28/08/2026 10:30:48,,,
295829390,LT0Q8R4W4NF21,20260827166_HY_COTMater-TC1M321:15_21-HNI Quoc Oai 2 Hub_PU01,,100,27/08/2026 00:00:00,21/08/2026 09:32:17,28/08/2026 10:30:47,,,
295829369,LT0Q8R4W4NEH1,20260827165_HY_COTMater-TC1M321:15_21-HNI Thach That 3 Hub_PU01,29K-122.12,90,27/08/2026 00:00:00,21/08/2026 09:32:16,28/08/2026 00:18:03,27/08/2026 21:46:15,27/08/2026 21:46:15,SEQ 1 - 21-HNI Thach That 3 Hub (2077) - 27/08/2026 21:46:15
295829306,LT0Q8R4W4NCQ1,20260827161_HY_COTMater-TC1M321:15_21-HNI Thach That 4 Hub+21-HNI Thach That 2 Hub_PU01,,100,27/08/2026 00:00:00,21/08/2026 09:32:14,28/08/2026 10:30:47,,,
295829271,LT0Q8R4W4NBR1,20260827159_HY_COTMater-TC1M313:30_21-HNI Thach That Hub+21-HNI Thach That 3 Hub+21-HNI Thach That 5 Hub_PU01,,100,27/08/2026 00:00:00,21/08/2026 09:32:13,28/08/2026 02:09:51,,,
295829166,LT0Q8R4W4N8U1,20260827154_HY_COTMater-TC1M321:15_21-HNI Chuong My 2 Hub+21-HNI Chuong My Hub_PU01,,100,27/08/2026 00:00:00,21/08/2026 09:32:09,28/08/2026 10:30:47,,,
295829117,LT0Q8R4W4N7H1,20260827151_HY_COTMater-TC1M321:15_21-HNI Thach That 2 Hub_PU01,,100,27/08/2026 00:00:00,21/08/2026 09:32:08,28/08/2026 10:30:47,,,
295829047,LT0Q8R4W4N5J1,20260827147_HY_COTMater-TC1M321:15_21-HNI Son Tay Hub+21-HNI Son Tay 2 Hub_PU01,,100,27/08/2026 00:00:00,21/08/2026 09:32:05,28/08/2026 10:30:47,,,
295829026,LT0Q8R4W4N4Y1,20260827146_HY_COTMater-TC1M321:15_21-HNI Chuong My Hub_PU01,,100,27/08/2026 00:00:00,21/08/2026 09:32:05,28/08/2026 10:30:47,,,
295828977,LT0Q8R4W4N3L1,20260827144_HY_COTMater-TC1M321:15_21-HNI Quoc Oai Hub_PU01,,100,27/08/2026 00:00:00,21/08/2026 09:32:03,28/08/2026 10:30:46,,,
295828949,LT0Q8R4W4N2T1,20260827142_HY_COTMater-TC1M321:15_21-HNI Phuc Tho Hub+21-HNI Phuc Tho 3 Hub_PU01,,100,27/08/2026 00:00:00,21/08/2026 09:32:02,28/08/2026 10:30:46,,,
295828935,LT0Q8R4W4N2F1,20260827142_HY_COTMater-TC1M313:30_20-HNI Tay Ho 4 Hub_PU01,,100,27/08/2026 00:00:00,21/08/2026 09:32:02,28/08/2026 02:09:50,,,
295828907,LT0Q8R4W4N1N1,20260827140_HY_COTMater-TC1M314:00_21-HNI Ba Vi Hub+21-HNI Ba Vi 3 Hub+21-HNI Ba Vi 4 Hub_PU01,,100,27/08/2026 00:00:00,21/08/2026 09:32:01,28/08/2026 03:06:20,,,
295828893,LT0Q8R4W4N191,20260827139_HY_COTMater-TC1M321:15_20-HNI Ha Dong 7 Hub_PU01,,100,27/08/2026 00:00:00,21/08/2026 09:32:01,28/08/2026 10:30:46,,,
295828886,LT0Q8R4W4N121,20260827139_HY_COTMater-TC1M313:30_20-HNI Ha Dong 7 Hub_PU01,,100,27/08/2026 00:00:00,21/08/2026 09:32:00,28/08/2026 02:09:50,,,
295828809,LT0Q8R4W4MYX1,20260827135_HY_COTMater-TC1M313:30_21-HNI Chuong My 2 Hub+21-HNI Chuong My Hub_PU01,,100,27/08/2026 00:00:00,21/08/2026 09:31:58,28/08/2026 02:09:49,,,
295828697,LT0Q8R4W4MVT1,20260827128_HY_COTMater-TC1M321:15_21-HNI Ba Vi 2 Hub_PU01,,100,27/08/2026 00:00:00,21/08/2026 09:31:54,28/08/2026 10:30:46,,,
295828480,LT0Q8R4W4MPS1,20260827116_HY_COTMater-TC1M321:15_21-HNI Dan Phuong 3 Hub+21-HNI Dan Phuong Hub+21-HNI Dan Phuong 2 Hub_PU01,,100,27/08/2026 00:00:00,21/08/2026 09:31:48,28/08/2026 10:30:46,,,
295828473,LT0Q8R4W4MPL1,20260827116_HY_COTMater-TC1M313:30_21-HNI Dan Phuong 3 Hub+21-HNI Dan Phuong Hub+21-HNI Dan Phuong 2 Hub_PU01,,100,27/08/2026 00:00:00,21/08/2026 09:31:48,28/08/2026 02:09:49,,,
295828431,LT0Q8R4W4MOF1,20260827113_HY_COTMater-TC1M321:30_20-HNI Bac Tu Liem 9 Hub_PU01,,100,27/08/2026 00:00:00,21/08/2026 09:31:46,28/08/2026 10:30:46,,,
295828424,LT0Q8R4W4MO81,20260827113_HY_COTMater-TC1M313:30_20-HNI Bac Tu Liem 9 Hub_PU01,,100,27/08/2026 00:00:00,21/08/2026 09:31:46,28/08/2026 02:09:49,,,
295828319,LT0Q8R4W4MLB1,20260827107_HY_COTMater-TC1M321:15_AG-21-HNI Phuc Tho Hub_PU01,,100,27/08/2026 00:00:00,21/08/2026 09:31:42,28/08/2026 10:30:46,,,
295828298,LT0Q8R4W4MKQ1,20260827106_HY_COTMater-TC1M321:15_20-HNI Ha Dong 10 Hub_PU01,,100,27/08/2026 00:00:00,21/08/2026 09:31:41,28/08/2026 10:30:45,,,
295828291,LT0Q8R4W4MKJ1,20260827106_HY_COTMater-TC1M313:30_20-HNI Ha Dong 10 Hub_PU01,,100,27/08/2026 00:00:00,21/08/2026 09:31:41,28/08/2026 02:09:49,,,
295828249,LT0Q8R4W4MJD1,20260827103_HY_COTMater-TC1M321:15_21-HNI Hoai Duc 4 Hub_PU01,,100,27/08/2026 00:00:00,21/08/2026 09:31:40,28/08/2026 10:30:45,,,
295828242,LT0Q8R4W4MJ61,20260827103_HY_COTMater-TC1M313:30_21-HNI Hoai Duc 4 Hub_PU01,,100,27/08/2026 00:00:00,21/08/2026 09:31:40,28/08/2026 02:09:49,,,
295828235,LT0Q8R4W4MIZ1,20260827102_HY_COTMater-TC1M313:30_21-HNI Phuc Tho 2 Hub+21-HNI Phuc Tho Hub+21-HNI Phuc Tho 3 Hub_PU01,,100,27/08/2026 00:00:00,21/08/2026 09:31:40,28/08/2026 02:09:48,,,
295828109,LT0Q8R4W4MFH1,2026082795_HY_COTMater-TC1M321:15_21-HNI Ba Vi Hub_PU01,,100,27/08/2026 00:00:00,21/08/2026 09:31:35,28/08/2026 10:30:45,,,
295827528,LT0Q8R4W4LZC1,2026082763_HY_COTMater-TC1M313:30_20-HNI Ha Dong 6 Hub_PU01,,100,27/08/2026 00:00:00,21/08/2026 09:31:15,28/08/2026 02:09:47,,,
295827521,LT0Q8R4W4LZ51,2026082763_HY_COTMater-TC1M321:30_20-HNI Thanh Xuan Hub+20-HNI Tu Liem 7 Hub_PU01,,100,27/08/2026 00:00:00,21/08/2026 09:31:15,28/08/2026 10:30:45,,,
295827493,LT0Q8R4W4LYD1,2026082761_HY_COTMater-TC1M321:30_20-HNI Tu Liem 5 Hub+20-HNI Tu Liem 6 Hub_PU01,,100,27/08/2026 00:00:00,21/08/2026 09:31:14,28/08/2026 10:30:45,,,
295827479,LT0Q8R4W4LXZ1,2026082760_HY_COTMater-TC1M321:30_20-HNI Tu Liem 4 Hub+20-HNI Bac Tu Liem 5 Hub_PU01,,100,27/08/2026 00:00:00,21/08/2026 09:31:14,28/08/2026 10:30:45,,,
295827472,LT0Q8R4W4LXS1,2026082760_HY_COTMater-TC1M314:00_20-HNI Tu Liem 4 Hub+20-HNI Bac Tu Liem 5 Hub_PU01,,100,27/08/2026 00:00:00,21/08/2026 09:31:14,28/08/2026 03:06:17,,,
295827465,LT0Q8R4W4LXL1,2026082759_HY_COTMater-TC1M321:30_20-HNI Tay Ho 3 Hub_PU01,,100,27/08/2026 00:00:00,21/08/2026 09:31:13,28/08/2026 10:30:45,,,
295827458,LT0Q8R4W4LXE1,2026082759_HY_COTMater-TC1M314:00_20-HNI Tay Ho 3 Hub_PU01,,100,27/08/2026 00:00:00,21/08/2026 09:31:13,28/08/2026 03:06:17,,,
295815824,LT0Q8R4W4CY81,2026082721-HNI Dong Anh 8_2Dong Anh 8Hung Yen SOC_COT20:00_PU_adhoct801,,100,27/08/2026 00:00:00,21/08/2026 00:24:10,28/08/2026 09:01:42,,,
295815823,LT0Q8R4W4CY71,2026082720-HNI Hoang Mai 3_2Hoang Mai 320-HNI Hoang Mai HubHung Yen SOC_COT21:00_PU_adhoct801,,100,27/08/2026 00:00:00,21/08/2026 00:24:09,28/08/2026 10:30:28,,,
295815822,LT0Q8R4W4CY61,2026082720-HNI Hoang Mai 3_2Hoang Mai 320-HNI Hoang Mai HubHung Yen SOC_COT20:00_PU_adhoct801,,100,27/08/2026 00:00:00,21/08/2026 00:24:09,28/08/2026 09:01:42,,,
295809536,LT0Q8R4W483K1,20260827318_HY_COTMaterM321:30_20-HNI Thanh Xuan Hub+20-HNI Tu Liem 7 Hub_PU01,,100,27/08/2026 00:00:00,21/08/2026 00:21:42,28/08/2026 10:30:24,,,
295809535,LT0Q8R4W483J1,20260827317_HY_COTMaterM321:30_20-HNI Cau Giay 7 Hub+20-HNI Cau Giay 8 Hub_PU01,,100,27/08/2026 00:00:00,21/08/2026 00:21:42,28/08/2026 10:30:24,,,
295809515,LT0Q8R4W482Z1,20260827301_HY_COTMaterM321:30_20-HNI Thanh Xuan 4 Hub+20-HNI Thanh Xuan 5 Hub+20-HNI Thanh Xuan 7 Hub_PU01,,100,27/08/2026 00:00:00,21/08/2026 00:21:42,28/08/2026 10:30:24,,,
295809512,LT0Q8R4W482W1,20260827298_HY_COTMaterM321:30_20-HNI Tu Liem 3 Hub_PU01,,100,27/08/2026 00:00:00,21/08/2026 00:21:42,28/08/2026 10:30:23,,,
295809511,LT0Q8R4W482V1,20260827297_HY_COTMaterM321:30_20-HNI Thanh Xuan 3 Hub+20-HNI Thanh Xuan 6 Hub_PU01,,100,27/08/2026 00:00:00,21/08/2026 00:21:42,28/08/2026 10:30:23,,,
295809510,LT0Q8R4W482U1,20260827296_HY_COTMaterM321:30_20-HNI Cau Giay 3 Hub+20-HNI Cau Giay 5 Hub_PU01,,100,27/08/2026 00:00:00,21/08/2026 00:21:42,28/08/2026 10:30:23,,,
295809418,LT0Q8R4W480A1,20260827227_HY_COTMaterM321:30_20-HNI Cau Giay Hub+20-HNI Cau Giay 2 Hub_PU01,,100,27/08/2026 00:00:00,21/08/2026 00:21:39,28/08/2026 10:30:22,,,
295809391,LT0Q8R4W47ZJ1,20260827207_HY_COTMaterM321:15_21-HNI Hoai Duc 7 Hub_PU01,,100,27/08/2026 00:00:00,21/08/2026 00:21:39,28/08/2026 10:30:22,,,
295809390,LT0Q8R4W47ZI1,20260827206_HY_COTMaterM321:15_21-HNI Hoai Duc 5 Hub_PU01,,100,27/08/2026 00:00:00,21/08/2026 00:21:39,28/08/2026 10:30:22,,,
295809389,LT0Q8R4W47ZH1,20260827205_HY_COTMaterM321:15_21-HNI Hoai Duc 2 Hub_PU01,,100,27/08/2026 00:00:00,21/08/2026 00:21:39,28/08/2026 10:30:22,,,
295809387,LT0Q8R4W47ZF1,20260827203_HY_COTMaterM321:15_21-HNI Hoai Duc Hub_PU01,,100,27/08/2026 00:00:00,21/08/2026 00:21:39,28/08/2026 10:30:22,,,
295809386,LT0Q8R4W47ZE1,20260827202_HY_COTMaterM321:15_21-HNI Hoai Duc 6 Hub_PU01,,100,27/08/2026 00:00:00,21/08/2026 00:21:39,28/08/2026 10:30:22,,,
295809385,LT0Q8R4W47ZD1,20260827201_HY_COTMaterM321:15_20-HNI Cau Giay 4 Hub+20-HNI Cau Giay 6 Hub_PU01,,100,27/08/2026 00:00:00,21/08/2026 00:21:39,28/08/2026 10:30:21,,,
295809384,LT0Q8R4W47ZC1,20260827200_HY_COTMaterM321:15_20-HNI Ha Dong 5 Hub_PU01,,100,27/08/2026 00:00:00,21/08/2026 00:21:39,28/08/2026 10:30:21,,,
295809383,LT0Q8R4W47ZB1,20260827199_HY_COTMaterM321:15_20-HNI Tay Ho 4 Hub+20-HNI Tay Ho 6 Hub_PU01,,100,27/08/2026 00:00:00,21/08/2026 00:21:39,28/08/2026 10:30:21,,,
295809382,LT0Q8R4W47ZA1,20260827198_HY_COTMaterM321:15_20-HNI Bac Tu Liem 4 Hub+20-HNI Bac Tu Liem 8 Hub_PU01,,100,27/08/2026 00:00:00,21/08/2026 00:21:39,28/08/2026 10:30:21,,,
295809381,LT0Q8R4W47Z91,20260827197_HY_COTMaterM321:15_20-HNI Bac Tu Liem 6 Hub+20-HNI Bac Tu Liem 7 Hub_PU01,,100,27/08/2026 00:00:00,21/08/2026 00:21:39,28/08/2026 10:30:21,,,
295809380,LT0Q8R4W47Z81,20260827196_HY_COTMaterM321:15_20-HNI Tay Ho 2 Hub+20-HNI Tay Ho 5 Hub_PU01,,100,27/08/2026 00:00:00,21/08/2026 00:21:39,28/08/2026 10:30:21,,,
295809379,LT0Q8R4W47Z71,20260827195_HY_COTMaterM321:15_20-HNI Ha Dong 4 Hub+20-HNI Ha Dong 9 Hub_PU01,29E-305.85,90,27/08/2026 00:00:00,21/08/2026 00:21:39,28/08/2026 01:23:35,27/08/2026 23:29:54,27/08/2026 23:41:39,SEQ 1 - 20-HNI Ha Dong 4 Hub (2078) - 27/08/2026 23:29:54 | SEQ 2 - 20-HNI Ha Dong 9 Hub (4252) - 27/08/2026 23:41:39
295809378,LT0Q8R4W47Z61,20260827194_HY_COTMaterM321:15_20-HNI Ha Dong 3 Hub_PU01,,100,27/08/2026 00:00:00,21/08/2026 00:21:39,28/08/2026 10:30:21,,,
295809377,LT0Q8R4W47Z51,20260827193_HY_COTMaterM321:15_20-HNI Ha Dong 13 Hub_PU01,,100,27/08/2026 00:00:00,21/08/2026 00:21:39,28/08/2026 10:30:21,,,
295809376,LT0Q8R4W47Z41,20260827192_HY_COTMaterM321:15_20-HNI Ha Dong 8 Hub+20-HNI Ha Dong 14 Hub_PU01,,100,27/08/2026 00:00:00,21/08/2026 00:21:39,28/08/2026 10:30:20,,,
295809375,LT0Q8R4W47Z31,20260827191_HY_COTMaterM321:15_20-HNI Ha Dong 11 Hub_PU01,,100,27/08/2026 00:00:00,21/08/2026 00:21:39,28/08/2026 10:30:20,,,
295809374,LT0Q8R4W47Z21,20260827190_HY_COTMaterM321:15_20-HNI Bac Tu Liem 2 Hub_PU01,,100,27/08/2026 00:00:00,21/08/2026 00:21:39,28/08/2026 10:30:20,,,
295809373,LT0Q8R4W47Z11,20260827189_HY_COTMaterM321:15_20-HNI Bac Tu Liem 3 Hub_PU01,,100,27/08/2026 00:00:00,21/08/2026 00:21:39,28/08/2026 10:30:20,,,
295809368,LT0Q8R4W47YW1,20260827186_HY_COTMaterM321:15_21-HNI Phuc Tho 2 Hub_PU01,,100,27/08/2026 00:00:00,21/08/2026 00:21:38,28/08/2026 10:30:20,,,
295809366,LT0Q8R4W47YU1,20260827185_HY_COTMaterM321:15_21-HNI Chuong My 3 Hub+21-HNI Chuong My 4 Hub_PU01,,100,27/08/2026 00:00:00,21/08/2026 00:21:38,28/08/2026 10:30:20,,,
295809360,LT0Q8R4W47YO1,20260827181_HY_COTMaterM321:15_21-HNI Quoc Oai 4 Hub_PU01,,100,27/08/2026 00:00:00,21/08/2026 00:21:38,28/08/2026 10:30:20,,,
295809358,LT0Q8R4W47YM1,20260827180_HY_COTMaterM321:30_20-HNI Ha Dong 6 Hub_PU01,,100,27/08/2026 00:00:00,21/08/2026 00:21:38,28/08/2026 10:30:19,,,
295809351,LT0Q8R4W47YF1,20260827175_HY_COTMaterM321:15_20-HNI Tu Liem 2 Hub_PU01,,100,27/08/2026 00:00:00,21/08/2026 00:21:38,28/08/2026 10:30:19,,,
295809347,LT0Q8R4W47YB1,20260827171_HY_COTMaterM321:30_20-HNI Ha Dong 10 Hub_PU01,,100,27/08/2026 00:00:00,21/08/2026 00:21:38,28/08/2026 10:30:19,,,
295809345,LT0Q8R4W47Y91,20260827169_HY_COTMaterM321:15_21-HNI Thach That Hub+21-HNI Thach That 5 Hub_PU01,,100,27/08/2026 00:00:00,21/08/2026 00:21:38,28/08/2026 10:30:19,,,
295809344,LT0Q8R4W47Y81,20260827169_BNA_COTMaterM319:30_21-HNI Thach That Hub+21-HNI Thach That 5 Hub_DE01,29E-495.01,90,27/08/2026 00:00:00,21/08/2026 00:21:38,28/08/2026 00:47:59,27/08/2026 19:39:16,27/08/2026 22:29:55,SEQ 1 - BN A Mega SOC (1701) - 27/08/2026 19:39:16 | SEQ 2 - 21-HNI Thach That Hub (162) - 27/08/2026 22:29:55
295809343,LT0Q8R4W47Y71,20260827168_HY_COTMaterM321:15_21-HNI Hoai Duc 3 Hub_PU01,,100,27/08/2026 00:00:00,21/08/2026 00:21:38,28/08/2026 10:30:19,,,
295809342,LT0Q8R4W47Y61,20260827167_HY_COTMaterM321:15_21-HNI Ba Vi 3 Hub+21-HNI Ba Vi 4 Hub_PU01,,100,27/08/2026 00:00:00,21/08/2026 00:21:38,28/08/2026 10:30:19,,,
295809340,LT0Q8R4W47Y41,20260827166_HY_COTMaterM321:15_21-HNI Quoc Oai 2 Hub_PU01,,100,27/08/2026 00:00:00,21/08/2026 00:21:38,28/08/2026 10:30:19,,,
295809338,LT0Q8R4W47Y21,20260827165_HY_COTMaterM321:15_21-HNI Thach That 3 Hub_PU01,,100,27/08/2026 00:00:00,21/08/2026 00:21:38,28/08/2026 10:30:19,,,
295809333,LT0Q8R4W47XX1,20260827161_HY_COTMaterM321:15_21-HNI Thach That 4 Hub+21-HNI Thach That 2 Hub_PU01,,100,27/08/2026 00:00:00,21/08/2026 00:21:38,28/08/2026 10:30:18,,,
295809323,LT0Q8R4W47XN1,20260827154_HY_COTMaterM321:15_21-HNI Chuong My 2 Hub+21-HNI Chuong My Hub_PU01,,100,27/08/2026 00:00:00,21/08/2026 00:21:37,28/08/2026 10:30:18,,,
295809318,LT0Q8R4W47XI1,20260827151_HY_COTMaterM321:15_21-HNI Thach That 2 Hub_PU01,,100,27/08/2026 00:00:00,21/08/2026 00:21:37,28/08/2026 10:30:18,,,
295809312,LT0Q8R4W47XC1,20260827147_HY_COTMaterM321:15_21-HNI Son Tay Hub+21-HNI Son Tay 2 Hub_PU01,,100,27/08/2026 00:00:00,21/08/2026 00:21:37,28/08/2026 10:30:18,,,
295809310,LT0Q8R4W47XA1,20260827146_HY_COTMaterM321:15_21-HNI Chuong My Hub_PU01,,100,27/08/2026 00:00:00,21/08/2026 00:21:37,28/08/2026 10:30:18,,,
295809307,LT0Q8R4W47X71,20260827144_HY_COTMaterM321:15_21-HNI Quoc Oai Hub_PU01,,100,27/08/2026 00:00:00,21/08/2026 00:21:37,28/08/2026 10:30:18,,,
295809304,LT0Q8R4W47X41,20260827142_HY_COTMaterM321:15_21-HNI Phuc Tho Hub+21-HNI Phuc Tho 3 Hub_PU01,,100,27/08/2026 00:00:00,21/08/2026 00:21:37,28/08/2026 10:30:18,,,
295809300,LT0Q8R4W47X01,20260827139_HY_COTMaterM321:15_20-HNI Ha Dong 7 Hub_PU01,,100,27/08/2026 00:00:00,21/08/2026 00:21:37,28/08/2026 10:30:17,,,
295809286,LT0Q8R4W47WM1,20260827128_HY_COTMaterM321:15_21-HNI Ba Vi 2 Hub_PU01,,100,27/08/2026 00:00:00,21/08/2026 00:21:36,28/08/2026 10:30:17,,,
295809268,LT0Q8R4W47W41,20260827116_HY_COTMaterM321:15_21-HNI Dan Phuong 3 Hub+21-HNI Dan Phuong Hub+21-HNI Dan Phuong 2 Hub_PU01,,100,27/08/2026 00:00:00,21/08/2026 00:21:36,28/08/2026 10:30:17,,,
295809265,LT0Q8R4W47W11,20260827113_HY_COTMaterM321:30_20-HNI Bac Tu Liem 9 Hub_PU01,,100,27/08/2026 00:00:00,21/08/2026 00:21:36,28/08/2026 10:30:17,,,
295809262,LT0Q8R4W47VY1,20260827110_HY_COTMaterM321:15_21-HNI Son Tay 2 Hub_PU01,,100,27/08/2026 00:00:00,21/08/2026 00:21:36,28/08/2026 10:30:17,,,
295809254,LT0Q8R4W47VQ1,20260827106_HY_COTMaterM321:15_20-HNI Ha Dong 10 Hub_PU01,,100,27/08/2026 00:00:00,21/08/2026 00:21:36,28/08/2026 10:30:17,,,
295809251,LT0Q8R4W47VN1,20260827103_HY_COTMaterM321:15_21-HNI Hoai Duc 4 Hub_PU01,,100,27/08/2026 00:00:00,21/08/2026 00:21:36,28/08/2026 10:30:17,,,
295809241,LT0Q8R4W47VD1,2026082795_HY_COTMaterM321:15_21-HNI Ba Vi Hub_PU01,,100,27/08/2026 00:00:00,21/08/2026 00:21:35,28/08/2026 10:30:17,,,
295809189,LT0Q8R4W47TX1,2026082763_HY_COTMaterM321:30_20-HNI Thanh Xuan Hub+20-HNI Tu Liem 7 Hub_PU01,,100,27/08/2026 00:00:00,21/08/2026 00:21:34,28/08/2026 10:30:16,,,
295809186,LT0Q8R4W47TU1,2026082761_HY_COTMaterM321:30_20-HNI Tu Liem 5 Hub+20-HNI Tu Liem 6 Hub_PU01,,100,27/08/2026 00:00:00,21/08/2026 00:21:34,28/08/2026 10:30:16,,,
295809185,LT0Q8R4W47TT1,2026082760_HY_COTMaterM321:30_20-HNI Tu Liem 4 Hub+20-HNI Bac Tu Liem 5 Hub_PU01,,100,27/08/2026 00:00:00,21/08/2026 00:21:34,28/08/2026 10:30:16,,,
295809184,LT0Q8R4W47TS1,2026082759_HY_COTMaterM321:30_20-HNI Tay Ho 3 Hub_PU01,,100,27/08/2026 00:00:00,21/08/2026 00:21:34,28/08/2026 10:30:16,,,
295809015,LT0Q8R4W47P31,20260827HN S_long bien 6_COT13:00_PU_adhoc1313 fdgfdg01,,100,27/08/2026 00:00:00,21/08/2026 00:21:30,28/08/2026 12:06:50,,,
295809014,LT0Q8R4W47P21,20260827HN S_long bien 6_COT13:00_PU_adhoc113 fdgfdg01,,100,27/08/2026 00:00:00,21/08/2026 00:21:30,28/08/2026 12:06:50,,,
295809007,LT0Q8R4W47OV1,20260827HN S_long bien 6_COT13:00_PU_adhoc1312 fdgfdg01,,100,27/08/2026 00:00:00,21/08/2026 00:21:30,28/08/2026 08:16:07,,,
295809006,LT0Q8R4W47OU1,20260827HN S_long bien 6_COT13:00_PU_adhoc112 fdgfdg01,,100,27/08/2026 00:00:00,21/08/2026 00:21:29,28/08/2026 08:16:07,,,
295808999,LT0Q8R4W47ON1,20260827HN S_long bien 6_COT13:00_PU_adhoc1311 fdgfdg01,,100,27/08/2026 00:00:00,21/08/2026 00:21:29,28/08/2026 10:30:12,,,
295808998,LT0Q8R4W47OM1,20260827HN S_long bien 6_COT13:00_PU_adhoc111 fdgfdg01,,100,27/08/2026 00:00:00,21/08/2026 00:21:29,28/08/2026 10:30:12,,,
295808989,LT0Q8R4W47OD1,20260827HN S_long bien 6_COT13:00_PU_adhoc11301,,100,27/08/2026 00:00:00,21/08/2026 00:21:29,28/08/2026 12:06:49,,,
295808982,LT0Q8R4W47O61,20260827HN S_long bien 6_COT13:00_PU_adhoc131201,,100,27/08/2026 00:00:00,21/08/2026 00:21:29,28/08/2026 08:16:06,,,
295808981,LT0Q8R4W47O51,20260827HN S_long bien 6_COT13:00_PU_adhoc11201,,100,27/08/2026 00:00:00,21/08/2026 00:21:29,28/08/2026 08:16:06,,,
295808974,LT0Q8R4W47NY1,20260827HN S_long bien 6_COT13:00_PU_adhoc131101,,100,27/08/2026 00:00:00,21/08/2026 00:21:29,28/08/2026 10:30:11,,,
295808973,LT0Q8R4W47NX1,20260827HN S_long bien 6_COT13:00_PU_adhoc11101,,100,27/08/2026 00:00:00,21/08/2026 00:21:29,28/08/2026 10:30:11,,,
295805683,LT0Q8R4W454J1,20260827HY_COT21:15_21-HNI Thanh Tri 2 Hub_PU28212401,,100,27/08/2026 00:00:00,21/08/2026 00:20:07,28/08/2026 10:29:56,,,
295805682,LT0Q8R4W454I1,20260827HY_COT21:15_20-HNI Hoang Mai 4 Hub_PU27612401,,100,27/08/2026 00:00:00,21/08/2026 00:20:07,28/08/2026 10:29:56,,,
295805681,LT0Q8R4W454H1,20260827HY_COT21:15_20-HNI Dong Da 7 Hub_PU26612401,,100,27/08/2026 00:00:00,21/08/2026 00:20:07,28/08/2026 10:29:55,,,
295805680,LT0Q8R4W454G1,20260827HY_COT21:15_20-HNI Hai Ba Trung Hub_PU26512401,,100,27/08/2026 00:00:00,21/08/2026 00:20:07,28/08/2026 10:29:55,,,
295805679,LT0Q8R4W454F1,20260827HY_COT21:15_20-HNI Hoan Kiem 2 Hub_PU26412401,,100,27/08/2026 00:00:00,21/08/2026 00:20:07,28/08/2026 10:29:55,,,
295805599,LT0Q8R4W45271,20260827HY_COT21:15_20-HNI Dong Da 4 Hub_PU30312401,,100,27/08/2026 00:00:00,21/08/2026 00:20:05,28/08/2026 10:29:55,,,
295805598,LT0Q8R4W45261,20260827HY_COT21:15_21-HNI Thanh Oai 2 Hub_PU30112401,,100,27/08/2026 00:00:00,21/08/2026 00:20:05,28/08/2026 10:29:55,,,
295805597,LT0Q8R4W45251,20260827HY_COT21:15_21-HNI My Duc Hub_PU30012401,,100,27/08/2026 00:00:00,21/08/2026 00:20:05,28/08/2026 10:29:55,,,
295805596,LT0Q8R4W45241,20260827HY_COT21:15_21-HNI Dong Anh 4 Hub_PU29912401,,100,27/08/2026 00:00:00,21/08/2026 00:20:05,28/08/2026 10:29:55,,,
295805595,LT0Q8R4W45231,20260827HY_COT21:15_21-HNI Phu Xuyen 3 Hub_PU29812401,,100,27/08/2026 00:00:00,21/08/2026 00:20:05,28/08/2026 10:29:55,,,
295805594,LT0Q8R4W45221,20260827HY_COT21:15_21-HNI Soc Son 3 Hub_PU29712401,,100,27/08/2026 00:00:00,21/08/2026 00:20:05,28/08/2026 10:29:54,,,
295805593,LT0Q8R4W45211,20260827HY_COT21:15_21-HNI Thuong Tin Hub_PU29612401,,100,27/08/2026 00:00:00,21/08/2026 00:20:05,28/08/2026 10:29:54,,,
295805592,LT0Q8R4W45201,20260827HY_COT21:15_20-HNI Dong Da 5 Hub_PU29312401,,100,27/08/2026 00:00:00,21/08/2026 00:20:05,28/08/2026 10:29:54,,,
295805591,LT0Q8R4W451Z1,20260827HY_COT21:15_21-HNI Dong Anh 5 Hub_PU29212401,,100,27/08/2026 00:00:00,21/08/2026 00:20:05,28/08/2026 10:29:54,,,
295805590,LT0Q8R4W451Y1,20260827HY_COT21:15_21-HNI Soc Son 2 Hub_PU29012401,,100,27/08/2026 00:00:00,21/08/2026 00:20:05,28/08/2026 10:29:54,,,
295805589,LT0Q8R4W451X1,20260827HY_COT21:15_21-HNI Thanh Tri Hub_PU28912401,,100,27/08/2026 00:00:00,21/08/2026 00:20:05,28/08/2026 10:29:54,,,
295805588,LT0Q8R4W451W1,20260827HY_COT21:15_21-HNI Phu Xuyen 2 Hub_PU28812401,,100,27/08/2026 00:00:00,21/08/2026 00:20:05,28/08/2026 10:29:54,,,
295805587,LT0Q8R4W451V1,20260827HY_COT21:15_21-HNI Me Linh 3 Hub_PU28712401,,100,27/08/2026 00:00:00,21/08/2026 00:20:05,28/08/2026 10:29:53,,,
295805586,LT0Q8R4W451U1,20260827HY_COT21:15_21-HNI Thuong Tin 2 Hub_PU28312401,,100,27/08/2026 00:00:00,21/08/2026 00:20:05,28/08/2026 10:29:53,,,
295805585,LT0Q8R4W451T1,20260827HY_COT21:15_20-HNI Dong Da Hub_PU28112401,,100,27/08/2026 00:00:00,21/08/2026 00:20:05,28/08/2026 10:29:53,,,
295805584,LT0Q8R4W451S1,20260827HY_COT21:15_21-HNI Dong Anh 3 Hub_PU27312401,,100,27/08/2026 00:00:00,21/08/2026 00:20:05,28/08/2026 10:29:53,,,
295805583,LT0Q8R4W451R1,20260827HY_COT21:15_21-HNI Ung Hoa 2 Hub_PU27212401,,100,27/08/2026 00:00:00,21/08/2026 00:20:05,28/08/2026 10:29:53,,,
295805582,LT0Q8R4W451Q1,20260827HY_COT21:15_21-HNI Thanh Tri 3 Hub_PU27012401,,100,27/08/2026 00:00:00,21/08/2026 00:20:05,28/08/2026 10:29:53,,,
295805581,LT0Q8R4W451P1,20260827HY_COT21:15_21-HNI Thanh Oai Hub_PU26712401,,100,27/08/2026 00:00:00,21/08/2026 00:20:05,28/08/2026 10:29:53,,,
295805580,LT0Q8R4W451O1,20260827HY_COT21:15_21-HNI Thanh Tri 7 Hub_PU26312401,,100,27/08/2026 00:00:00,21/08/2026 00:20:05,28/08/2026 10:29:53,,,
295805503,LT0Q8R4W44ZJ1,20260827HY_COT21:15_21-HNI Thanh Tri 2 Hub_PU2821201,,100,27/08/2026 00:00:00,21/08/2026 00:20:02,28/08/2026 10:29:52,,,
295805502,LT0Q8R4W44ZI1,20260827HY_COT21:15_20-HNI Hoang Mai 4 Hub_PU2761201,,100,27/08/2026 00:00:00,21/08/2026 00:20:02,28/08/2026 10:29:52,,,
295805501,LT0Q8R4W44ZH1,20260827HY_COT21:15_20-HNI Dong Da 7 Hub_PU2661201,,100,27/08/2026 00:00:00,21/08/2026 00:20:02,28/08/2026 10:29:52,,,
295805500,LT0Q8R4W44ZG1,20260827HY_COT21:15_20-HNI Hai Ba Trung Hub_PU2651201,,100,27/08/2026 00:00:00,21/08/2026 00:20:02,28/08/2026 10:29:52,,,
295805499,LT0Q8R4W44ZF1,20260827HY_COT21:15_20-HNI Hoan Kiem 2 Hub_PU2641201,,100,27/08/2026 00:00:00,21/08/2026 00:20:02,28/08/2026 10:29:52,,,
295805419,LT0Q8R4W44X71,20260827HY_COT21:15_20-HNI Dong Da 4 Hub_PU3031201,,100,27/08/2026 00:00:00,21/08/2026 00:20:00,28/08/2026 10:29:52,,,
295805418,LT0Q8R4W44X61,20260827HY_COT21:15_21-HNI Thanh Oai 2 Hub_PU3011201,,100,27/08/2026 00:00:00,21/08/2026 00:20:00,28/08/2026 10:29:52,,,
295805417,LT0Q8R4W44X51,20260827HY_COT21:15_21-HNI My Duc Hub_PU3001201,,100,27/08/2026 00:00:00,21/08/2026 00:20:00,28/08/2026 10:29:51,,,
295805416,LT0Q8R4W44X41,20260827HY_COT21:15_21-HNI Dong Anh 4 Hub_PU2991201,,100,27/08/2026 00:00:00,21/08/2026 00:20:00,28/08/2026 10:29:51,,,
295805415,LT0Q8R4W44X31,20260827HY_COT21:15_21-HNI Phu Xuyen 3 Hub_PU2981201,,100,27/08/2026 00:00:00,21/08/2026 00:20:00,28/08/2026 10:29:51,,,
295805414,LT0Q8R4W44X21,20260827HY_COT21:15_21-HNI Soc Son 3 Hub_PU2971201,,100,27/08/2026 00:00:00,21/08/2026 00:20:00,28/08/2026 10:29:51,,,
295805413,LT0Q8R4W44X11,20260827HY_COT21:15_21-HNI Thuong Tin Hub_PU2961201,,100,27/08/2026 00:00:00,21/08/2026 00:20:00,28/08/2026 10:29:51,,,
295805412,LT0Q8R4W44X01,20260827HY_COT21:15_20-HNI Dong Da 5 Hub_PU2931201,,100,27/08/2026 00:00:00,21/08/2026 00:20:00,28/08/2026 10:29:51,,,
295805411,LT0Q8R4W44WZ1,20260827HY_COT21:15_21-HNI Dong Anh 5 Hub_PU2921201,,100,27/08/2026 00:00:00,21/08/2026 00:20:00,28/08/2026 10:29:51,,,
295805410,LT0Q8R4W44WY1,20260827HY_COT21:15_21-HNI Soc Son 2 Hub_PU2901201,,100,27/08/2026 00:00:00,21/08/2026 00:20:00,28/08/2026 10:29:50,,,
295805409,LT0Q8R4W44WX1,20260827HY_COT21:15_21-HNI Thanh Tri Hub_PU2891201,,100,27/08/2026 00:00:00,21/08/2026 00:20:00,28/08/2026 10:29:50,,,
295805408,LT0Q8R4W44WW1,20260827HY_COT21:15_21-HNI Phu Xuyen 2 Hub_PU2881201,,100,27/08/2026 00:00:00,21/08/2026 00:20:00,28/08/2026 10:29:50,,,
295805407,LT0Q8R4W44WV1,20260827HY_COT21:15_21-HNI Me Linh 3 Hub_PU2871201,,100,27/08/2026 00:00:00,21/08/2026 00:20:00,28/08/2026 10:29:50,,,
295805406,LT0Q8R4W44WU1,20260827HY_COT21:15_21-HNI Thuong Tin 2 Hub_PU2831201,,100,27/08/2026 00:00:00,21/08/2026 00:20:00,28/08/2026 10:29:50,,,
295805405,LT0Q8R4W44WT1,20260827HY_COT21:15_20-HNI Dong Da Hub_PU2811201,,100,27/08/2026 00:00:00,21/08/2026 00:20:00,28/08/2026 10:29:50,,,
295805404,LT0Q8R4W44WS1,20260827HY_COT21:15_21-HNI Dong Anh 3 Hub_PU2731201,,100,27/08/2026 00:00:00,21/08/2026 00:20:00,28/08/2026 10:29:50,,,
295805403,LT0Q8R4W44WR1,20260827HY_COT21:15_21-HNI Ung Hoa 2 Hub_PU2721201,,100,27/08/2026 00:00:00,21/08/2026 00:20:00,28/08/2026 10:29:50,,,
295805402,LT0Q8R4W44WQ1,20260827HY_COT21:15_21-HNI Thanh Tri 3 Hub_PU2701201,,100,27/08/2026 00:00:00,21/08/2026 00:20:00,28/08/2026 10:29:49,,,
295805401,LT0Q8R4W44WP1,20260827HY_COT21:15_21-HNI Thanh Oai Hub_PU2671201,,100,27/08/2026 00:00:00,21/08/2026 00:20:00,28/08/2026 10:29:49,,,
295805323,LT0Q8R4W44UJ1,20260827HY_COT21:15_21-HNI Thanh Tri 2 Hub_PU282101,,100,27/08/2026 00:00:00,21/08/2026 00:19:58,28/08/2026 10:29:49,,,
295805322,LT0Q8R4W44UI1,20260827HY_COT21:15_20-HNI Hoang Mai 4 Hub_PU276101,,100,27/08/2026 00:00:00,21/08/2026 00:19:58,28/08/2026 10:29:49,,,
295805321,LT0Q8R4W44UH1,20260827HY_COT21:15_20-HNI Dong Da 7 Hub_PU266101,,100,27/08/2026 00:00:00,21/08/2026 00:19:58,28/08/2026 10:29:49,,,
295805320,LT0Q8R4W44UG1,20260827HY_COT21:15_20-HNI Hai Ba Trung Hub_PU265101,,100,27/08/2026 00:00:00,21/08/2026 00:19:58,28/08/2026 10:29:49,,,
295805319,LT0Q8R4W44UF1,20260827HY_COT21:15_20-HNI Hoan Kiem 2 Hub_PU264101,,100,27/08/2026 00:00:00,21/08/2026 00:19:58,28/08/2026 10:29:49,,,
295805239,LT0Q8R4W44S71,20260827HY_COT21:15_20-HNI Dong Da 4 Hub_PU303101,,100,27/08/2026 00:00:00,21/08/2026 00:19:56,28/08/2026 10:29:48,,,
295805238,LT0Q8R4W44S61,20260827HY_COT21:15_21-HNI Thanh Oai 2 Hub_PU301101,,100,27/08/2026 00:00:00,21/08/2026 00:19:56,28/08/2026 10:29:48,,,
295805237,LT0Q8R4W44S51,20260827HY_COT21:15_21-HNI My Duc Hub_PU300101,,100,27/08/2026 00:00:00,21/08/2026 00:19:56,28/08/2026 10:29:48,,,
295805236,LT0Q8R4W44S41,20260827HY_COT21:15_21-HNI Dong Anh 4 Hub_PU299101,,100,27/08/2026 00:00:00,21/08/2026 00:19:56,28/08/2026 10:29:48,,,
295805235,LT0Q8R4W44S31,20260827HY_COT21:15_21-HNI Phu Xuyen 3 Hub_PU298101,,100,27/08/2026 00:00:00,21/08/2026 00:19:56,28/08/2026 10:29:48,,,
295805234,LT0Q8R4W44S21,20260827HY_COT21:15_21-HNI Soc Son 3 Hub_PU297101,,100,27/08/2026 00:00:00,21/08/2026 00:19:56,28/08/2026 10:29:48,,,
295805233,LT0Q8R4W44S11,20260827HY_COT21:15_21-HNI Thuong Tin Hub_PU296101,,100,27/08/2026 00:00:00,21/08/2026 00:19:56,28/08/2026 10:29:48,,,
295805232,LT0Q8R4W44S01,20260827HY_COT21:15_20-HNI Dong Da 5 Hub_PU293101,,100,27/08/2026 00:00:00,21/08/2026 00:19:56,28/08/2026 10:29:48,,,
295805231,LT0Q8R4W44RZ1,20260827HY_COT21:15_21-HNI Dong Anh 5 Hub_PU292101,,100,27/08/2026 00:00:00,21/08/2026 00:19:56,28/08/2026 10:29:47,,,
295805230,LT0Q8R4W44RY1,20260827HY_COT21:15_21-HNI Soc Son 2 Hub_PU290101,,100,27/08/2026 00:00:00,21/08/2026 00:19:56,28/08/2026 10:29:47,,,
295805229,LT0Q8R4W44RX1,20260827HY_COT21:15_21-HNI Thanh Tri Hub_PU289101,,100,27/08/2026 00:00:00,21/08/2026 00:19:56,28/08/2026 10:29:47,,,
295805228,LT0Q8R4W44RW1,20260827HY_COT21:15_21-HNI Phu Xuyen 2 Hub_PU288101,,100,27/08/2026 00:00:00,21/08/2026 00:19:56,28/08/2026 10:29:47,,,
295805227,LT0Q8R4W44RV1,20260827HY_COT21:15_21-HNI Me Linh 3 Hub_PU287101,,100,27/08/2026 00:00:00,21/08/2026 00:19:56,28/08/2026 10:29:47,,,
295805226,LT0Q8R4W44RU1,20260827HY_COT21:15_21-HNI Thuong Tin 2 Hub_PU283101,,100,27/08/2026 00:00:00,21/08/2026 00:19:56,28/08/2026 10:29:47,,,
295805225,LT0Q8R4W44RT1,20260827HY_COT21:15_20-HNI Dong Da Hub_PU281101,,100,27/08/2026 00:00:00,21/08/2026 00:19:56,28/08/2026 10:29:47,,,
295805224,LT0Q8R4W44RS1,20260827HY_COT21:15_21-HNI Dong Anh 3 Hub_PU273101,,100,27/08/2026 00:00:00,21/08/2026 00:19:56,28/08/2026 10:29:46,,,
295805223,LT0Q8R4W44RR1,20260827HY_COT21:15_21-HNI Ung Hoa 2 Hub_PU272101,,100,27/08/2026 00:00:00,21/08/2026 00:19:56,28/08/2026 10:29:46,,,
295805222,LT0Q8R4W44RQ1,20260827HY_COT21:15_21-HNI Thanh Tri 3 Hub_PU270101,,100,27/08/2026 00:00:00,21/08/2026 00:19:56,28/08/2026 10:29:46,,,
295805221,LT0Q8R4W44RP1,20260827HY_COT21:15_21-HNI Thanh Oai Hub_PU267101,,100,27/08/2026 00:00:00,21/08/2026 00:19:56,28/08/2026 10:29:46,,,
295805220,LT0Q8R4W44RO1,20260827HY_COT21:15_21-HNI Thanh Tri 7 Hub_PU263101,,100,27/08/2026 00:00:00,21/08/2026 00:19:56,28/08/2026 10:29:46,,,
295805143,LT0Q8R4W44PJ1,20260827HY_COT21:15_21-HNI Thanh Tri 2 Hub_PU28201,,100,27/08/2026 00:00:00,21/08/2026 00:19:54,28/08/2026 10:29:46,,,
295805142,LT0Q8R4W44PI1,20260827HY_COT21:15_20-HNI Hoang Mai 4 Hub_PU27601,,100,27/08/2026 00:00:00,21/08/2026 00:19:54,28/08/2026 10:29:46,,,
295805141,LT0Q8R4W44PH1,20260827HY_COT21:15_20-HNI Dong Da 7 Hub_PU26601,,100,27/08/2026 00:00:00,21/08/2026 00:19:54,28/08/2026 10:29:46,,,
295805140,LT0Q8R4W44PG1,20260827HY_COT21:15_20-HNI Hai Ba Trung Hub_PU26501,,100,27/08/2026 00:00:00,21/08/2026 00:19:54,28/08/2026 10:29:45,,,
295805139,LT0Q8R4W44PF1,20260827HY_COT21:15_20-HNI Hoan Kiem 2 Hub_PU26401,,100,27/08/2026 00:00:00,21/08/2026 00:19:54,28/08/2026 10:29:45,,,
295805059,LT0Q8R4W44N71,20260827HY_COT21:15_20-HNI Dong Da 4 Hub_PU30301,,100,27/08/2026 00:00:00,21/08/2026 00:19:52,28/08/2026 10:29:45,,,
295805058,LT0Q8R4W44N61,20260827HY_COT21:15_21-HNI Thanh Oai 2 Hub_PU30101,,100,27/08/2026 00:00:00,21/08/2026 00:19:52,28/08/2026 10:29:45,,,
295805057,LT0Q8R4W44N51,20260827HY_COT21:15_21-HNI My Duc Hub_PU30001,,100,27/08/2026 00:00:00,21/08/2026 00:19:52,28/08/2026 10:29:45,,,
295805056,LT0Q8R4W44N41,20260827HY_COT21:15_21-HNI Dong Anh 4 Hub_PU29901,,100,27/08/2026 00:00:00,21/08/2026 00:19:52,28/08/2026 10:29:45,,,
295805055,LT0Q8R4W44N31,20260827HY_COT21:15_21-HNI Phu Xuyen 3 Hub_PU29801,,100,27/08/2026 00:00:00,21/08/2026 00:19:52,28/08/2026 10:29:45,,,
295805054,LT0Q8R4W44N21,20260827HY_COT21:15_21-HNI Soc Son 3 Hub_PU29701,,100,27/08/2026 00:00:00,21/08/2026 00:19:52,28/08/2026 10:29:44,,,
295805053,LT0Q8R4W44N11,20260827HY_COT21:15_21-HNI Thuong Tin Hub_PU29601,,100,27/08/2026 00:00:00,21/08/2026 00:19:52,28/08/2026 10:29:44,,,
295805052,LT0Q8R4W44N01,20260827HY_COT21:15_20-HNI Dong Da 5 Hub_PU29301,,100,27/08/2026 00:00:00,21/08/2026 00:19:52,28/08/2026 10:29:44,,,
295805051,LT0Q8R4W44MZ1,20260827HY_COT21:15_21-HNI Dong Anh 5 Hub_PU29201,,100,27/08/2026 00:00:00,21/08/2026 00:19:52,28/08/2026 10:29:44,,,
295805050,LT0Q8R4W44MY1,20260827HY_COT21:15_21-HNI Soc Son 2 Hub_PU29001,,100,27/08/2026 00:00:00,21/08/2026 00:19:52,28/08/2026 10:29:44,,,
295805049,LT0Q8R4W44MX1,20260827HY_COT21:15_21-HNI Thanh Tri Hub_PU28901,,100,27/08/2026 00:00:00,21/08/2026 00:19:52,28/08/2026 10:29:44,,,
295805048,LT0Q8R4W44MW1,20260827HY_COT21:15_21-HNI Phu Xuyen 2 Hub_PU28801,,100,27/08/2026 00:00:00,21/08/2026 00:19:52,28/08/2026 10:29:44,,,
295805047,LT0Q8R4W44MV1,20260827HY_COT21:15_21-HNI Me Linh 3 Hub_PU28701,,100,27/08/2026 00:00:00,21/08/2026 00:19:52,28/08/2026 10:29:44,,,
295805046,LT0Q8R4W44MU1,20260827HY_COT21:15_21-HNI Thuong Tin 2 Hub_PU28301,,100,27/08/2026 00:00:00,21/08/2026 00:19:52,28/08/2026 10:29:43,,,
295805045,LT0Q8R4W44MT1,20260827HY_COT21:15_20-HNI Dong Da Hub_PU28101,,100,27/08/2026 00:00:00,21/08/2026 00:19:52,28/08/2026 10:29:43,,,
295805044,LT0Q8R4W44MS1,20260827HY_COT21:15_21-HNI Dong Anh 3 Hub_PU27301,,100,27/08/2026 00:00:00,21/08/2026 00:19:52,28/08/2026 10:29:43,,,
295805043,LT0Q8R4W44MR1,20260827HY_COT21:15_21-HNI Ung Hoa 2 Hub_PU27201,,100,27/08/2026 00:00:00,21/08/2026 00:19:52,28/08/2026 10:29:43,,,
295805042,LT0Q8R4W44MQ1,20260827HY_COT21:15_21-HNI Thanh Tri 3 Hub_PU27001,,100,27/08/2026 00:00:00,21/08/2026 00:19:51,28/08/2026 10:29:43,,,
295805040,LT0Q8R4W44MO1,20260827HY_COT21:15_21-HNI Thanh Tri 7 Hub_PU26301,,100,27/08/2026 00:00:00,21/08/2026 00:19:51,28/08/2026 10:29:43,,,
295804956,LT0Q8R4W44KC1,20260827HY_COT21:15_20-HNI Hoang Mai 3 Hub_PU33112401,,100,27/08/2026 00:00:00,21/08/2026 00:19:49,28/08/2026 10:29:43,,,
295804955,LT0Q8R4W44KB1,20260827HY_COT21:15_21-HNI Gia Lam Hub_PU33012401,,100,27/08/2026 00:00:00,21/08/2026 00:19:49,28/08/2026 10:29:43,,,
295804927,LT0Q8R4W44JJ1,20260827HY_COT13:15_20-HNI Hoang Mai Hub_PU28612401,,100,27/08/2026 00:00:00,21/08/2026 00:19:49,28/08/2026 02:09:18,,,
295804926,LT0Q8R4W44JI1,20260827HY_COT21:15_21-HNI Gia Lam 3 Hub_PU28512401,,100,27/08/2026 00:00:00,21/08/2026 00:19:49,28/08/2026 10:29:42,,,
295804925,LT0Q8R4W44JH1,20260827HY_COT13:15_21-HNI Gia Lam 3 Hub_PU28512401,,100,27/08/2026 00:00:00,21/08/2026 00:19:49,28/08/2026 02:09:18,,,
295804924,LT0Q8R4W44JG1,20260827HY_COT13:15_21-HNI Thanh Tri 2 Hub_PU28212401,,100,27/08/2026 00:00:00,21/08/2026 00:19:49,28/08/2026 02:09:18,,,
295804923,LT0Q8R4W44JF1,20260827HY_COT13:15_21-HNI Gia Lam 8 Hub_PU28012401,,100,27/08/2026 00:00:00,21/08/2026 00:19:49,28/08/2026 02:09:18,,,
295804922,LT0Q8R4W44JE1,20260827HY_COT21:15_21-HNI Gia Lam 8 Hub_PU28012401,,100,27/08/2026 00:00:00,21/08/2026 00:19:49,28/08/2026 10:29:42,,,
295804921,LT0Q8R4W44JD1,20260827HY_COT21:15_20-HNI Long Bien 4 Hub_PU27812401,,100,27/08/2026 00:00:00,21/08/2026 00:19:49,28/08/2026 10:29:42,,,
295804920,LT0Q8R4W44JC1,20260827HY_COT13:15_20-HNI Long Bien 4 Hub_PU27812401,,100,27/08/2026 00:00:00,21/08/2026 00:19:49,28/08/2026 02:09:18,,,
295804919,LT0Q8R4W44JB1,20260827HY_COT13:15_20-HNI Hoang Mai 2 Hub_PU27712401,,100,27/08/2026 00:00:00,21/08/2026 00:19:49,28/08/2026 02:09:18,,,
295804918,LT0Q8R4W44JA1,20260827HY_COT21:15_20-HNI Hoang Mai 2 Hub_PU27712401,,100,27/08/2026 00:00:00,21/08/2026 00:19:48,28/08/2026 10:29:42,,,
295804917,LT0Q8R4W44J91,20260827HY_COT13:15_20-HNI Hoang Mai 4 Hub_PU27612401,,100,27/08/2026 00:00:00,21/08/2026 00:19:48,28/08/2026 02:09:18,,,
295804916,LT0Q8R4W44J81,20260827HY_COT21:15_20-HNI Hoang Mai 2 Hub_PU27512401,,100,27/08/2026 00:00:00,21/08/2026 00:19:48,28/08/2026 10:29:42,,,
295804914,LT0Q8R4W44J61,20260827HY_COT21:15_20-HNI Hoang Mai 7 Hub_PU27112401,,100,27/08/2026 00:00:00,21/08/2026 00:19:48,28/08/2026 10:29:42,,,
295804913,LT0Q8R4W44J51,20260827HY_COT13:15_20-HNI Hoang Mai 7 Hub_PU27112401,,100,27/08/2026 00:00:00,21/08/2026 00:19:48,28/08/2026 02:09:17,,,
295804912,LT0Q8R4W44J41,20260827HY_COT21:15_21-HNI Gia Lam 2 Hub_PU26912401,,100,27/08/2026 00:00:00,21/08/2026 00:19:48,28/08/2026 10:29:42,,,
295804911,LT0Q8R4W44J31,20260827HY_COT13:15_21-HNI Gia Lam 2 Hub_PU26912401,,100,27/08/2026 00:00:00,21/08/2026 00:19:48,28/08/2026 02:09:17,,,
295804910,LT0Q8R4W44J21,20260827HY_COT21:30_21-HNI Gia Lam 6 Hub_PU26812401,,100,27/08/2026 00:00:00,21/08/2026 00:19:48,28/08/2026 10:29:41,,,
295804909,LT0Q8R4W44J11,20260827HY_COT14:00_21-HNI Gia Lam 6 Hub_PU26812401,,100,27/08/2026 00:00:00,21/08/2026 00:19:48,28/08/2026 03:05:48,,,
295804908,LT0Q8R4W44J01,20260827HY_COT13:15_20-HNI Dong Da 7 Hub_PU26612401,,100,27/08/2026 00:00:00,21/08/2026 00:19:48,28/08/2026 02:09:17,,,
295804907,LT0Q8R4W44IZ1,20260827HY_COT13:15_20-HNI Hai Ba Trung Hub_PU26512401,,100,27/08/2026 00:00:00,21/08/2026 00:19:48,28/08/2026 02:09:17,,,
295804906,LT0Q8R4W44IY1,20260827HY_COT13:15_20-HNI Hoan Kiem 2 Hub_PU26412401,,100,27/08/2026 00:00:00,21/08/2026 00:19:48,28/08/2026 02:09:17,,,
295804699,LT0Q8R4W44D71,20260827HY_COT13:15_21-HNI Thuong Tin 3 Hub_PU30312401,,100,27/08/2026 00:00:00,21/08/2026 00:19:43,28/08/2026 02:09:05,,,
295804698,LT0Q8R4W44D61,20260827HY_COT21:15_20-HNI Hai Ba Trung 3 Hub_PU30212401,,100,27/08/2026 00:00:00,21/08/2026 00:19:43,28/08/2026 10:29:41,,,
295804697,LT0Q8R4W44D51,20260827HY_COT13:15_20-HNI Hai Ba Trung 3 Hub_PU30212401,,100,27/08/2026 00:00:00,21/08/2026 00:19:43,28/08/2026 02:09:04,,,
295804696,LT0Q8R4W44D41,20260827HY_COT13:15_21-HNI Thanh Oai 4 Hub_PU30112401,,100,27/08/2026 00:00:00,21/08/2026 00:19:43,28/08/2026 02:09:04,,,
295804695,LT0Q8R4W44D31,20260827HY_COT13:15_20-HNI Hai Ba Trung 5 Hub_PU30012401,,100,27/08/2026 00:00:00,21/08/2026 00:19:43,28/08/2026 02:09:04,,,
295804694,LT0Q8R4W44D21,20260827HY_COT13:15_21-HNI Dong Anh 4 Hub_PU29912401,,100,27/08/2026 00:00:00,21/08/2026 00:19:43,28/08/2026 02:09:04,,,
295804693,LT0Q8R4W44D11,20260827HY_COT13:15_21-HNI Phu Xuyen 4 Hub_PU29812401,,100,27/08/2026 00:00:00,21/08/2026 00:19:43,28/08/2026 02:09:04,,,
295804692,LT0Q8R4W44D01,20260827HY_COT13:15_21-HNI Soc Son 2 Hub_PU29712401,,100,27/08/2026 00:00:00,21/08/2026 00:19:43,28/08/2026 02:09:04,,,
295804691,LT0Q8R4W44CZ1,20260827HY_COT13:15_21-HNI Thanh Tri 5 Hub_PU29612401,,100,27/08/2026 00:00:00,21/08/2026 00:19:43,28/08/2026 02:09:04,,,
295804690,LT0Q8R4W44CY1,20260827HY_COT21:15_20-HNI Hai Ba Trung 8 Hub_PU29512401,,100,27/08/2026 00:00:00,21/08/2026 00:19:43,28/08/2026 10:29:41,,,
295804689,LT0Q8R4W44CX1,20260827HY_COT13:15_20-HNI Hai Ba Trung 8 Hub_PU29512401,,100,27/08/2026 00:00:00,21/08/2026 00:19:43,28/08/2026 02:09:04,,,
295804688,LT0Q8R4W44CW1,20260827HY_COT13:15_20-HNI Dong Da 5 Hub_PU29312401,,100,27/08/2026 00:00:00,21/08/2026 00:19:43,28/08/2026 02:09:03,,,
295804687,LT0Q8R4W44CV1,20260827HY_COT13:15_21-HNI Dong Anh 5 Hub_PU29212401,,100,27/08/2026 00:00:00,21/08/2026 00:19:43,28/08/2026 02:09:03,,,
295804686,LT0Q8R4W44CU1,20260827HY_COT13:15_20-HNI Dong Da 4 Hub_PU29112401,,100,27/08/2026 00:00:00,21/08/2026 00:19:43,28/08/2026 02:09:03,,,
295804685,LT0Q8R4W44CT1,20260827HY_COT21:15_20-HNI Hai Ba Trung 5 Hub_PU29112401,,100,27/08/2026 00:00:00,21/08/2026 00:19:43,28/08/2026 10:29:41,,,
295804684,LT0Q8R4W44CS1,20260827HY_COT13:15_21-HNI Soc Son 3 Hub_PU29012401,,100,27/08/2026 00:00:00,21/08/2026 00:19:43,28/08/2026 02:09:03,,,
295804683,LT0Q8R4W44CR1,20260827HY_COT13:15_21-HNI My Duc 2 Hub_PU28912401,,100,27/08/2026 00:00:00,21/08/2026 00:19:43,28/08/2026 02:09:03,,,
295804682,LT0Q8R4W44CQ1,20260827HY_COT13:15_21-HNI Phu Xuyen Hub_PU28812401,,100,27/08/2026 00:00:00,21/08/2026 00:19:43,28/08/2026 02:09:03,,,
295804681,LT0Q8R4W44CP1,20260827HY_COT13:15_21-HNI Me Linh 3 Hub_PU28712401,,100,27/08/2026 00:00:00,21/08/2026 00:19:43,28/08/2026 02:09:03,,,
295804680,LT0Q8R4W44CO1,20260827HY_COT13:15_20-HNI Long Bien 3 Hub_PU28412401,,100,27/08/2026 00:00:00,21/08/2026 00:19:43,28/08/2026 02:09:03,,,
295804679,LT0Q8R4W44CN1,20260827HY_COT21:15_20-HNI Long Bien 3 Hub_PU28412401,,100,27/08/2026 00:00:00,21/08/2026 00:19:43,28/08/2026 10:29:41,,,
295804678,LT0Q8R4W44CM1,20260827HY_COT13:15_21-HNI Thuong Tin 2 Hub_PU28312401,,100,27/08/2026 00:00:00,21/08/2026 00:19:43,28/08/2026 02:09:02,,,
295804677,LT0Q8R4W44CL1,20260827HY_COT13:15_20-HNI Dong Da Hub_PU28112401,,100,27/08/2026 00:00:00,21/08/2026 00:19:43,28/08/2026 02:09:02,,,
295804676,LT0Q8R4W44CK1,20260827HY_COT21:15_20-HNI Long Bien Hub_PU27912401,,100,27/08/2026 00:00:00,21/08/2026 00:19:43,28/08/2026 10:29:41,,,
295804675,LT0Q8R4W44CJ1,20260827HY_COT13:15_20-HNI Long Bien Hub_PU27912401,,100,27/08/2026 00:00:00,21/08/2026 00:19:43,28/08/2026 02:09:02,,,
295804674,LT0Q8R4W44CI1,20260827HY_COT13:15_21-HNI Dong Anh 3 Hub_PU27312401,,100,27/08/2026 00:00:00,21/08/2026 00:19:43,28/08/2026 02:09:02,,,
295804673,LT0Q8R4W44CH1,20260827HY_COT13:15_21-HNI Ung Hoa 2 Hub_PU27212401,,100,27/08/2026 00:00:00,21/08/2026 00:19:43,28/08/2026 02:09:02,,,
295804672,LT0Q8R4W44CG1,20260827HY_COT13:15_21-HNI Thanh Tri 3 Hub_PU27012401,,100,27/08/2026 00:00:00,21/08/2026 00:19:43,28/08/2026 02:09:02,,,
295804671,LT0Q8R4W44CF1,20260827HY_COT13:15_21-HNI Thanh Oai Hub_PU26712401,,100,27/08/2026 00:00:00,21/08/2026 00:19:43,28/08/2026 02:09:02,,,
295804670,LT0Q8R4W44CE1,20260827HY_COT13:15_21-HNI Thanh Tri 7 Hub_PU26312401,,100,27/08/2026 00:00:00,21/08/2026 00:19:43,28/08/2026 02:09:02,,,
295804669,LT0Q8R4W44CD1,20260827HY_COT21:15_20-HNI Ba Dinh 2 Hub_PU26212401,,100,27/08/2026 00:00:00,21/08/2026 00:19:43,28/08/2026 10:29:41,,,
295804668,LT0Q8R4W44CC1,20260827HY_COT13:15_20-HNI Ba Dinh 2 Hub_PU26212401,,100,27/08/2026 00:00:00,21/08/2026 00:19:43,28/08/2026 02:09:02,,,
295804455,LT0Q8R4W446F1,20260827HY_COT21:15_20-HNI Hoang Mai 3 Hub_PU3311201,,100,27/08/2026 00:00:00,21/08/2026 00:19:38,28/08/2026 10:29:40,,,
295804454,LT0Q8R4W446E1,20260827HY_COT21:15_21-HNI Gia Lam Hub_PU3301201,,100,27/08/2026 00:00:00,21/08/2026 00:19:38,28/08/2026 10:29:40,,,
295804427,LT0Q8R4W445N1,20260827HY_COT21:15_20-HNI Hoang Mai Hub_PU2861201,,100,27/08/2026 00:00:00,21/08/2026 00:19:37,28/08/2026 10:29:40,,,
295804426,LT0Q8R4W445M1,20260827HY_COT13:15_20-HNI Hoang Mai Hub_PU2861201,,100,27/08/2026 00:00:00,21/08/2026 00:19:37,28/08/2026 02:08:51,,,
295804425,LT0Q8R4W445L1,20260827HY_COT21:15_21-HNI Gia Lam 3 Hub_PU2851201,,100,27/08/2026 00:00:00,21/08/2026 00:19:37,28/08/2026 10:29:40,,,
295804424,LT0Q8R4W445K1,20260827HY_COT13:15_21-HNI Gia Lam 3 Hub_PU2851201,,100,27/08/2026 00:00:00,21/08/2026 00:19:37,28/08/2026 02:08:50,,,
295804423,LT0Q8R4W445J1,20260827HY_COT13:15_21-HNI Thanh Tri 2 Hub_PU2821201,,100,27/08/2026 00:00:00,21/08/2026 00:19:37,28/08/2026 02:08:50,,,
295804422,LT0Q8R4W445I1,20260827HY_COT13:15_21-HNI Gia Lam 8 Hub_PU2801201,,100,27/08/2026 00:00:00,21/08/2026 00:19:37,28/08/2026 02:08:50,,,
295804421,LT0Q8R4W445H1,20260827HY_COT21:15_21-HNI Gia Lam 8 Hub_PU2801201,,100,27/08/2026 00:00:00,21/08/2026 00:19:37,28/08/2026 10:29:40,,,
295804420,LT0Q8R4W445G1,20260827HY_COT21:15_20-HNI Long Bien 4 Hub_PU2781201,,100,27/08/2026 00:00:00,21/08/2026 00:19:37,28/08/2026 10:29:40,,,
295804419,LT0Q8R4W445F1,20260827HY_COT13:15_20-HNI Long Bien 4 Hub_PU2781201,,100,27/08/2026 00:00:00,21/08/2026 00:19:37,28/08/2026 02:08:50,,,
295804418,LT0Q8R4W445E1,20260827HY_COT13:15_20-HNI Hoang Mai 2 Hub_PU2771201,,100,27/08/2026 00:00:00,21/08/2026 00:19:37,28/08/2026 02:08:50,,,
295804417,LT0Q8R4W445D1,20260827HY_COT21:15_20-HNI Hoang Mai 2 Hub_PU2771201,,100,27/08/2026 00:00:00,21/08/2026 00:19:37,28/08/2026 10:29:40,,,
295804416,LT0Q8R4W445C1,20260827HY_COT13:15_20-HNI Hoang Mai 4 Hub_PU2761201,,100,27/08/2026 00:00:00,21/08/2026 00:19:37,28/08/2026 02:08:50,,,
295804415,LT0Q8R4W445B1,20260827HY_COT21:15_20-HNI Hoang Mai 2 Hub_PU2751201,,100,27/08/2026 00:00:00,21/08/2026 00:19:37,28/08/2026 10:29:40,,,
295804414,LT0Q8R4W445A1,20260827HY_COT13:15_21-HNI Gia Lam Hub_PU2751201,,100,27/08/2026 00:00:00,21/08/2026 00:19:37,28/08/2026 02:08:50,,,
295804413,LT0Q8R4W44591,20260827HY_COT21:15_20-HNI Hoang Mai 7 Hub_PU2711201,,100,27/08/2026 00:00:00,21/08/2026 00:19:37,28/08/2026 10:29:39,,,
295804412,LT0Q8R4W44581,20260827HY_COT13:15_20-HNI Hoang Mai 7 Hub_PU2711201,,100,27/08/2026 00:00:00,21/08/2026 00:19:37,28/08/2026 02:08:50,,,
295804411,LT0Q8R4W44571,20260827HY_COT21:15_21-HNI Gia Lam 2 Hub_PU2691201,,100,27/08/2026 00:00:00,21/08/2026 00:19:37,28/08/2026 10:29:39,,,
295804410,LT0Q8R4W44561,20260827HY_COT13:15_21-HNI Gia Lam 2 Hub_PU2691201,,100,27/08/2026 00:00:00,21/08/2026 00:19:37,28/08/2026 02:08:49,,,
295804409,LT0Q8R4W44551,20260827HY_COT21:30_21-HNI Gia Lam 6 Hub_PU2681201,,100,27/08/2026 00:00:00,21/08/2026 00:19:37,28/08/2026 10:29:39,,,
295804408,LT0Q8R4W44541,20260827HY_COT14:00_21-HNI Gia Lam 6 Hub_PU2681201,,100,27/08/2026 00:00:00,21/08/2026 00:19:37,28/08/2026 03:05:47,,,
295804407,LT0Q8R4W44531,20260827HY_COT13:15_20-HNI Dong Da 7 Hub_PU2661201,,100,27/08/2026 00:00:00,21/08/2026 00:19:37,28/08/2026 02:08:49,,,
295804406,LT0Q8R4W44521,20260827HY_COT13:15_20-HNI Hai Ba Trung Hub_PU2651201,,100,27/08/2026 00:00:00,21/08/2026 00:19:37,28/08/2026 02:08:49,,,
295804405,LT0Q8R4W44511,20260827HY_COT13:15_20-HNI Hoan Kiem 2 Hub_PU2641201,,100,27/08/2026 00:00:00,21/08/2026 00:19:37,28/08/2026 02:08:49,,,
295804198,LT0Q8R4W43ZA1,20260827HY_COT13:15_21-HNI Thuong Tin 3 Hub_PU3031201,,100,27/08/2026 00:00:00,21/08/2026 00:19:31,28/08/2026 02:08:38,,,
295804197,LT0Q8R4W43Z91,20260827HY_COT21:15_20-HNI Hai Ba Trung 3 Hub_PU3021201,,100,27/08/2026 00:00:00,21/08/2026 00:19:31,28/08/2026 10:29:39,,,
295804196,LT0Q8R4W43Z81,20260827HY_COT13:15_20-HNI Hai Ba Trung 3 Hub_PU3021201,,100,27/08/2026 00:00:00,21/08/2026 00:19:31,28/08/2026 02:08:37,,,
295804195,LT0Q8R4W43Z71,20260827HY_COT13:15_21-HNI Thanh Oai 4 Hub_PU3011201,,100,27/08/2026 00:00:00,21/08/2026 00:19:31,28/08/2026 02:08:37,,,
295804194,LT0Q8R4W43Z61,20260827HY_COT13:15_20-HNI Hai Ba Trung 5 Hub_PU3001201,,100,27/08/2026 00:00:00,21/08/2026 00:19:31,28/08/2026 02:08:37,,,
295804193,LT0Q8R4W43Z51,20260827HY_COT13:15_21-HNI Dong Anh 4 Hub_PU2991201,,100,27/08/2026 00:00:00,21/08/2026 00:19:31,28/08/2026 02:08:37,,,
295804192,LT0Q8R4W43Z41,20260827HY_COT13:15_21-HNI Phu Xuyen 4 Hub_PU2981201,,100,27/08/2026 00:00:00,21/08/2026 00:19:31,28/08/2026 02:08:37,,,
295804191,LT0Q8R4W43Z31,20260827HY_COT13:15_21-HNI Soc Son 2 Hub_PU2971201,,100,27/08/2026 00:00:00,21/08/2026 00:19:31,28/08/2026 02:08:37,,,
295804190,LT0Q8R4W43Z21,20260827HY_COT13:15_21-HNI Thanh Tri 5 Hub_PU2961201,,100,27/08/2026 00:00:00,21/08/2026 00:19:31,28/08/2026 02:08:37,,,
295804189,LT0Q8R4W43Z11,20260827HY_COT21:15_20-HNI Hai Ba Trung 8 Hub_PU2951201,,100,27/08/2026 00:00:00,21/08/2026 00:19:31,28/08/2026 10:29:39,,,
295804188,LT0Q8R4W43Z01,20260827HY_COT13:15_20-HNI Hai Ba Trung 8 Hub_PU2951201,,100,27/08/2026 00:00:00,21/08/2026 00:19:31,28/08/2026 02:08:37,,,
295804187,LT0Q8R4W43YZ1,20260827HY_COT13:15_20-HNI Dong Da 5 Hub_PU2931201,,100,27/08/2026 00:00:00,21/08/2026 00:19:31,28/08/2026 02:08:36,,,
295804186,LT0Q8R4W43YY1,20260827HY_COT13:15_21-HNI Dong Anh 5 Hub_PU2921201,,100,27/08/2026 00:00:00,21/08/2026 00:19:31,28/08/2026 02:08:36,,,
295804185,LT0Q8R4W43YX1,20260827HY_COT13:15_20-HNI Dong Da 4 Hub_PU2911201,,100,27/08/2026 00:00:00,21/08/2026 00:19:31,28/08/2026 02:08:36,,,
295804184,LT0Q8R4W43YW1,20260827HY_COT21:15_20-HNI Hai Ba Trung 5 Hub_PU2911201,,100,27/08/2026 00:00:00,21/08/2026 00:19:31,28/08/2026 10:29:39,,,
295804183,LT0Q8R4W43YV1,20260827HY_COT13:15_21-HNI Soc Son 3 Hub_PU2901201,,100,27/08/2026 00:00:00,21/08/2026 00:19:31,28/08/2026 02:08:36,,,
295804182,LT0Q8R4W43YU1,20260827HY_COT13:15_21-HNI My Duc 2 Hub_PU2891201,,100,27/08/2026 00:00:00,21/08/2026 00:19:31,28/08/2026 02:08:36,,,
295804181,LT0Q8R4W43YT1,20260827HY_COT13:15_21-HNI Phu Xuyen Hub_PU2881201,,100,27/08/2026 00:00:00,21/08/2026 00:19:31,28/08/2026 02:08:36,,,
295804180,LT0Q8R4W43YS1,20260827HY_COT13:15_21-HNI Me Linh 3 Hub_PU2871201,,100,27/08/2026 00:00:00,21/08/2026 00:19:31,28/08/2026 02:08:36,,,
295804179,LT0Q8R4W43YR1,20260827HY_COT13:15_20-HNI Long Bien 3 Hub_PU2841201,,100,27/08/2026 00:00:00,21/08/2026 00:19:31,28/08/2026 02:08:35,,,
295804178,LT0Q8R4W43YQ1,20260827HY_COT21:15_20-HNI Long Bien 3 Hub_PU2841201,,100,27/08/2026 00:00:00,21/08/2026 00:19:31,28/08/2026 10:29:39,,,
295804177,LT0Q8R4W43YP1,20260827HY_COT13:15_21-HNI Thuong Tin 2 Hub_PU2831201,,100,27/08/2026 00:00:00,21/08/2026 00:19:31,28/08/2026 02:08:35,,,
295804176,LT0Q8R4W43YO1,20260827HY_COT13:15_20-HNI Dong Da Hub_PU2811201,,100,27/08/2026 00:00:00,21/08/2026 00:19:31,28/08/2026 02:08:35,,,
295804175,LT0Q8R4W43YN1,20260827HY_COT21:15_20-HNI Long Bien Hub_PU2791201,,100,27/08/2026 00:00:00,21/08/2026 00:19:31,28/08/2026 10:29:39,,,
295804174,LT0Q8R4W43YM1,20260827HY_COT13:15_20-HNI Long Bien Hub_PU2791201,,100,27/08/2026 00:00:00,21/08/2026 00:19:31,28/08/2026 02:08:35,,,
295804173,LT0Q8R4W43YL1,20260827HY_COT13:15_21-HNI Dong Anh 3 Hub_PU2731201,,100,27/08/2026 00:00:00,21/08/2026 00:19:31,28/08/2026 02:08:35,,,
295804172,LT0Q8R4W43YK1,20260827HY_COT13:15_21-HNI Ung Hoa 2 Hub_PU2721201,,100,27/08/2026 00:00:00,21/08/2026 00:19:31,28/08/2026 02:08:35,,,
295804171,LT0Q8R4W43YJ1,20260827HY_COT13:15_21-HNI Thanh Tri 3 Hub_PU2701201,,100,27/08/2026 00:00:00,21/08/2026 00:19:31,28/08/2026 02:08:35,,,
295804170,LT0Q8R4W43YI1,20260827HY_COT13:15_21-HNI Thanh Oai Hub_PU2671201,,100,27/08/2026 00:00:00,21/08/2026 00:19:31,28/08/2026 02:08:35,,,
295804168,LT0Q8R4W43YG1,20260827HY_COT21:15_20-HNI Ba Dinh 2 Hub_PU2621201,,100,27/08/2026 00:00:00,21/08/2026 00:19:31,28/08/2026 10:29:38,,,
295804167,LT0Q8R4W43YF1,20260827HY_COT13:15_20-HNI Ba Dinh 2 Hub_PU2621201,,100,27/08/2026 00:00:00,21/08/2026 00:19:31,28/08/2026 02:08:35,,,
295803954,LT0Q8R4W43SI1,20260827HY_COT21:15_20-HNI Hoang Mai 3 Hub_PU331101,,100,27/08/2026 00:00:00,21/08/2026 00:19:26,28/08/2026 10:29:38,,,
295803953,LT0Q8R4W43SH1,20260827HY_COT21:15_21-HNI Gia Lam Hub_PU330101,,100,27/08/2026 00:00:00,21/08/2026 00:19:26,28/08/2026 10:29:38,,,
295803926,LT0Q8R4W43RQ1,20260827HY_COT21:15_20-HNI Hoang Mai Hub_PU286101,,100,27/08/2026 00:00:00,21/08/2026 00:19:25,28/08/2026 10:29:38,,,
295803925,LT0Q8R4W43RP1,20260827HY_COT13:15_20-HNI Hoang Mai Hub_PU286101,,100,27/08/2026 00:00:00,21/08/2026 00:19:25,28/08/2026 02:08:24,,,
295803924,LT0Q8R4W43RO1,20260827HY_COT21:15_21-HNI Gia Lam 3 Hub_PU285101,,100,27/08/2026 00:00:00,21/08/2026 00:19:25,28/08/2026 10:29:38,,,
295803923,LT0Q8R4W43RN1,20260827HY_COT13:15_21-HNI Gia Lam 3 Hub_PU285101,,100,27/08/2026 00:00:00,21/08/2026 00:19:25,28/08/2026 02:08:24,,,
295803922,LT0Q8R4W43RM1,20260827HY_COT13:15_21-HNI Thanh Tri 2 Hub_PU282101,,100,27/08/2026 00:00:00,21/08/2026 00:19:25,28/08/2026 02:08:24,,,
295803921,LT0Q8R4W43RL1,20260827HY_COT13:15_21-HNI Gia Lam 8 Hub_PU280101,,100,27/08/2026 00:00:00,21/08/2026 00:19:25,28/08/2026 02:08:23,,,
295803920,LT0Q8R4W43RK1,20260827HY_COT21:15_21-HNI Gia Lam 8 Hub_PU280101,,100,27/08/2026 00:00:00,21/08/2026 00:19:25,28/08/2026 10:29:38,,,
295803919,LT0Q8R4W43RJ1,20260827HY_COT21:15_20-HNI Long Bien 4 Hub_PU278101,,100,27/08/2026 00:00:00,21/08/2026 00:19:25,28/08/2026 10:29:38,,,
295803918,LT0Q8R4W43RI1,20260827HY_COT13:15_20-HNI Long Bien 4 Hub_PU278101,,100,27/08/2026 00:00:00,21/08/2026 00:19:25,28/08/2026 02:08:23,,,
295803917,LT0Q8R4W43RH1,20260827HY_COT13:15_20-HNI Hoang Mai 2 Hub_PU277101,,100,27/08/2026 00:00:00,21/08/2026 00:19:25,28/08/2026 02:08:23,,,
295803916,LT0Q8R4W43RG1,20260827HY_COT21:15_20-HNI Hoang Mai 2 Hub_PU277101,,100,27/08/2026 00:00:00,21/08/2026 00:19:25,28/08/2026 10:29:37,,,
295803915,LT0Q8R4W43RF1,20260827HY_COT13:15_20-HNI Hoang Mai 4 Hub_PU276101,,100,27/08/2026 00:00:00,21/08/2026 00:19:25,28/08/2026 02:08:23,,,
295803914,LT0Q8R4W43RE1,20260827HY_COT21:15_20-HNI Hoang Mai 2 Hub_PU275101,,100,27/08/2026 00:00:00,21/08/2026 00:19:25,28/08/2026 10:29:37,,,
295803913,LT0Q8R4W43RD1,20260827HY_COT13:15_21-HNI Gia Lam Hub_PU275101,,100,27/08/2026 00:00:00,21/08/2026 00:19:25,28/08/2026 02:08:23,,,
295803912,LT0Q8R4W43RC1,20260827HY_COT21:15_20-HNI Hoang Mai 7 Hub_PU271101,,100,27/08/2026 00:00:00,21/08/2026 00:19:25,28/08/2026 10:29:37,,,
295803911,LT0Q8R4W43RB1,20260827HY_COT13:15_20-HNI Hoang Mai 7 Hub_PU271101,,100,27/08/2026 00:00:00,21/08/2026 00:19:25,28/08/2026 02:08:23,,,
295803910,LT0Q8R4W43RA1,20260827HY_COT21:15_21-HNI Gia Lam 2 Hub_PU269101,,100,27/08/2026 00:00:00,21/08/2026 00:19:25,28/08/2026 10:29:37,,,
295803909,LT0Q8R4W43R91,20260827HY_COT13:15_21-HNI Gia Lam 2 Hub_PU269101,,100,27/08/2026 00:00:00,21/08/2026 00:19:25,28/08/2026 02:08:23,,,
295803907,LT0Q8R4W43R71,20260827HY_COT14:00_21-HNI Gia Lam 6 Hub_PU268101,,100,27/08/2026 00:00:00,21/08/2026 00:19:25,28/08/2026 03:05:47,,,
295803906,LT0Q8R4W43R61,20260827HY_COT13:15_20-HNI Dong Da 7 Hub_PU266101,,100,27/08/2026 00:00:00,21/08/2026 00:19:25,28/08/2026 02:08:23,,,
295803905,LT0Q8R4W43R51,20260827HY_COT13:15_20-HNI Hai Ba Trung Hub_PU265101,,100,27/08/2026 00:00:00,21/08/2026 00:19:25,28/08/2026 02:08:23,,,
295803904,LT0Q8R4W43R41,20260827HY_COT13:15_20-HNI Hoan Kiem 2 Hub_PU264101,,100,27/08/2026 00:00:00,21/08/2026 00:19:25,28/08/2026 02:08:22,,,
295803697,LT0Q8R4W43LD1,20260827HY_COT13:15_21-HNI Thuong Tin 3 Hub_PU303101,,100,27/08/2026 00:00:00,21/08/2026 00:19:20,28/08/2026 02:08:11,,,
295803696,LT0Q8R4W43LC1,20260827HY_COT21:15_20-HNI Hai Ba Trung 3 Hub_PU302101,,100,27/08/2026 00:00:00,21/08/2026 00:19:20,28/08/2026 10:29:37,,,
295803695,LT0Q8R4W43LB1,20260827HY_COT13:15_20-HNI Hai Ba Trung 3 Hub_PU302101,,100,27/08/2026 00:00:00,21/08/2026 00:19:20,28/08/2026 02:08:11,,,
295803694,LT0Q8R4W43LA1,20260827HY_COT13:15_21-HNI Thanh Oai 4 Hub_PU301101,,100,27/08/2026 00:00:00,21/08/2026 00:19:20,28/08/2026 02:08:11,,,
295803693,LT0Q8R4W43L91,20260827HY_COT13:15_20-HNI Hai Ba Trung 5 Hub_PU300101,,100,27/08/2026 00:00:00,21/08/2026 00:19:20,28/08/2026 02:08:10,,,
295803692,LT0Q8R4W43L81,20260827HY_COT13:15_21-HNI Dong Anh 4 Hub_PU299101,,100,27/08/2026 00:00:00,21/08/2026 00:19:20,28/08/2026 02:08:10,,,
295803691,LT0Q8R4W43L71,20260827HY_COT13:15_21-HNI Phu Xuyen 4 Hub_PU298101,,100,27/08/2026 00:00:00,21/08/2026 00:19:20,28/08/2026 02:08:10,,,
295803690,LT0Q8R4W43L61,20260827HY_COT13:15_21-HNI Soc Son 2 Hub_PU297101,,100,27/08/2026 00:00:00,21/08/2026 00:19:20,28/08/2026 02:08:10,,,
295803689,LT0Q8R4W43L51,20260827HY_COT13:15_21-HNI Thanh Tri 5 Hub_PU296101,,100,27/08/2026 00:00:00,21/08/2026 00:19:20,28/08/2026 02:08:10,,,
295803688,LT0Q8R4W43L41,20260827HY_COT21:15_20-HNI Hai Ba Trung 8 Hub_PU295101,,100,27/08/2026 00:00:00,21/08/2026 00:19:20,28/08/2026 10:29:37,,,
295803687,LT0Q8R4W43L31,20260827HY_COT13:15_20-HNI Hai Ba Trung 8 Hub_PU295101,,100,27/08/2026 00:00:00,21/08/2026 00:19:20,28/08/2026 02:08:10,,,
295803686,LT0Q8R4W43L21,20260827HY_COT13:15_20-HNI Dong Da 5 Hub_PU293101,,100,27/08/2026 00:00:00,21/08/2026 00:19:20,28/08/2026 02:08:10,,,
295803685,LT0Q8R4W43L11,20260827HY_COT13:15_21-HNI Dong Anh 5 Hub_PU292101,,100,27/08/2026 00:00:00,21/08/2026 00:19:20,28/08/2026 02:08:10,,,
295803684,LT0Q8R4W43L01,20260827HY_COT13:15_20-HNI Dong Da 4 Hub_PU291101,,100,27/08/2026 00:00:00,21/08/2026 00:19:20,28/08/2026 02:08:10,,,
295803683,LT0Q8R4W43KZ1,20260827HY_COT21:15_20-HNI Hai Ba Trung 5 Hub_PU291101,,100,27/08/2026 00:00:00,21/08/2026 00:19:20,28/08/2026 10:29:37,,,
295803682,LT0Q8R4W43KY1,20260827HY_COT13:15_21-HNI Soc Son 3 Hub_PU290101,,100,27/08/2026 00:00:00,21/08/2026 00:19:20,28/08/2026 02:08:09,,,
295803681,LT0Q8R4W43KX1,20260827HY_COT13:15_21-HNI My Duc 2 Hub_PU289101,,100,27/08/2026 00:00:00,21/08/2026 00:19:20,28/08/2026 02:08:09,,,
295803680,LT0Q8R4W43KW1,20260827HY_COT13:15_21-HNI Phu Xuyen Hub_PU288101,,100,27/08/2026 00:00:00,21/08/2026 00:19:20,28/08/2026 02:08:09,,,
295803679,LT0Q8R4W43KV1,20260827HY_COT13:15_21-HNI Me Linh 3 Hub_PU287101,,100,27/08/2026 00:00:00,21/08/2026 00:19:20,28/08/2026 02:08:09,,,
295803678,LT0Q8R4W43KU1,20260827HY_COT13:15_20-HNI Long Bien 3 Hub_PU284101,,100,27/08/2026 00:00:00,21/08/2026 00:19:20,28/08/2026 02:08:09,,,
295803677,LT0Q8R4W43KT1,20260827HY_COT21:15_20-HNI Long Bien 3 Hub_PU284101,,100,27/08/2026 00:00:00,21/08/2026 00:19:20,28/08/2026 10:29:37,,,
295803676,LT0Q8R4W43KS1,20260827HY_COT13:15_21-HNI Thuong Tin 2 Hub_PU283101,,100,27/08/2026 00:00:00,21/08/2026 00:19:19,28/08/2026 02:08:09,,,
295803675,LT0Q8R4W43KR1,20260827HY_COT13:15_20-HNI Dong Da Hub_PU281101,,100,27/08/2026 00:00:00,21/08/2026 00:19:19,28/08/2026 02:08:09,,,
295803674,LT0Q8R4W43KQ1,20260827HY_COT21:15_20-HNI Long Bien Hub_PU279101,,100,27/08/2026 00:00:00,21/08/2026 00:19:19,28/08/2026 10:29:36,,,
295803673,LT0Q8R4W43KP1,20260827HY_COT13:15_20-HNI Long Bien Hub_PU279101,,100,27/08/2026 00:00:00,21/08/2026 00:19:19,28/08/2026 02:08:09,,,
295803672,LT0Q8R4W43KO1,20260827HY_COT13:15_21-HNI Dong Anh 3 Hub_PU273101,,100,27/08/2026 00:00:00,21/08/2026 00:19:19,28/08/2026 02:08:08,,,
295803671,LT0Q8R4W43KN1,20260827HY_COT13:15_21-HNI Ung Hoa 2 Hub_PU272101,,100,27/08/2026 00:00:00,21/08/2026 00:19:19,28/08/2026 02:08:08,,,
295803670,LT0Q8R4W43KM1,20260827HY_COT13:15_21-HNI Thanh Tri 3 Hub_PU270101,,100,27/08/2026 00:00:00,21/08/2026 00:19:19,28/08/2026 02:08:08,,,
295803669,LT0Q8R4W43KL1,20260827HY_COT13:15_21-HNI Thanh Oai Hub_PU267101,,100,27/08/2026 00:00:00,21/08/2026 00:19:19,28/08/2026 02:08:08,,,
295803668,LT0Q8R4W43KK1,20260827HY_COT13:15_21-HNI Thanh Tri 7 Hub_PU263101,,100,27/08/2026 00:00:00,21/08/2026 00:19:19,28/08/2026 02:08:08,,,
295803667,LT0Q8R4W43KJ1,20260827HY_COT21:15_20-HNI Ba Dinh 2 Hub_PU262101,,100,27/08/2026 00:00:00,21/08/2026 00:19:19,28/08/2026 10:29:36,,,
295803666,LT0Q8R4W43KI1,20260827HY_COT13:15_20-HNI Ba Dinh 2 Hub_PU262101,,100,27/08/2026 00:00:00,21/08/2026 00:19:19,28/08/2026 02:08:08,,,
295803453,LT0Q8R4W43EL1,20260827HY_COT21:15_20-HNI Hoang Mai 3 Hub_PU33101,,100,27/08/2026 00:00:00,21/08/2026 00:19:14,28/08/2026 10:29:36,,,
295803452,LT0Q8R4W43EK1,20260827HY_COT21:15_21-HNI Gia Lam Hub_PU33001,,100,27/08/2026 00:00:00,21/08/2026 00:19:14,28/08/2026 10:29:36,,,
295803425,LT0Q8R4W43DT1,20260827HY_COT21:15_20-HNI Hoang Mai Hub_PU28601,,100,27/08/2026 00:00:00,21/08/2026 00:19:14,28/08/2026 10:29:36,,,
295803424,LT0Q8R4W43DS1,20260827HY_COT13:15_20-HNI Hoang Mai Hub_PU28601,,100,27/08/2026 00:00:00,21/08/2026 00:19:14,28/08/2026 02:07:57,,,
295803423,LT0Q8R4W43DR1,20260827HY_COT21:15_21-HNI Gia Lam 3 Hub_PU28501,,100,27/08/2026 00:00:00,21/08/2026 00:19:14,28/08/2026 10:29:36,,,
295803422,LT0Q8R4W43DQ1,20260827HY_COT13:15_21-HNI Gia Lam 3 Hub_PU28501,,100,27/08/2026 00:00:00,21/08/2026 00:19:14,28/08/2026 02:07:57,,,
295803421,LT0Q8R4W43DP1,20260827HY_COT13:15_21-HNI Thanh Tri 2 Hub_PU28201,,100,27/08/2026 00:00:00,21/08/2026 00:19:14,28/08/2026 02:07:57,,,
295803420,LT0Q8R4W43DO1,20260827HY_COT13:15_21-HNI Gia Lam 8 Hub_PU28001,,100,27/08/2026 00:00:00,21/08/2026 00:19:13,28/08/2026 02:07:56,,,
295803419,LT0Q8R4W43DN1,20260827HY_COT21:15_21-HNI Gia Lam 8 Hub_PU28001,,100,27/08/2026 00:00:00,21/08/2026 00:19:13,28/08/2026 10:29:36,,,
295803418,LT0Q8R4W43DM1,20260827HY_COT21:15_20-HNI Long Bien 4 Hub_PU27801,,100,27/08/2026 00:00:00,21/08/2026 00:19:13,28/08/2026 10:29:35,,,
295803417,LT0Q8R4W43DL1,20260827HY_COT13:15_20-HNI Long Bien 4 Hub_PU27801,,100,27/08/2026 00:00:00,21/08/2026 00:19:13,28/08/2026 02:07:56,,,
295803416,LT0Q8R4W43DK1,20260827HY_COT13:15_20-HNI Hoang Mai 2 Hub_PU27701,,100,27/08/2026 00:00:00,21/08/2026 00:19:13,28/08/2026 02:07:56,,,
295803415,LT0Q8R4W43DJ1,20260827HY_COT21:15_20-HNI Hoang Mai 2 Hub_PU27701,,100,27/08/2026 00:00:00,21/08/2026 00:19:13,28/08/2026 10:29:35,,,
295803414,LT0Q8R4W43DI1,20260827HY_COT13:15_20-HNI Hoang Mai 4 Hub_PU27601,,100,27/08/2026 00:00:00,21/08/2026 00:19:13,28/08/2026 02:07:56,,,
295803413,LT0Q8R4W43DH1,20260827HY_COT21:15_20-HNI Hoang Mai 2 Hub_PU27501,,100,27/08/2026 00:00:00,21/08/2026 00:19:13,28/08/2026 10:29:35,,,
295803412,LT0Q8R4W43DG1,20260827HY_COT13:15_21-HNI Gia Lam Hub_PU27501,,100,27/08/2026 00:00:00,21/08/2026 00:19:13,28/08/2026 02:07:56,,,
295803411,LT0Q8R4W43DF1,20260827HY_COT21:15_20-HNI Hoang Mai 7 Hub_PU27101,,100,27/08/2026 00:00:00,21/08/2026 00:19:13,28/08/2026 10:29:35,,,
295803410,LT0Q8R4W43DE1,20260827HY_COT13:15_20-HNI Hoang Mai 7 Hub_PU27101,,100,27/08/2026 00:00:00,21/08/2026 00:19:13,28/08/2026 02:07:56,,,
295803409,LT0Q8R4W43DD1,20260827HY_COT21:15_21-HNI Gia Lam 2 Hub_PU26901,,100,27/08/2026 00:00:00,21/08/2026 00:19:13,28/08/2026 10:29:35,,,
295803408,LT0Q8R4W43DC1,20260827HY_COT13:15_21-HNI Gia Lam 2 Hub_PU26901,,100,27/08/2026 00:00:00,21/08/2026 00:19:13,28/08/2026 02:07:56,,,
295803407,LT0Q8R4W43DB1,20260827HY_COT21:30_21-HNI Gia Lam 6 Hub_PU26801,,100,27/08/2026 00:00:00,21/08/2026 00:19:13,28/08/2026 10:29:35,,,
295803406,LT0Q8R4W43DA1,20260827HY_COT14:00_21-HNI Gia Lam 6 Hub_PU26801,,100,27/08/2026 00:00:00,21/08/2026 00:19:13,28/08/2026 03:05:47,,,
295803405,LT0Q8R4W43D91,20260827HY_COT13:15_20-HNI Dong Da 7 Hub_PU26601,,100,27/08/2026 00:00:00,21/08/2026 00:19:13,28/08/2026 02:07:56,,,
295803404,LT0Q8R4W43D81,20260827HY_COT13:15_20-HNI Hai Ba Trung Hub_PU26501,,100,27/08/2026 00:00:00,21/08/2026 00:19:13,28/08/2026 02:07:56,,,
295803403,LT0Q8R4W43D71,20260827HY_COT13:15_20-HNI Hoan Kiem 2 Hub_PU26401,,100,27/08/2026 00:00:00,21/08/2026 00:19:13,28/08/2026 02:07:55,,,
295803196,LT0Q8R4W437G1,20260827HY_COT13:15_21-HNI Thuong Tin 3 Hub_PU30301,,100,27/08/2026 00:00:00,21/08/2026 00:19:08,28/08/2026 02:07:45,,,
295803195,LT0Q8R4W437F1,20260827HY_COT21:15_20-HNI Hai Ba Trung 3 Hub_PU30201,,100,27/08/2026 00:00:00,21/08/2026 00:19:08,28/08/2026 10:29:35,,,
295803194,LT0Q8R4W437E1,20260827HY_COT13:15_20-HNI Hai Ba Trung 3 Hub_PU30201,,100,27/08/2026 00:00:00,21/08/2026 00:19:08,28/08/2026 02:07:45,,,
295803193,LT0Q8R4W437D1,20260827HY_COT13:15_21-HNI Thanh Oai 4 Hub_PU30101,,100,27/08/2026 00:00:00,21/08/2026 00:19:08,28/08/2026 02:07:44,,,
295803192,LT0Q8R4W437C1,20260827HY_COT13:15_20-HNI Hai Ba Trung 5 Hub_PU30001,,100,27/08/2026 00:00:00,21/08/2026 00:19:08,28/08/2026 02:07:44,,,
295803191,LT0Q8R4W437B1,20260827HY_COT13:15_21-HNI Dong Anh 4 Hub_PU29901,,100,27/08/2026 00:00:00,21/08/2026 00:19:08,28/08/2026 02:07:44,,,
295803190,LT0Q8R4W437A1,20260827HY_COT13:15_21-HNI Phu Xuyen 4 Hub_PU29801,,100,27/08/2026 00:00:00,21/08/2026 00:19:08,28/08/2026 02:07:44,,,
295803189,LT0Q8R4W43791,20260827HY_COT13:15_21-HNI Soc Son 2 Hub_PU29701,,100,27/08/2026 00:00:00,21/08/2026 00:19:08,28/08/2026 02:07:44,,,
295803188,LT0Q8R4W43781,20260827HY_COT13:15_21-HNI Thanh Tri 5 Hub_PU29601,,100,27/08/2026 00:00:00,21/08/2026 00:19:08,28/08/2026 02:07:44,,,
295803187,LT0Q8R4W43771,20260827HY_COT21:15_20-HNI Hai Ba Trung 8 Hub_PU29501,,100,27/08/2026 00:00:00,21/08/2026 00:19:08,28/08/2026 10:29:35,,,
295803186,LT0Q8R4W43761,20260827HY_COT13:15_20-HNI Hai Ba Trung 8 Hub_PU29501,,100,27/08/2026 00:00:00,21/08/2026 00:19:08,28/08/2026 02:07:44,,,
295803185,LT0Q8R4W43751,20260827HY_COT13:15_20-HNI Dong Da 5 Hub_PU29301,,100,27/08/2026 00:00:00,21/08/2026 00:19:08,28/08/2026 02:07:44,,,
295803184,LT0Q8R4W43741,20260827HY_COT13:15_21-HNI Dong Anh 5 Hub_PU29201,,100,27/08/2026 00:00:00,21/08/2026 00:19:08,28/08/2026 02:07:43,,,
295803183,LT0Q8R4W43731,20260827HY_COT13:15_20-HNI Dong Da 4 Hub_PU29101,,100,27/08/2026 00:00:00,21/08/2026 00:19:08,28/08/2026 02:07:43,,,
295803182,LT0Q8R4W43721,20260827HY_COT21:15_20-HNI Hai Ba Trung 5 Hub_PU29101,,100,27/08/2026 00:00:00,21/08/2026 00:19:08,28/08/2026 10:29:34,,,
295803181,LT0Q8R4W43711,20260827HY_COT13:15_21-HNI Soc Son 3 Hub_PU29001,,100,27/08/2026 00:00:00,21/08/2026 00:19:08,28/08/2026 02:07:43,,,
295803180,LT0Q8R4W43701,20260827HY_COT13:15_21-HNI My Duc 2 Hub_PU28901,,100,27/08/2026 00:00:00,21/08/2026 00:19:08,28/08/2026 02:07:43,,,
295803178,LT0Q8R4W436Y1,20260827HY_COT13:15_21-HNI Me Linh 3 Hub_PU28701,,100,27/08/2026 00:00:00,21/08/2026 00:19:08,28/08/2026 02:07:43,,,
295803177,LT0Q8R4W436X1,20260827HY_COT13:15_20-HNI Long Bien 3 Hub_PU28401,,100,27/08/2026 00:00:00,21/08/2026 00:19:08,28/08/2026 02:07:43,,,
295803176,LT0Q8R4W436W1,20260827HY_COT21:15_20-HNI Long Bien 3 Hub_PU28401,,100,27/08/2026 00:00:00,21/08/2026 00:19:08,28/08/2026 10:29:34,,,
295803175,LT0Q8R4W436V1,20260827HY_COT13:15_21-HNI Thuong Tin 2 Hub_PU28301,,100,27/08/2026 00:00:00,21/08/2026 00:19:08,28/08/2026 02:07:43,,,
295803174,LT0Q8R4W436U1,20260827HY_COT13:15_20-HNI Dong Da Hub_PU28101,,100,27/08/2026 00:00:00,21/08/2026 00:19:08,28/08/2026 02:07:43,,,
295803173,LT0Q8R4W436T1,20260827HY_COT21:15_20-HNI Long Bien Hub_PU27901,,100,27/08/2026 00:00:00,21/08/2026 00:19:08,28/08/2026 10:29:34,,,
295803172,LT0Q8R4W436S1,20260827HY_COT13:15_20-HNI Long Bien Hub_PU27901,,100,27/08/2026 00:00:00,21/08/2026 00:19:08,28/08/2026 02:07:42,,,
295803171,LT0Q8R4W436R1,20260827HY_COT13:15_21-HNI Dong Anh 3 Hub_PU27301,,100,27/08/2026 00:00:00,21/08/2026 00:19:07,28/08/2026 02:07:42,,,
295803170,LT0Q8R4W436Q1,20260827HY_COT13:15_21-HNI Ung Hoa 2 Hub_PU27201,,100,27/08/2026 00:00:00,21/08/2026 00:19:07,28/08/2026 02:07:42,,,
295803169,LT0Q8R4W436P1,20260827HY_COT13:15_21-HNI Thanh Tri 3 Hub_PU27001,,100,27/08/2026 00:00:00,21/08/2026 00:19:07,28/08/2026 02:07:42,,,
295803168,LT0Q8R4W436O1,20260827HY_COT13:15_21-HNI Thanh Oai Hub_PU26701,,100,27/08/2026 00:00:00,21/08/2026 00:19:07,28/08/2026 02:07:42,,,
295803167,LT0Q8R4W436N1,20260827HY_COT13:15_21-HNI Thanh Tri 7 Hub_PU26301,,100,27/08/2026 00:00:00,21/08/2026 00:19:07,28/08/2026 02:07:42,,,
295803166,LT0Q8R4W436M1,20260827HY_COT21:15_20-HNI Ba Dinh 2 Hub_PU26201,,100,27/08/2026 00:00:00,21/08/2026 00:19:07,28/08/2026 10:29:34,,,
295803165,LT0Q8R4W436L1,20260827HY_COT13:15_20-HNI Ba Dinh 2 Hub_PU26201,,100,27/08/2026 00:00:00,21/08/2026 00:19:07,28/08/2026 02:07:42,,,
295802964,LT0Q8R4W43101,2026082720-HNI Dong Da_129Dong DaHung Yen SOC_COT19:00_PU_adhoc01,,100,27/08/2026 00:00:00,21/08/2026 00:19:03,28/08/2026 08:15:36,,,
295802963,LT0Q8R4W430Z1,2026082720-HNI Dong Da_129Dong DaHung Yen SOC_COT14:00_PU_adhoc01,,100,27/08/2026 00:00:00,21/08/2026 00:19:03,28/08/2026 03:05:47,,,
295802962,LT0Q8R4W430Y1,2026082721-HNI Dong Anh 5_5762Dong Anh 5Hung Yen SOC_COT19:00_PU_adhoc01,,100,27/08/2026 00:00:00,21/08/2026 00:19:03,28/08/2026 08:15:36,,,
295802961,LT0Q8R4W430X1,2026082721-HNI Dong Anh 5_5762Dong Anh 5Hung Yen SOC_COT14:00_PU_adhoc01,,100,27/08/2026 00:00:00,21/08/2026 00:19:03,28/08/2026 03:05:47,,,
295802960,LT0Q8R4W430W1,2026082721-HNI Me Linh 3_312Me Linh 3Hung Yen SOC_COT19:00_PU_adhoc01,,100,27/08/2026 00:00:00,21/08/2026 00:19:03,28/08/2026 08:15:36,,,
295802959,LT0Q8R4W430V1,2026082721-HNI Me Linh 3_312Me Linh 3Hung Yen SOC_COT14:00_PU_adhoc01,,100,27/08/2026 00:00:00,21/08/2026 00:19:03,28/08/2026 03:05:46,,,
295802958,LT0Q8R4W430U1,2026082720-HNI Ba Dinh 2_2Ba Dinh 2Hung Yen SOC_COT19:00_PU_adhoc01,,100,27/08/2026 00:00:00,21/08/2026 00:19:03,28/08/2026 08:15:36,,,
295802957,LT0Q8R4W430T1,2026082720-HNI Ba Dinh 2_2Ba Dinh 2Hung Yen SOC_COT14:00_PU_adhoc01,,100,27/08/2026 00:00:00,21/08/2026 00:19:03,28/08/2026 03:05:46,,,
295796973,LT0Q8R4W3YEL1,2026082720-HNI Hoan Kiem 2_2Hoan Kiem 220-HNI Ba Dinh HubHung Yen SOC_COT20:00_PU_adhoc201,,100,27/08/2026 00:00:00,21/08/2026 00:16:41,28/08/2026 09:01:37,,,
295796972,LT0Q8R4W3YEK1,2026082720-HNI Hoan Kiem 2_2Hoan Kiem 220-HNI Ba Dinh HubHung Yen SOC_COT20:00_PU_adhoc101,,100,27/08/2026 00:00:00,21/08/2026 00:16:41,28/08/2026 09:01:36,,,
295791442,LT0Q8R4W3U4Y1,2026082721-HNI Gia Lam 7_2Gia Lam 721-HNI Gia Lam 3 Hub21-HNI Gia Lam 8Hung Yen SOC_COT21:00_PU_adhoc1….01,,100,27/08/2026 00:00:00,21/08/2026 00:14:28,28/08/2026 10:26:42,,,
295791441,LT0Q8R4W3U4X1,2026082721-HNI Gia Lam 7_2Gia Lam 721-HNI Gia Lam 3 Hub21-HNI Gia Lam 8Hung Yen SOC_COT21:00_PU_adhoc…..01,,100,27/08/2026 00:00:00,21/08/2026 00:14:28,28/08/2026 10:26:42,,,
295791415,LT0Q8R4W3U471,2026082721-HNI Thanh Tri 7_2Thanh Tri 7Hung Yen SOC_COT20:00_PU_adhoc101,,100,27/08/2026 00:00:00,21/08/2026 00:14:27,28/08/2026 09:01:35,,,
295791414,LT0Q8R4W3U461,2026082721-HNI Thanh Tri 7_2Thanh Tri 7Hung Yen SOC_COT20:00_PU_adhoc01,,100,27/08/2026 00:00:00,21/08/2026 00:14:27,28/08/2026 09:01:35,,,
295791413,LT0Q8R4W3U451,2026082721-HNI Thanh Tri 7_2Thanh Tri 7Hung Yen SOC_COT14:00_PU_adhoc01,,100,27/08/2026 00:00:00,21/08/2026 00:14:27,28/08/2026 03:05:45,,,
295783760,LT0Q8R4W3O7K1,2026082720-HNI Hoan Kiem 2_2Hoan Kiem 220-HNI Hoan Kiem HubHung Yen SOC_COT16:00_PU_adhoc201,,100,27/08/2026 00:00:00,21/08/2026 00:11:30,28/08/2026 05:00:38,,,
295783759,LT0Q8R4W3O7J1,2026082720-HNI Hoan Kiem 2_2Hoan Kiem 220-HNI Hoan Kiem HubHung Yen SOC_COT16:00_PU_adhoc101,,100,27/08/2026 00:00:00,21/08/2026 00:11:30,28/08/2026 05:00:38,,,
295783758,LT0Q8R4W3O7I1,2026082720-HNI Hoan Kiem 2_2Hoan Kiem 220-HNI Hoan Kiem HubHung Yen SOC_COT16:00_PU_adhoc01,,100,27/08/2026 00:00:00,21/08/2026 00:11:30,28/08/2026 05:00:37,,,
295783754,LT0Q8R4W3O7E1,2026082720-HNI Ba Dinh 2_2Ba Dinh 220-HNI Ba Dinh 3 HubHung Yen SOC_COT16:00_PU_adhoc201,,100,27/08/2026 00:00:00,21/08/2026 00:11:29,28/08/2026 05:00:37,,,
295783753,LT0Q8R4W3O7D1,2026082720-HNI Ba Dinh 2_2Ba Dinh 220-HNI Ba Dinh 3 HubHung Yen SOC_COT16:00_PU_adhoc101,,100,27/08/2026 00:00:00,21/08/2026 00:11:29,28/08/2026 05:00:37,,,
295783752,LT0Q8R4W3O7C1,2026082720-HNI Ba Dinh 2_2Ba Dinh 220-HNI Ba Dinh 3 HubHung Yen SOC_COT16:00_PU_adhoc01,,100,27/08/2026 00:00:00,21/08/2026 00:11:29,28/08/2026 05:00:37,,,
295783751,LT0Q8R4W3O7B1,2026082720-HNI Long Bien 3_2Long Bien 320-HNI Long Bien 5 HubHung Yen SOC_COT16:00_PU_adhoc201,,100,27/08/2026 00:00:00,21/08/2026 00:11:29,28/08/2026 05:00:37,,,
295783750,LT0Q8R4W3O7A1,2026082720-HNI Long Bien 3_2Long Bien 320-HNI Long Bien 5 HubHung Yen SOC_COT16:00_PU_adhoc101,,100,27/08/2026 00:00:00,21/08/2026 00:11:29,28/08/2026 05:00:37,,,
295783749,LT0Q8R4W3O791,2026082720-HNI Long Bien 3_2Long Bien 320-HNI Long Bien 5 HubHung Yen SOC_COT16:00_PU_adhoc01,,100,27/08/2026 00:00:00,21/08/2026 00:11:29,28/08/2026 05:00:37,,,
295783748,LT0Q8R4W3O781,2026082721-HNI Dong Anh 7_2Dong Anh 721-HNI Dong Anh 6 HubHung Yen SOC_COT16:00_PU_adhoc201,,100,27/08/2026 00:00:00,21/08/2026 00:11:29,28/08/2026 05:00:37,,,
295783747,LT0Q8R4W3O771,2026082721-HNI Dong Anh 7_2Dong Anh 721-HNI Dong Anh 6 HubHung Yen SOC_COT16:00_PU_adhoc101,,100,27/08/2026 00:00:00,21/08/2026 00:11:29,28/08/2026 05:00:36,,,
295783746,LT0Q8R4W3O761,2026082721-HNI Dong Anh 7_2Dong Anh 721-HNI Dong Anh 6 HubHung Yen SOC_COT16:00_PU_adhoc01,,100,27/08/2026 00:00:00,21/08/2026 00:11:29,28/08/2026 05:00:36,,,
295783727,LT0Q8R4W3O6N1,2026082721-HNI Me linh_2Me linhHung Yen SOC_COT15:00_PU_adhoc01,,100,27/08/2026 00:00:00,21/08/2026 00:11:29,28/08/2026 04:01:46,,,
295769527,LT0Q8R4W3D871,20260827HN2_pt3_COT21:00_PUchạy 4.5full tháng01,29E-297.46,90,27/08/2026 00:00:00,21/08/2026 00:05:58,28/08/2026 01:11:53,27/08/2026 22:18:49,27/08/2026 23:06:29,SEQ 1 - 21-HNI Phuc Tho 3 Hub (5675) - 27/08/2026 22:18:49 | SEQ 2 - 21-HNI Son Tay 3 Hub (5790) - 27/08/2026 22:44:05 | SEQ 3 - 21-HNI Son Tay Hub (319) - 27/08/2026 23:06:29
295760997,LT0Q8R4W36N93,20260827SPX Dong hoi 22h03,,100,27/08/2026 00:00:00,21/08/2026 00:02:38,28/08/2026 11:01:25,,,
295760996,LT0Q8R4W36N82,20260827SPX Dong hoi 22h02,,100,27/08/2026 00:00:00,21/08/2026 00:02:38,28/08/2026 11:01:25,,,
295760995,LT0Q8R4W36N71,20260827SPX Dong hoi 22h01,,100,27/08/2026 00:00:00,21/08/2026 00:02:38,28/08/2026 11:01:25,,,
295760992,LT0Q8R4W36N43,20260827SPX Vinh 22h03,,100,27/08/2026 00:00:00,21/08/2026 00:02:38,28/08/2026 12:03:24,,,
295760991,LT0Q8R4W36N32,20260827SPX Vinh 22h02,,100,27/08/2026 00:00:00,21/08/2026 00:02:38,28/08/2026 12:03:24,,,
295760990,LT0Q8R4W36N21,20260827SPX Vinh 22h01,,100,27/08/2026 00:00:00,21/08/2026 00:02:38,28/08/2026 12:03:24,,,
295760989,LT0Q8R4W36N18,20260827C.T Duc Trong 20h HYen08,,100,27/08/2026 00:00:00,21/08/2026 00:02:38,28/08/2026 11:01:24,,,
295760988,LT0Q8R4W36N07,20260827C.T Duc Trong 20h HYen07,,100,27/08/2026 00:00:00,21/08/2026 00:02:38,28/08/2026 11:01:24,,,
295760987,LT0Q8R4W36MZ6,20260827C.T Duc Trong 20h HYen06,,100,27/08/2026 00:00:00,21/08/2026 00:02:38,28/08/2026 11:01:24,,,
295760986,LT0Q8R4W36MY5,20260827C.T Duc Trong 20h HYen05,,100,27/08/2026 00:00:00,21/08/2026 00:02:38,28/08/2026 11:01:24,,,
295760985,LT0Q8R4W36MX4,20260827C.T Duc Trong 20h HYen04,,100,27/08/2026 00:00:00,21/08/2026 00:02:38,28/08/2026 11:01:24,,,
295760984,LT0Q8R4W36MW3,20260827C.T Duc Trong 20h HYen03,,100,27/08/2026 00:00:00,21/08/2026 00:02:38,28/08/2026 11:01:23,,,
295760983,LT0Q8R4W36MV2,20260827C.T Duc Trong 20h HYen02,,100,27/08/2026 00:00:00,21/08/2026 00:02:38,28/08/2026 11:01:23,,,
295760981,LT0Q8R4W36MT8,20260827TC17:00_QL1A_._HYenSOC08,,100,27/08/2026 00:00:00,21/08/2026 00:02:38,28/08/2026 05:00:14,,,
295760980,LT0Q8R4W36MS7,20260827TC17:00_QL1A_._HYenSOC07,,100,27/08/2026 00:00:00,21/08/2026 00:02:38,28/08/2026 05:00:14,,,
295760979,LT0Q8R4W36MR6,20260827TC17:00_QL1A_._HYenSOC06,,100,27/08/2026 00:00:00,21/08/2026 00:02:38,28/08/2026 05:00:14,,,
295760978,LT0Q8R4W36MQ5,20260827TC17:00_QL1A_._HYenSOC05,,100,27/08/2026 00:00:00,21/08/2026 00:02:38,28/08/2026 05:00:14,,,
295760977,LT0Q8R4W36MP4,20260827TC17:00_QL1A_._HYenSOC04,,100,27/08/2026 00:00:00,21/08/2026 00:02:38,28/08/2026 05:00:14,,,
295760973,LT0Q8R4W36ML8,20260827TC17:30_QL14_._HYenSOC08,,100,27/08/2026 00:00:00,21/08/2026 00:02:38,28/08/2026 06:00:56,,,
295760972,LT0Q8R4W36MK7,20260827TC17:30_QL14_._HYenSOC07,,100,27/08/2026 00:00:00,21/08/2026 00:02:38,28/08/2026 06:00:56,,,
295760971,LT0Q8R4W36MJ6,20260827TC17:30_QL14_._HYenSOC06,,100,27/08/2026 00:00:00,21/08/2026 00:02:38,28/08/2026 06:00:56,,,
295760970,LT0Q8R4W36MI5,20260827TC17:30_QL14_._HYenSOC05,,100,27/08/2026 00:00:00,21/08/2026 00:02:38,28/08/2026 06:00:55,,,
295760969,LT0Q8R4W36MH4,20260827TC17:30_QL14_._HYenSOC04,,100,27/08/2026 00:00:00,21/08/2026 00:02:38,28/08/2026 06:00:55,,,
295760965,LT0Q8R4W36MD8,20260827TC19:00_QL1A_._HYenSOC08,,100,27/08/2026 00:00:00,21/08/2026 00:02:38,28/08/2026 07:03:46,,,
295760964,LT0Q8R4W36MC7,20260827TC19:00_QL1A_._HYenSOC07,,100,27/08/2026 00:00:00,21/08/2026 00:02:37,28/08/2026 07:03:45,,,
295760963,LT0Q8R4W36MB6,20260827TC19:00_QL1A_._HYenSOC06,,100,27/08/2026 00:00:00,21/08/2026 00:02:37,28/08/2026 07:03:45,,,
295760962,LT0Q8R4W36MA5,20260827TC19:00_QL1A_._HYenSOC05,,100,27/08/2026 00:00:00,21/08/2026 00:02:37,28/08/2026 07:03:45,,,
295760961,LT0Q8R4W36M94,20260827TC19:00_QL1A_._HYenSOC04,,100,27/08/2026 00:00:00,21/08/2026 00:02:37,28/08/2026 07:03:45,,,
295760960,LT0Q8R4W36M83,20260827TC19:00_QL1A_._HYenSOC03,,100,27/08/2026 00:00:00,21/08/2026 00:02:37,28/08/2026 07:03:45,,,
295760959,LT0Q8R4W36M72,20260827TC19:00_QL1A_._HYenSOC02,,100,27/08/2026 00:00:00,21/08/2026 00:02:37,28/08/2026 07:03:45,,,
295760958,LT0Q8R4W36M61,20260827TC19:00_QL1A_._HYenSOC01,,100,27/08/2026 00:00:00,21/08/2026 00:02:37,28/08/2026 07:03:45,,,
295760957,LT0Q8R4W36M58,20260827C0T_21:00_SC4_._HYenSOC08,,100,27/08/2026 00:00:00,21/08/2026 00:02:37,28/08/2026 10:09:39,,,
295760956,LT0Q8R4W36M47,20260827C0T_21:00_SC4_._HYenSOC07,,100,27/08/2026 00:00:00,21/08/2026 00:02:37,28/08/2026 10:09:39,,,
295760955,LT0Q8R4W36M36,20260827C0T_21:00_SC4_._HYenSOC06,,100,27/08/2026 00:00:00,21/08/2026 00:02:37,28/08/2026 10:09:38,,,
295760954,LT0Q8R4W36M25,20260827C0T_21:00_SC4_._HYenSOC05,,100,27/08/2026 00:00:00,21/08/2026 00:02:37,28/08/2026 10:09:38,,,
295760953,LT0Q8R4W36M14,20260827C0T_21:00_SC4_._HYenSOC04,,100,27/08/2026 00:00:00,21/08/2026 00:02:37,28/08/2026 10:09:38,,,
295760952,LT0Q8R4W36M03,20260827C0T_21:00_SC4_._HYenSOC03,,100,27/08/2026 00:00:00,21/08/2026 00:02:37,28/08/2026 10:09:38,,,
295760951,LT0Q8R4W36LZ2,20260827C0T_21:00_SC4_._HYenSOC02,,100,27/08/2026 00:00:00,21/08/2026 00:02:37,28/08/2026 10:09:38,,,
295760950,LT0Q8R4W36LY1,20260827C0T_21:00_SC4_._HYenSOC01,,100,27/08/2026 00:00:00,21/08/2026 00:02:37,28/08/2026 10:09:38,,,
295760949,LT0Q8R4W36LX8,202608270H_BTB_ĐÀ NẴNG08,,100,27/08/2026 00:00:00,21/08/2026 00:02:37,28/08/2026 13:01:27,,,
295760948,LT0Q8R4W36LW7,202608270H_BTB_ĐÀ NẴNG07,,100,27/08/2026 00:00:00,21/08/2026 00:02:37,28/08/2026 13:01:27,,,
295760947,LT0Q8R4W36LV6,202608270H_BTB_ĐÀ NẴNG06,90H-047.40,90,27/08/2026 00:00:00,21/08/2026 00:02:37,28/08/2026 12:05:55,27/08/2026 22:09:36,27/08/2026 22:09:36,SEQ 1 - Hung Yen SOC (3909) - 27/08/2026 22:09:36
295760946,LT0Q8R4W36LU5,202608270H_BTB_ĐÀ NẴNG05,29E-455.26,90,27/08/2026 00:00:00,21/08/2026 00:02:37,28/08/2026 22:55:34,27/08/2026 23:33:47,27/08/2026 23:33:47,SEQ 1 - Hung Yen SOC (3909) - 27/08/2026 23:33:47
295760945,LT0Q8R4W36LT4,202608270H_BTB_ĐÀ NẴNG04,,100,27/08/2026 00:00:00,21/08/2026 00:02:37,28/08/2026 13:01:27,,,
295760943,LT0Q8R4W36LR2,202608270H_BTB_ĐÀ NẴNG02,,100,27/08/2026 00:00:00,21/08/2026 00:02:37,28/08/2026 13:01:27,,,
295760942,LT0Q8R4W36LQ1,202608270H_BTB_ĐÀ NẴNG01,29H-997.45,90,27/08/2026 00:00:00,21/08/2026 00:02:37,28/08/2026 18:02:29,28/08/2026 09:26:41,28/08/2026 09:26:41,SEQ 1 - Hung Yen SOC (3909) - 28/08/2026 09:26:41
295760941,LT0Q8R4W36LP8,20260827TC21:00_QL1A_HungYen08,,100,27/08/2026 00:00:00,21/08/2026 00:02:37,28/08/2026 10:09:38,,,
295760940,LT0Q8R4W36LO7,20260827TC21:00_QL1A_HungYen07,,100,27/08/2026 00:00:00,21/08/2026 00:02:37,28/08/2026 10:09:37,,,
295760939,LT0Q8R4W36LN6,20260827TC21:00_QL1A_HungYen06,,100,27/08/2026 00:00:00,21/08/2026 00:02:37,28/08/2026 10:09:37,,,
295760938,LT0Q8R4W36LM5,20260827TC21:00_QL1A_HungYen05,,100,27/08/2026 00:00:00,21/08/2026 00:02:37,28/08/2026 10:09:37,,,
295760937,LT0Q8R4W36LL4,20260827TC21:00_QL1A_HungYen04,,100,27/08/2026 00:00:00,21/08/2026 00:02:37,28/08/2026 10:09:37,,,
295760936,LT0Q8R4W36LK3,20260827TC21:00_QL1A_HungYen03,,100,27/08/2026 00:00:00,21/08/2026 00:02:37,28/08/2026 10:09:37,,,
295760935,LT0Q8R4W36LJ2,20260827TC21:00_QL1A_HungYen02,,100,27/08/2026 00:00:00,21/08/2026 00:02:37,28/08/2026 10:09:37,,,
295760934,LT0Q8R4W36LI1,20260827TC21:00_QL1A_HungYen01,,100,27/08/2026 00:00:00,21/08/2026 00:02:37,28/08/2026 10:09:37,,,
295760933,LT0Q8R4W36LH8,2026082719:30_QL14_HungYen08,,100,27/08/2026 00:00:00,21/08/2026 00:02:37,28/08/2026 08:07:39,,,
295760932,LT0Q8R4W36LG7,2026082719:30_QL14_HungYen07,,100,27/08/2026 00:00:00,21/08/2026 00:02:37,28/08/2026 08:07:39,,,
295760931,LT0Q8R4W36LF6,2026082719:30_QL14_HungYen06,,100,27/08/2026 00:00:00,21/08/2026 00:02:37,28/08/2026 08:07:39,,,
295760930,LT0Q8R4W36LE5,2026082719:30_QL14_HungYen05,,100,27/08/2026 00:00:00,21/08/2026 00:02:37,28/08/2026 08:07:39,,,
295760929,LT0Q8R4W36LD4,2026082719:30_QL14_HungYen04,,100,27/08/2026 00:00:00,21/08/2026 00:02:37,28/08/2026 08:07:39,,,
295760928,LT0Q8R4W36LC3,2026082719:30_QL14_HungYen03,,100,27/08/2026 00:00:00,21/08/2026 00:02:37,28/08/2026 08:07:39,,,
295760927,LT0Q8R4W36LB2,2026082719:30_QL14_HungYen02,,100,27/08/2026 00:00:00,21/08/2026 00:02:37,28/08/2026 08:07:39,,,
295760926,LT0Q8R4W36LA1,2026082719:30_QL14_HungYen01,,100,27/08/2026 00:00:00,21/08/2026 00:02:37,28/08/2026 08:07:39,,,
295760925,LT0Q8R4W36L98,20260827C0T_SC4.01_DN-DK-ĐT_COT08,,100,27/08/2026 00:00:00,21/08/2026 00:02:37,28/08/2026 10:09:36,,,
295760924,LT0Q8R4W36L87,20260827C0T_SC4.01_DN-DK-ĐT_COT07,,100,27/08/2026 00:00:00,21/08/2026 00:02:37,28/08/2026 10:09:36,,,
295760923,LT0Q8R4W36L76,20260827C0T_SC4.01_DN-DK-ĐT_COT06,,100,27/08/2026 00:00:00,21/08/2026 00:02:37,28/08/2026 10:09:36,,,
295760922,LT0Q8R4W36L65,20260827C0T_SC4.01_DN-DK-ĐT_COT05,,100,27/08/2026 00:00:00,21/08/2026 00:02:37,28/08/2026 10:09:36,,,
295760921,LT0Q8R4W36L54,20260827C0T_SC4.01_DN-DK-ĐT_COT04,,100,27/08/2026 00:00:00,21/08/2026 00:02:36,28/08/2026 10:09:36,,,
295760920,LT0Q8R4W36L43,20260827C0T_SC4.01_DN-DK-ĐT_COT03,,100,27/08/2026 00:00:00,21/08/2026 00:02:36,28/08/2026 10:09:36,,,
295760919,LT0Q8R4W36L32,20260827C0T_SC4.01_DN-DK-ĐT_COT02,,100,27/08/2026 00:00:00,21/08/2026 00:02:36,28/08/2026 10:09:36,,,
295760511,LT0Q8R4W369R1,20260827HY_TThat+TThat3+2TT5_COT23:00_PU01,,100,27/08/2026 00:00:00,21/08/2026 00:02:26,28/08/2026 12:03:22,,,
295760510,LT0Q8R4W369Q1,20260827HY_TThat+TThat3+2TT5_COT21:00_PU01,,100,27/08/2026 00:00:00,21/08/2026 00:02:26,28/08/2026 10:09:33,,,
295760509,LT0Q8R4W369P1,20260827HY_TThat+TThat3+2TT5_COT22:00_PU01,,100,27/08/2026 00:00:00,21/08/2026 00:02:26,28/08/2026 11:01:22,,,
295760508,LT0Q8R4W369O1,20260827HY_TThat+TThat3+2TT5_COT15:00_PU01,,100,27/08/2026 00:00:00,21/08/2026 00:02:26,28/08/2026 04:01:24,,,
295760507,LT0Q8R4W369N1,20260827HY_TThat+TThat3+2TT5_COT13:00_PU01,,100,27/08/2026 00:00:00,21/08/2026 00:02:26,28/08/2026 02:04:49,,,
295760506,LT0Q8R4W369M1,20260827HY_TThat+TThat3+2TT5_COT14:00_PU01,,100,27/08/2026 00:00:00,21/08/2026 00:02:26,28/08/2026 03:05:21,,,
295760505,LT0Q8R4W369L1,20260827HY_STay+STay2+2BV2_COT14:30_PU01,,100,27/08/2026 00:00:00,21/08/2026 00:02:26,28/08/2026 04:01:24,,,
295760504,LT0Q8R4W369K1,20260827HY_STay+STay2+2BV2_COT12:30_PU01,,100,27/08/2026 00:00:00,21/08/2026 00:02:26,28/08/2026 02:04:49,,,
295760503,LT0Q8R4W369J1,20260827HY_STay+STay2+2BV2_COT13:30_PU01,,100,27/08/2026 00:00:00,21/08/2026 00:02:26,28/08/2026 03:05:21,,,
295760502,LT0Q8R4W369I1,20260827HY_BVi+BVi3+2BV4_COT15:00_PU01,,100,27/08/2026 00:00:00,21/08/2026 00:02:26,28/08/2026 04:01:24,,,
295760501,LT0Q8R4W369H1,20260827HY_BVi+BVi3+2BV4_COT13:00_PU01,,100,27/08/2026 00:00:00,21/08/2026 00:02:26,28/08/2026 02:04:49,,,
295760500,LT0Q8R4W369G1,20260827HY_BVi+BVi3+2BV4_COT14:00_PU01,,100,27/08/2026 00:00:00,21/08/2026 00:02:26,28/08/2026 03:05:21,,,
295760499,LT0Q8R4W369F1,20260827HY_BDinh3+BDinh_COT23:00_PU01,,100,27/08/2026 00:00:00,21/08/2026 00:02:26,28/08/2026 12:03:22,,,
295760498,LT0Q8R4W369E1,20260827HY_BDinh3+BDinh_COT21:00_PU01,,100,27/08/2026 00:00:00,21/08/2026 00:02:26,28/08/2026 10:09:33,,,
295760497,LT0Q8R4W369D1,20260827HY_BDinh3+BDinh_COT22:00_PU01,,100,27/08/2026 00:00:00,21/08/2026 00:02:26,28/08/2026 11:01:21,,,
295760496,LT0Q8R4W369C1,20260827HY_BDinh3+BDinh_COT15:00_PU01,,100,27/08/2026 00:00:00,21/08/2026 00:02:26,28/08/2026 04:01:23,,,
295760495,LT0Q8R4W369B1,20260827HY_BDinh3+BDinh_COT13:00_PU01,,100,27/08/2026 00:00:00,21/08/2026 00:02:26,28/08/2026 02:04:48,,,
295760494,LT0Q8R4W369A1,20260827HY_BDinh3+BDinh_COT14:00_PU01,,100,27/08/2026 00:00:00,21/08/2026 00:02:26,28/08/2026 03:05:21,,,
295760493,LT0Q8R4W36991,20260827HY_BDinh2+BDinh4_COT23:00_PU01,,100,27/08/2026 00:00:00,21/08/2026 00:02:26,28/08/2026 12:03:22,,,
295760492,LT0Q8R4W36981,20260827HY_BDinh2+BDinh4_COT21:00_PU01,,100,27/08/2026 00:00:00,21/08/2026 00:02:26,28/08/2026 10:09:33,,,
295760491,LT0Q8R4W36971,20260827HY_BDinh2+BDinh4_COT22:00_PU01,,100,27/08/2026 00:00:00,21/08/2026 00:02:26,28/08/2026 11:01:21,,,
295760490,LT0Q8R4W36961,20260827HY_BDinh2+BDinh4_COT15:00_PU01,,100,27/08/2026 00:00:00,21/08/2026 00:02:26,28/08/2026 04:01:23,,,
295760489,LT0Q8R4W36951,20260827HY_BDinh2+BDinh4_COT13:00_PU01,,100,27/08/2026 00:00:00,21/08/2026 00:02:26,28/08/2026 02:04:48,,,
295760488,LT0Q8R4W36941,20260827HY_BDinh2+BDinh4_COT14:00_PU01,,100,27/08/2026 00:00:00,21/08/2026 00:02:26,28/08/2026 03:05:21,,,
295760487,LT0Q8R4W36931,20260827HY_TTri3_COT23:00_PU_101,,100,27/08/2026 00:00:00,21/08/2026 00:02:26,28/08/2026 12:03:22,,,
295760486,LT0Q8R4W36921,20260827HY_TTri3_COT21:00_PU_101,,100,27/08/2026 00:00:00,21/08/2026 00:02:26,28/08/2026 10:09:33,,,
295760485,LT0Q8R4W36911,20260827HY_TTri3_COT22:00_PU_101,,100,27/08/2026 00:00:00,21/08/2026 00:02:26,28/08/2026 11:01:21,,,
295760484,LT0Q8R4W36901,20260827HY_TTri2_COT23:00_PU_101,,100,27/08/2026 00:00:00,21/08/2026 00:02:26,28/08/2026 12:03:22,,,
295760483,LT0Q8R4W368Z1,20260827HY_TTri2_COT21:00_PU_101,,100,27/08/2026 00:00:00,21/08/2026 00:02:26,28/08/2026 10:09:32,,,
295760482,LT0Q8R4W368Y1,20260827HY_TTri2_COT22:00_PU_101,,100,27/08/2026 00:00:00,21/08/2026 00:02:26,28/08/2026 11:01:21,,,
295760481,LT0Q8R4W368X1,20260827HY_TOai_COT23:00_PU_101,,100,27/08/2026 00:00:00,21/08/2026 00:02:26,28/08/2026 12:03:22,,,
295760480,LT0Q8R4W368W1,20260827HY_TOai_COT21:00_PU_101,,100,27/08/2026 00:00:00,21/08/2026 00:02:26,28/08/2026 10:09:32,,,
295760479,LT0Q8R4W368V1,20260827HY_TOai_COT22:00_PU_101,,100,27/08/2026 00:00:00,21/08/2026 00:02:26,28/08/2026 11:01:21,,,
295760478,LT0Q8R4W368U1,20260827HY_TOai3_COT23:00_PU_101,,100,27/08/2026 00:00:00,21/08/2026 00:02:26,28/08/2026 12:03:22,,,
295760477,LT0Q8R4W368T1,20260827HY_TOai3_COT21:00_PU_101,,100,27/08/2026 00:00:00,21/08/2026 00:02:26,28/08/2026 10:09:32,,,
295760475,LT0Q8R4W368R1,20260827HY_PXuyen2_COT23:00_PU_101,,100,27/08/2026 00:00:00,21/08/2026 00:02:25,28/08/2026 12:03:22,,,
295760474,LT0Q8R4W368Q1,20260827HY_PXuyen2_COT21:00_PU_101,,100,27/08/2026 00:00:00,21/08/2026 00:02:25,28/08/2026 10:09:32,,,
295760473,LT0Q8R4W368P1,20260827HY_PXuyen2_COT22:00_PU_101,,100,27/08/2026 00:00:00,21/08/2026 00:02:25,28/08/2026 11:01:21,,,
295760472,LT0Q8R4W368O1,20260827HY_MLinh3_COT23:00_PU01,,100,27/08/2026 00:00:00,21/08/2026 00:02:25,28/08/2026 12:03:21,,,
295760471,LT0Q8R4W368N1,20260827HY_MLinh3_COT21:00_PU01,,100,27/08/2026 00:00:00,21/08/2026 00:02:25,28/08/2026 10:09:32,,,
295760470,LT0Q8R4W368M1,20260827HY_MLinh3_COT22:00_PU01,,100,27/08/2026 00:00:00,21/08/2026 00:02:25,28/08/2026 11:01:20,,,
295760469,LT0Q8R4W368L1,20260827HY_HDuc7_COT23:00_PU01,,100,27/08/2026 00:00:00,21/08/2026 00:02:25,28/08/2026 12:03:21,,,
295760468,LT0Q8R4W368K1,20260827HY_HDuc7_COT21:00_PU01,,100,27/08/2026 00:00:00,21/08/2026 00:02:25,28/08/2026 10:09:31,,,
295760466,LT0Q8R4W368I1,20260827HY_HDuc3_COT23:00_PU_101,,100,27/08/2026 00:00:00,21/08/2026 00:02:25,28/08/2026 12:03:21,,,
295760465,LT0Q8R4W368H1,20260827HY_HDuc3_COT21:00_PU_101,,100,27/08/2026 00:00:00,21/08/2026 00:02:25,28/08/2026 10:09:31,,,
295760464,LT0Q8R4W368G1,20260827HY_HDuc3_COT22:00_PU_101,,100,27/08/2026 00:00:00,21/08/2026 00:02:25,28/08/2026 11:01:20,,,
295760463,LT0Q8R4W368F1,20260827HY_GLam_COT23:00_PU_101,,100,27/08/2026 00:00:00,21/08/2026 00:02:25,28/08/2026 12:03:21,,,
295760462,LT0Q8R4W368E1,20260827HY_GLam_COT21:00_PU_101,,100,27/08/2026 00:00:00,21/08/2026 00:02:25,28/08/2026 10:09:31,,,
295760461,LT0Q8R4W368D1,20260827HY_GLam_COT22:00_PU_101,,100,27/08/2026 00:00:00,21/08/2026 00:02:25,28/08/2026 11:01:20,,,
295760460,LT0Q8R4W368C1,20260827HY_GLam6_COT23:00_PU_101,,100,27/08/2026 00:00:00,21/08/2026 00:02:25,28/08/2026 12:03:21,,,
295760459,LT0Q8R4W368B1,20260827HY_GLam6_COT21:00_PU_101,,100,27/08/2026 00:00:00,21/08/2026 00:02:25,28/08/2026 10:09:31,,,
295760458,LT0Q8R4W368A1,20260827HY_GLam6_COT22:00_PU_101,,100,27/08/2026 00:00:00,21/08/2026 00:02:25,28/08/2026 11:01:20,,,
295760457,LT0Q8R4W36891,20260827HY_GLam2_COT23:00_PU01,,100,27/08/2026 00:00:00,21/08/2026 00:02:25,28/08/2026 12:03:21,,,
295760456,LT0Q8R4W36881,20260827HY_GLam2_COT21:00_PU01,,100,27/08/2026 00:00:00,21/08/2026 00:02:25,28/08/2026 10:09:31,,,
295760455,LT0Q8R4W36871,20260827HY_GLam2_COT22:00_PU01,,100,27/08/2026 00:00:00,21/08/2026 00:02:25,28/08/2026 11:01:20,,,
295760454,LT0Q8R4W36861,20260827HY_DAnh3_COT23:00_PU01,,100,27/08/2026 00:00:00,21/08/2026 00:02:25,28/08/2026 12:03:21,,,
295760453,LT0Q8R4W36851,20260827HY_DAnh3_COT21:00_PU01,,100,27/08/2026 00:00:00,21/08/2026 00:02:25,28/08/2026 10:09:31,,,
295760452,LT0Q8R4W36841,20260827HY_DAnh3_COT22:00_PU01,,100,27/08/2026 00:00:00,21/08/2026 00:02:25,28/08/2026 11:01:20,,,
295760451,LT0Q8R4W36831,20260827HY_TXuan+TLiem7_COT23:00_PU_101,,100,27/08/2026 00:00:00,21/08/2026 00:02:25,28/08/2026 12:03:20,,,
295760450,LT0Q8R4W36821,20260827HY_TXuan+TLiem7_COT21:00_PU_101,,100,27/08/2026 00:00:00,21/08/2026 00:02:25,28/08/2026 10:09:31,,,
295760449,LT0Q8R4W36811,20260827HY_TXuan+TLiem7_COT22:00_PU_101,29H-794.69,90,27/08/2026 00:00:00,21/08/2026 00:02:25,28/08/2026 00:08:53,27/08/2026 21:50:24,27/08/2026 21:58:52,SEQ 1 - 20-HNI Thanh Xuan Hub (419) - 27/08/2026 21:50:24 | SEQ 2 - 20-HNI Tu Liem 7 Hub (5455) - 27/08/2026 21:58:52
295760448,LT0Q8R4W36801,20260827HY_LBien2_COT23:00_PU01,,100,27/08/2026 00:00:00,21/08/2026 00:02:25,28/08/2026 12:03:20,,,
295760447,LT0Q8R4W367Z1,20260827HY_LBien2_COT21:00_PU01,,100,27/08/2026 00:00:00,21/08/2026 00:02:25,28/08/2026 10:09:30,,,
295760446,LT0Q8R4W367Y1,20260827HY_LBien2_COT22:00_PU01,,100,27/08/2026 00:00:00,21/08/2026 00:02:25,28/08/2026 11:01:20,,,
295760445,LT0Q8R4W367X1,20260827HY_HMai2_COT23:00_PU01,,100,27/08/2026 00:00:00,21/08/2026 00:02:25,28/08/2026 12:03:20,,,
295760443,LT0Q8R4W367V1,20260827HY_HMai2_COT22:00_PU01,,100,27/08/2026 00:00:00,21/08/2026 00:02:25,28/08/2026 11:01:19,,,
295760442,LT0Q8R4W367U1,20260827HY_HBaT4_COT23:00_PU01,,100,27/08/2026 00:00:00,21/08/2026 00:02:25,28/08/2026 12:03:20,,,
295760438,LT0Q8R4W367Q1,20260827HY_THo3_COT21:00_PU01,,100,27/08/2026 00:00:00,21/08/2026 00:02:25,28/08/2026 10:09:30,,,
295760437,LT0Q8R4W367P1,20260827HY_THo3_COT22:00_PU01,,100,27/08/2026 00:00:00,21/08/2026 00:02:25,28/08/2026 11:01:19,,,
295760436,LT0Q8R4W367O1,20260827HY_THo3_COT15:00_PU01,,100,27/08/2026 00:00:00,21/08/2026 00:02:25,28/08/2026 04:01:23,,,
295760435,LT0Q8R4W367N1,20260827HY_THo3_COT13:00_PU01,,100,27/08/2026 00:00:00,21/08/2026 00:02:25,28/08/2026 02:04:48,,,
295760434,LT0Q8R4W367M1,20260827HY_THo3_COT14:00_PU01,,100,27/08/2026 00:00:00,21/08/2026 00:02:25,28/08/2026 03:05:21,,,
295760433,LT0Q8R4W367L1,20260827HY_THo+THo3_COT23:00_PU01,,100,27/08/2026 00:00:00,21/08/2026 00:02:25,28/08/2026 12:03:20,,,
295760432,LT0Q8R4W367K1,20260827HY_THo+THo3_COT21:00_PU01,,100,27/08/2026 00:00:00,21/08/2026 00:02:25,28/08/2026 10:09:30,,,
295760431,LT0Q8R4W367J1,20260827HY_THo+THo3_COT22:00_PU01,,100,27/08/2026 00:00:00,21/08/2026 00:02:25,28/08/2026 11:01:19,,,
295760430,LT0Q8R4W367I1,20260827HY_HMai5_COT15:00_PU01,,100,27/08/2026 00:00:00,21/08/2026 00:02:24,28/08/2026 04:01:23,,,
295760429,LT0Q8R4W367H1,20260827HY_HMai5_COT13:00_PU01,,100,27/08/2026 00:00:00,21/08/2026 00:02:24,28/08/2026 02:04:48,,,
295760428,LT0Q8R4W367G1,20260827HY_HMai5_COT14:00_PU01,,100,27/08/2026 00:00:00,21/08/2026 00:02:24,28/08/2026 03:05:21,,,
295760426,LT0Q8R4W367E1,20260827HY_HMai3_COT21:00_PU01,,100,27/08/2026 00:00:00,21/08/2026 00:02:24,28/08/2026 10:09:30,,,
295760425,LT0Q8R4W367D1,20260827HY_HMai3_COT22:00_PU01,,100,27/08/2026 00:00:00,21/08/2026 00:02:24,28/08/2026 11:01:19,,,
295760424,LT0Q8R4W367C1,20260827HY_TTri_COT23:00_PU01,,100,27/08/2026 00:00:00,21/08/2026 00:02:24,28/08/2026 12:03:20,,,
295760423,LT0Q8R4W367B1,20260827HY_TTri_COT21:00_PU01,,100,27/08/2026 00:00:00,21/08/2026 00:02:24,28/08/2026 10:09:30,,,
295760422,LT0Q8R4W367A1,20260827HY_TTri_COT22:00_PU01,,100,27/08/2026 00:00:00,21/08/2026 00:02:24,28/08/2026 11:01:19,,,
295760421,LT0Q8R4W36791,20260827HY_TTri_COT15:00_PU01,,100,27/08/2026 00:00:00,21/08/2026 00:02:24,28/08/2026 04:01:23,,,
295760420,LT0Q8R4W36781,20260827HY_TTri_COT13:00_PU01,,100,27/08/2026 00:00:00,21/08/2026 00:02:24,28/08/2026 02:04:48,,,
295760419,LT0Q8R4W36771,20260827HY_TTri_COT14:00_PU01,,100,27/08/2026 00:00:00,21/08/2026 00:02:24,28/08/2026 03:05:21,,,
295760418,LT0Q8R4W36761,20260827HY_TTri5_COT23:00_PU01,,100,27/08/2026 00:00:00,21/08/2026 00:02:24,28/08/2026 12:03:20,,,
295760417,LT0Q8R4W36751,20260827HY_TTri5_COT21:00_PU01,,100,27/08/2026 00:00:00,21/08/2026 00:02:24,28/08/2026 10:09:30,,,
295760416,LT0Q8R4W36741,20260827HY_TTri5_COT22:00_PU01,,100,27/08/2026 00:00:00,21/08/2026 00:02:24,28/08/2026 11:01:19,,,
295760415,LT0Q8R4W36731,20260827HY_TTri5_COT15:00_PU01,,100,27/08/2026 00:00:00,21/08/2026 00:02:24,28/08/2026 04:01:23,,,
295760414,LT0Q8R4W36721,20260827HY_TTri5_COT13:00_PU01,,100,27/08/2026 00:00:00,21/08/2026 00:02:24,28/08/2026 02:04:48,,,
295760413,LT0Q8R4W36711,20260827HY_TTri5_COT14:00_PU01,,100,27/08/2026 00:00:00,21/08/2026 00:02:24,28/08/2026 03:05:20,,,
295760412,LT0Q8R4W36701,20260827HY_TTri4_COT23:00_PU01,,100,27/08/2026 00:00:00,21/08/2026 00:02:24,28/08/2026 12:03:20,,,
295760411,LT0Q8R4W366Z1,20260827HY_TTri4_COT21:00_PU01,,100,27/08/2026 00:00:00,21/08/2026 00:02:24,28/08/2026 10:09:30,,,
295760410,LT0Q8R4W366Y1,20260827HY_TTri4_COT22:00_PU01,,100,27/08/2026 00:00:00,21/08/2026 00:02:24,28/08/2026 11:01:19,,,
295760409,LT0Q8R4W366X1,20260827HY_TTri4_COT15:00_PU01,,100,27/08/2026 00:00:00,21/08/2026 00:02:24,28/08/2026 04:01:23,,,
295760408,LT0Q8R4W366W1,20260827HY_TTri4_COT13:00_PU01,,100,27/08/2026 00:00:00,21/08/2026 00:02:24,28/08/2026 02:04:48,,,
295760407,LT0Q8R4W366V1,20260827HY_TTri4_COT14:00_PU01,,100,27/08/2026 00:00:00,21/08/2026 00:02:24,28/08/2026 03:05:20,,,
295760406,LT0Q8R4W366U1,20260827HY_TTri3_COT23:00_PU01,,100,27/08/2026 00:00:00,21/08/2026 00:02:24,28/08/2026 12:03:19,,,
295760405,LT0Q8R4W366T1,20260827HY_TTri3_COT21:00_PU01,,100,27/08/2026 00:00:00,21/08/2026 00:02:24,28/08/2026 10:09:29,,,
295760404,LT0Q8R4W366S1,20260827HY_TTri3_COT22:00_PU01,,100,27/08/2026 00:00:00,21/08/2026 00:02:24,28/08/2026 11:01:18,,,
295760403,LT0Q8R4W366R1,20260827HY_TTri3_COT15:00_PU01,,100,27/08/2026 00:00:00,21/08/2026 00:02:24,28/08/2026 04:01:23,,,
295760402,LT0Q8R4W366Q1,20260827HY_TTri3_COT13:00_PU01,,100,27/08/2026 00:00:00,21/08/2026 00:02:24,28/08/2026 02:04:48,,,
295760401,LT0Q8R4W366P1,20260827HY_TTri3_COT14:00_PU01,,100,27/08/2026 00:00:00,21/08/2026 00:02:24,28/08/2026 03:05:20,,,
295760400,LT0Q8R4W366O1,20260827HY_TTri2_COT23:00_PU01,,100,27/08/2026 00:00:00,21/08/2026 00:02:24,28/08/2026 12:03:19,,,
295760399,LT0Q8R4W366N1,20260827HY_TTri2_COT21:00_PU01,,100,27/08/2026 00:00:00,21/08/2026 00:02:24,28/08/2026 10:09:29,,,
295760398,LT0Q8R4W366M1,20260827HY_TTri2_COT22:00_PU01,,100,27/08/2026 00:00:00,21/08/2026 00:02:24,28/08/2026 11:01:18,,,
295760397,LT0Q8R4W366L1,20260827HY_TTri2_COT15:00_PU01,,100,27/08/2026 00:00:00,21/08/2026 00:02:24,28/08/2026 04:01:22,,,
295760396,LT0Q8R4W366K1,20260827HY_TTri2_COT13:00_PU01,,100,27/08/2026 00:00:00,21/08/2026 00:02:24,28/08/2026 02:04:47,,,
295760395,LT0Q8R4W366J1,20260827HY_TTri2_COT14:00_PU01,,100,27/08/2026 00:00:00,21/08/2026 00:02:24,28/08/2026 03:05:20,,,
295760394,LT0Q8R4W366I1,20260827HY_SSon+SSon3_COT23:00_PU01,,100,27/08/2026 00:00:00,21/08/2026 00:02:24,28/08/2026 12:03:19,,,
295760393,LT0Q8R4W366H1,20260827HY_SSon+SSon3_COT21:00_PU01,,100,27/08/2026 00:00:00,21/08/2026 00:02:24,28/08/2026 10:09:29,,,
295760392,LT0Q8R4W366G1,20260827HY_SSon+SSon3_COT22:00_PU01,,100,27/08/2026 00:00:00,21/08/2026 00:02:24,28/08/2026 11:01:18,,,
295760391,LT0Q8R4W366F1,20260827HY_SSon+SSon3_COT14:30_PU01,,100,27/08/2026 00:00:00,21/08/2026 00:02:24,28/08/2026 03:05:20,,,
295760390,LT0Q8R4W366E1,20260827HY_SSon+SSon3_COT12:30_PU01,,100,27/08/2026 00:00:00,21/08/2026 00:02:24,28/08/2026 01:01:05,,,
295760389,LT0Q8R4W366D1,20260827HY_SSon+SSon3_COT13:30_PU01,,100,27/08/2026 00:00:00,21/08/2026 00:02:24,28/08/2026 02:04:47,,,
295760388,LT0Q8R4W366C1,20260827HY_SSon4_COT23:00_PU01,29E-791.05,90,27/08/2026 00:00:00,21/08/2026 00:02:24,28/08/2026 02:39:27,27/08/2026 19:38:00,27/08/2026 20:45:46,SEQ 1 - 21-HNI Soc Son 4 Hub (2448) - 27/08/2026 19:38:00 | SEQ 2 - 21-HNI Soc Son Hub (128) - 27/08/2026 20:09:59 | SEQ 3 - 21-HNI Soc Son 3 Hub (2132) - 27/08/2026 20:45:46
295760387,LT0Q8R4W366B1,20260827HY_SSon4_COT21:00_PU01,,100,27/08/2026 00:00:00,21/08/2026 00:02:24,28/08/2026 10:09:29,,,
295760386,LT0Q8R4W366A1,20260827HY_SSon4_COT22:00_PU01,,100,27/08/2026 00:00:00,21/08/2026 00:02:23,28/08/2026 11:01:18,,,
295760385,LT0Q8R4W36691,20260827HY_SSon4_COT15:00_PU01,,100,27/08/2026 00:00:00,21/08/2026 00:02:23,28/08/2026 04:01:22,,,
295760384,LT0Q8R4W36681,20260827HY_SSon4_COT13:00_PU01,,100,27/08/2026 00:00:00,21/08/2026 00:02:23,28/08/2026 02:04:47,,,
295760383,LT0Q8R4W36671,20260827HY_SSon4_COT14:00_PU01,,100,27/08/2026 00:00:00,21/08/2026 00:02:23,28/08/2026 03:05:20,,,
295760382,LT0Q8R4W36661,20260827HY_SSon2+SSon5_COT23:00_PU01,,100,27/08/2026 00:00:00,21/08/2026 00:02:23,28/08/2026 12:03:19,,,
295760381,LT0Q8R4W36651,20260827HY_SSon2+SSon5_COT21:00_PU01,,100,27/08/2026 00:00:00,21/08/2026 00:02:23,28/08/2026 10:09:29,,,
295760380,LT0Q8R4W36641,20260827HY_SSon2+SSon5_COT22:00_PU01,,100,27/08/2026 00:00:00,21/08/2026 00:02:23,28/08/2026 11:01:18,,,
295760379,LT0Q8R4W36631,20260827HY_SSon2+SSon5_COT15:00_PU01,,100,27/08/2026 00:00:00,21/08/2026 00:02:23,28/08/2026 04:01:22,,,
295760378,LT0Q8R4W36621,20260827HY_SSon2+SSon5_COT13:00_PU01,,100,27/08/2026 00:00:00,21/08/2026 00:02:23,28/08/2026 02:04:47,,,
295760377,LT0Q8R4W36611,20260827HY_SSon2+SSon5_COT14:00_PU01,,100,27/08/2026 00:00:00,21/08/2026 00:02:23,28/08/2026 03:05:20,,,
295760376,LT0Q8R4W36601,20260827HY_MLinh_COT23:00_PU01,,100,27/08/2026 00:00:00,21/08/2026 00:02:23,28/08/2026 12:03:19,,,
295760375,LT0Q8R4W365Z1,20260827HY_MLinh_COT21:00_PU01,,100,27/08/2026 00:00:00,21/08/2026 00:02:23,28/08/2026 10:09:29,,,
295760374,LT0Q8R4W365Y1,20260827HY_MLinh_COT22:00_PU01,,100,27/08/2026 00:00:00,21/08/2026 00:02:23,28/08/2026 11:01:18,,,
295760373,LT0Q8R4W365X1,20260827HY_MLinh_COT15:00_PU01,,100,27/08/2026 00:00:00,21/08/2026 00:02:23,28/08/2026 04:01:22,,,
295760372,LT0Q8R4W365W1,20260827HY_MLinh_COT13:00_PU01,,100,27/08/2026 00:00:00,21/08/2026 00:02:23,28/08/2026 02:04:47,,,
295760371,LT0Q8R4W365V1,20260827HY_MLinh_COT14:00_PU01,,100,27/08/2026 00:00:00,21/08/2026 00:02:23,28/08/2026 03:05:20,,,
295760370,LT0Q8R4W365U1,20260827HY_MLinh2+MLinh3_COT23:00_PU01,,100,27/08/2026 00:00:00,21/08/2026 00:02:23,28/08/2026 12:03:19,,,
295760369,LT0Q8R4W365T1,20260827HY_MLinh2+MLinh3_COT21:00_PU01,,100,27/08/2026 00:00:00,21/08/2026 00:02:23,28/08/2026 10:09:29,,,
295760368,LT0Q8R4W365S1,20260827HY_MLinh2+MLinh3_COT22:00_PU01,,100,27/08/2026 00:00:00,21/08/2026 00:02:23,28/08/2026 11:01:18,,,
295760367,LT0Q8R4W365R1,20260827HY_MLinh2+MLinh3_COT14:30_PU01,,100,27/08/2026 00:00:00,21/08/2026 00:02:23,28/08/2026 03:05:19,,,
295760366,LT0Q8R4W365Q1,20260827HY_MLinh2+MLinh3_COT12:30_PU01,,100,27/08/2026 00:00:00,21/08/2026 00:02:23,28/08/2026 01:01:04,,,
295760365,LT0Q8R4W365P1,20260827HY_MLinh2+MLinh3_COT13:30_PU01,,100,27/08/2026 00:00:00,21/08/2026 00:02:23,28/08/2026 02:04:47,,,
295760364,LT0Q8R4W365O1,20260827HY_GLam_COT23:00_PU01,,100,27/08/2026 00:00:00,21/08/2026 00:02:23,28/08/2026 12:03:19,,,
295760363,LT0Q8R4W365N1,20260827HY_GLam_COT21:00_PU01,,100,27/08/2026 00:00:00,21/08/2026 00:02:23,28/08/2026 10:09:29,,,
295760362,LT0Q8R4W365M1,20260827HY_GLam_COT22:00_PU01,,100,27/08/2026 00:00:00,21/08/2026 00:02:23,28/08/2026 11:01:17,,,
295760361,LT0Q8R4W365L1,20260827HY_GLam_COT15:00_PU01,,100,27/08/2026 00:00:00,21/08/2026 00:02:23,28/08/2026 04:01:22,,,
295760360,LT0Q8R4W365K1,20260827HY_GLam_COT13:00_PU01,,100,27/08/2026 00:00:00,21/08/2026 00:02:23,28/08/2026 02:04:47,,,
295760359,LT0Q8R4W365J1,20260827HY_GLam_COT14:00_PU01,,100,27/08/2026 00:00:00,21/08/2026 00:02:23,28/08/2026 03:05:19,,,
295760358,LT0Q8R4W365I1,20260827HY_GLam7_COT23:00_PU01,,100,27/08/2026 00:00:00,21/08/2026 00:02:23,28/08/2026 12:03:18,,,
295760357,LT0Q8R4W365H1,20260827HY_GLam7_COT21:00_PU01,,100,27/08/2026 00:00:00,21/08/2026 00:02:23,28/08/2026 10:09:28,,,
295760356,LT0Q8R4W365G1,20260827HY_GLam7_COT22:00_PU01,,100,27/08/2026 00:00:00,21/08/2026 00:02:23,28/08/2026 11:01:17,,,
295760355,LT0Q8R4W365F1,20260827HY_GLam7_COT15:00_PU01,,100,27/08/2026 00:00:00,21/08/2026 00:02:23,28/08/2026 04:01:22,,,
295760354,LT0Q8R4W365E1,20260827HY_GLam7_COT13:00_PU01,,100,27/08/2026 00:00:00,21/08/2026 00:02:23,28/08/2026 02:04:47,,,
295760353,LT0Q8R4W365D1,20260827HY_GLam7_COT14:00_PU01,,100,27/08/2026 00:00:00,21/08/2026 00:02:23,28/08/2026 03:05:19,,,
295760352,LT0Q8R4W365C1,20260827HY_GLam6_COT23:00_PU01,,100,27/08/2026 00:00:00,21/08/2026 00:02:23,28/08/2026 12:03:18,,,
295760351,LT0Q8R4W365B1,20260827HY_GLam6_COT21:00_PU01,,100,27/08/2026 00:00:00,21/08/2026 00:02:23,28/08/2026 10:09:28,,,
295760350,LT0Q8R4W365A1,20260827HY_GLam6_COT22:00_PU01,,100,27/08/2026 00:00:00,21/08/2026 00:02:23,28/08/2026 11:01:17,,,
295760349,LT0Q8R4W36591,20260827HY_GLam6_COT15:00_PU01,,100,27/08/2026 00:00:00,21/08/2026 00:02:23,28/08/2026 04:01:22,,,
295760348,LT0Q8R4W36581,20260827HY_GLam6_COT13:00_PU01,,100,27/08/2026 00:00:00,21/08/2026 00:02:23,28/08/2026 02:04:47,,,
295760346,LT0Q8R4W36561,20260827HY_GLam5_COT23:00_PU01,,100,27/08/2026 00:00:00,21/08/2026 00:02:23,28/08/2026 12:03:18,,,
295760345,LT0Q8R4W36551,20260827HY_GLam5_COT21:00_PU01,,100,27/08/2026 00:00:00,21/08/2026 00:02:23,28/08/2026 10:09:28,,,
295760344,LT0Q8R4W36541,20260827HY_GLam5_COT22:00_PU01,,100,27/08/2026 00:00:00,21/08/2026 00:02:23,28/08/2026 11:01:17,,,
295760343,LT0Q8R4W36531,20260827HY_GLam5_COT15:00_PU01,,100,27/08/2026 00:00:00,21/08/2026 00:02:23,28/08/2026 04:01:22,,,
295760342,LT0Q8R4W36521,20260827HY_GLam5_COT13:00_PU01,,100,27/08/2026 00:00:00,21/08/2026 00:02:22,28/08/2026 02:04:46,,,
295760341,LT0Q8R4W36511,20260827HY_GLam5_COT14:00_PU01,,100,27/08/2026 00:00:00,21/08/2026 00:02:22,28/08/2026 03:05:19,,,
295760340,LT0Q8R4W36501,20260827HY_GLam4+GLam2_COT23:00_PU01,,100,27/08/2026 00:00:00,21/08/2026 00:02:22,28/08/2026 12:03:18,,,
295760338,LT0Q8R4W364Y1,20260827HY_GLam4+GLam2_COT22:00_PU01,,100,27/08/2026 00:00:00,21/08/2026 00:02:22,28/08/2026 11:01:17,,,
295760337,LT0Q8R4W364X1,20260827HY_GLam4+GLam2_COT14:30_PU01,,100,27/08/2026 00:00:00,21/08/2026 00:02:22,28/08/2026 03:05:19,,,
295760336,LT0Q8R4W364W1,20260827HY_GLam4+GLam2_COT12:30_PU01,,100,27/08/2026 00:00:00,21/08/2026 00:02:22,28/08/2026 01:01:04,,,
295760335,LT0Q8R4W364V1,20260827HY_GLam4+GLam2_COT13:30_PU01,,100,27/08/2026 00:00:00,21/08/2026 00:02:22,28/08/2026 02:04:46,,,
295760334,LT0Q8R4W364U1,20260827HY_GLam3_COT23:00_PU01,,100,27/08/2026 00:00:00,21/08/2026 00:02:22,28/08/2026 12:03:18,,,
295760333,LT0Q8R4W364T1,20260827HY_GLam3_COT21:00_PU01,,100,27/08/2026 00:00:00,21/08/2026 00:02:22,28/08/2026 10:09:28,,,
295760332,LT0Q8R4W364S1,20260827HY_GLam3_COT22:00_PU01,,100,27/08/2026 00:00:00,21/08/2026 00:02:22,28/08/2026 11:01:17,,,
295760331,LT0Q8R4W364R1,20260827HY_GLam3_COT15:00_PU01,,100,27/08/2026 00:00:00,21/08/2026 00:02:22,28/08/2026 04:01:21,,,
295760330,LT0Q8R4W364Q1,20260827HY_GLam3_COT13:00_PU01,,100,27/08/2026 00:00:00,21/08/2026 00:02:22,28/08/2026 02:04:46,,,
295760329,LT0Q8R4W364P1,20260827HY_GLam3_COT14:00_PU01,,100,27/08/2026 00:00:00,21/08/2026 00:02:22,28/08/2026 03:05:19,,,
295760328,LT0Q8R4W364O1,20260827HY_DAnh+DAnh4_COT23:00_PU01,29E-791.07,90,27/08/2026 00:00:00,21/08/2026 00:02:22,28/08/2026 00:50:10,27/08/2026 22:05:56,27/08/2026 22:58:53,SEQ 1 - 21-HNI Dong Anh Hub (103) - 27/08/2026 22:05:56 | SEQ 2 - 21-HNI Dong Anh 4 Hub (2069) - 27/08/2026 22:58:53
295760327,LT0Q8R4W364N1,20260827HY_DAnh+DAnh4_COT21:00_PU01,,100,27/08/2026 00:00:00,21/08/2026 00:02:22,28/08/2026 10:09:28,,,
295760326,LT0Q8R4W364M1,20260827HY_DAnh+DAnh4_COT22:00_PU01,,100,27/08/2026 00:00:00,21/08/2026 00:02:22,28/08/2026 11:01:17,,,
295760325,LT0Q8R4W364L1,20260827HY_DAnh+DAnh4_COT14:30_PU01,,100,27/08/2026 00:00:00,21/08/2026 00:02:22,28/08/2026 03:05:19,,,
295760324,LT0Q8R4W364K1,20260827HY_DAnh+DAnh4_COT12:30_PU01,,100,27/08/2026 00:00:00,21/08/2026 00:02:22,28/08/2026 01:01:04,,,
295760323,LT0Q8R4W364J1,20260827HY_DAnh+DAnh4_COT13:30_PU01,,100,27/08/2026 00:00:00,21/08/2026 00:02:22,28/08/2026 02:04:46,,,
295760322,LT0Q8R4W364I1,20260827HY_DAnh5+DAnh6_COT23:00_PU01,,100,27/08/2026 00:00:00,21/08/2026 00:02:22,28/08/2026 12:03:18,,,
295760321,LT0Q8R4W364H1,20260827HY_DAnh5+DAnh6_COT21:00_PU01,,100,27/08/2026 00:00:00,21/08/2026 00:02:22,28/08/2026 10:09:28,,,
295760320,LT0Q8R4W364G1,20260827HY_DAnh5+DAnh6_COT22:00_PU01,,100,27/08/2026 00:00:00,21/08/2026 00:02:22,28/08/2026 11:01:16,,,
295760319,LT0Q8R4W364F1,20260827HY_DAnh5+DAnh6_COT14:15_PU_101,,100,27/08/2026 00:00:00,21/08/2026 00:02:22,28/08/2026 03:05:19,,,
295760318,LT0Q8R4W364E1,20260827HY_DAnh5+DAnh6_COT12:15_PU_101,,100,27/08/2026 00:00:00,21/08/2026 00:02:22,28/08/2026 01:01:04,,,
295760317,LT0Q8R4W364D1,20260827HY_DAnh5+DAnh6_COT13:15_PU_101,,100,27/08/2026 00:00:00,21/08/2026 00:02:22,28/08/2026 02:04:46,,,
295760316,LT0Q8R4W364C1,20260827HY_DAnh5+DAnh6_COT14:15_PU01,,100,27/08/2026 00:00:00,21/08/2026 00:02:22,28/08/2026 03:05:19,,,
295760315,LT0Q8R4W364B1,20260827HY_DAnh5+DAnh6_COT12:15_PU01,,100,27/08/2026 00:00:00,21/08/2026 00:02:22,28/08/2026 01:01:04,,,
295760314,LT0Q8R4W364A1,20260827HY_DAnh5+DAnh6_COT13:15_PU01,,100,27/08/2026 00:00:00,21/08/2026 00:02:22,28/08/2026 02:04:46,,,
295760313,LT0Q8R4W36491,20260827HY_DAnh4_COT23:00_PU01,,100,27/08/2026 00:00:00,21/08/2026 00:02:22,28/08/2026 12:03:18,,,
295760312,LT0Q8R4W36481,20260827HY_DAnh4_COT21:00_PU01,,100,27/08/2026 00:00:00,21/08/2026 00:02:22,28/08/2026 10:09:28,,,
295760311,LT0Q8R4W36471,20260827HY_DAnh4_COT22:00_PU01,,100,27/08/2026 00:00:00,21/08/2026 00:02:22,28/08/2026 11:01:16,,,
295760310,LT0Q8R4W36461,20260827HY_DAnh2+DAnh3_COT23:00_PU01,,100,27/08/2026 00:00:00,21/08/2026 00:02:22,28/08/2026 12:03:18,,,
295760309,LT0Q8R4W36451,20260827HY_DAnh2+DAnh3_COT21:00_PU01,,100,27/08/2026 00:00:00,21/08/2026 00:02:22,28/08/2026 10:09:27,,,
295760308,LT0Q8R4W36441,20260827HY_DAnh2+DAnh3_COT22:00_PU01,,100,27/08/2026 00:00:00,21/08/2026 00:02:22,28/08/2026 11:01:16,,,
295760307,LT0Q8R4W36431,20260827HY_DAnh2+DAnh3_COT14:30_PU01,,100,27/08/2026 00:00:00,21/08/2026 00:02:22,28/08/2026 03:05:18,,,
295760306,LT0Q8R4W36421,20260827HY_DAnh2+DAnh3_COT12:30_PU01,,100,27/08/2026 00:00:00,21/08/2026 00:02:22,28/08/2026 01:01:04,,,
295760305,LT0Q8R4W36411,20260827HY_DAnh2+DAnh3_COT13:30_PU01,,100,27/08/2026 00:00:00,21/08/2026 00:02:22,28/08/2026 02:04:46,,,
295760304,LT0Q8R4W36401,20260827HY_TLiem_COT23:00_PU01,,100,27/08/2026 00:00:00,21/08/2026 00:02:22,28/08/2026 12:03:17,,,
295760303,LT0Q8R4W363Z1,20260827HY_TLiem_COT21:00_PU01,,100,27/08/2026 00:00:00,21/08/2026 00:02:22,28/08/2026 10:09:27,,,
295760302,LT0Q8R4W363Y1,20260827HY_TLiem_COT22:00_PU01,29E-297.30,90,27/08/2026 00:00:00,21/08/2026 00:02:22,28/08/2026 00:13:26,27/08/2026 22:00:43,27/08/2026 22:00:43,SEQ 1 - 20-HNI Tu Liem Hub (17) - 27/08/2026 22:00:43
295760301,LT0Q8R4W363X1,20260827HY_TLiem_COT15:00_PU01,,100,27/08/2026 00:00:00,21/08/2026 00:02:22,28/08/2026 04:01:21,,,
295760300,LT0Q8R4W363W1,20260827HY_TLiem_COT13:00_PU01,,100,27/08/2026 00:00:00,21/08/2026 00:02:22,28/08/2026 02:04:46,,,
295760298,LT0Q8R4W363U1,20260827HY_TLiem5_COT23:00_PU01,,100,27/08/2026 00:00:00,21/08/2026 00:02:21,28/08/2026 12:03:17,,,
295760297,LT0Q8R4W363T1,20260827HY_TLiem5_COT21:00_PU01,,100,27/08/2026 00:00:00,21/08/2026 00:02:21,28/08/2026 10:09:27,,,
295760296,LT0Q8R4W363S1,20260827HY_TLiem5_COT22:00_PU01,29H-778.30,90,27/08/2026 00:00:00,21/08/2026 00:02:21,28/08/2026 00:01:52,27/08/2026 21:47:10,27/08/2026 22:21:38,SEQ 1 - 20-HNI Tu Liem 5 Hub (2890) - 27/08/2026 21:47:10 | SEQ 2 - 20-HNI Tu Liem 6 Hub (4784) - 27/08/2026 22:21:38
295760295,LT0Q8R4W363R1,20260827HY_TLiem5_COT15:00_PU01,,100,27/08/2026 00:00:00,21/08/2026 00:02:21,28/08/2026 04:01:21,,,
295760294,LT0Q8R4W363Q1,20260827HY_TLiem5_COT13:00_PU01,,100,27/08/2026 00:00:00,21/08/2026 00:02:21,28/08/2026 02:04:45,,,
295760293,LT0Q8R4W363P1,20260827HY_TLiem5_COT14:00_PU01,,100,27/08/2026 00:00:00,21/08/2026 00:02:21,28/08/2026 03:05:18,,,
295760292,LT0Q8R4W363O1,20260827HY_TLiem4_COT23:00_PU01,,100,27/08/2026 00:00:00,21/08/2026 00:02:21,28/08/2026 12:03:17,,,
295760291,LT0Q8R4W363N1,20260827HY_TLiem4_COT21:00_PU01,,100,27/08/2026 00:00:00,21/08/2026 00:02:21,28/08/2026 10:09:27,,,
295760290,LT0Q8R4W363M1,20260827HY_TLiem4_COT22:00_PU01,,100,27/08/2026 00:00:00,21/08/2026 00:02:21,28/08/2026 11:01:16,,,
295760289,LT0Q8R4W363L1,20260827HY_TLiem4_COT15:00_PU01,,100,27/08/2026 00:00:00,21/08/2026 00:02:21,28/08/2026 04:01:21,,,
295760288,LT0Q8R4W363K1,20260827HY_TLiem4_COT13:00_PU01,,100,27/08/2026 00:00:00,21/08/2026 00:02:21,28/08/2026 02:04:45,,,
295760287,LT0Q8R4W363J1,20260827HY_TLiem4_COT14:00_PU01,,100,27/08/2026 00:00:00,21/08/2026 00:02:21,28/08/2026 03:05:18,,,
295760286,LT0Q8R4W363I1,20260827HY_TLiem3_COT23:00_PU01,,100,27/08/2026 00:00:00,21/08/2026 00:02:21,28/08/2026 12:03:17,,,
295760285,LT0Q8R4W363H1,20260827HY_TLiem3_COT21:00_PU01,,100,27/08/2026 00:00:00,21/08/2026 00:02:21,28/08/2026 10:09:27,,,
295760284,LT0Q8R4W363G1,20260827HY_TLiem3_COT22:00_PU01,,100,27/08/2026 00:00:00,21/08/2026 00:02:21,28/08/2026 11:01:16,,,
295760283,LT0Q8R4W363F1,20260827HY_TLiem3_COT15:00_PU01,,100,27/08/2026 00:00:00,21/08/2026 00:02:21,28/08/2026 04:01:21,,,
295760282,LT0Q8R4W363E1,20260827HY_TLiem3_COT13:00_PU01,,100,27/08/2026 00:00:00,21/08/2026 00:02:21,28/08/2026 02:04:45,,,
295760281,LT0Q8R4W363D1,20260827HY_TLiem3_COT14:00_PU01,,100,27/08/2026 00:00:00,21/08/2026 00:02:21,28/08/2026 03:05:18,,,
295760280,LT0Q8R4W363C1,20260827HY_TLiem2_COT23:00_PU01,29E-441.64,90,27/08/2026 00:00:00,21/08/2026 00:02:21,28/08/2026 00:27:56,27/08/2026 22:13:44,27/08/2026 22:13:44,SEQ 1 - 20-HNI Tu Liem 2 Hub (616) - 27/08/2026 22:13:44
295760279,LT0Q8R4W363B1,20260827HY_TLiem2_COT21:00_PU01,,100,27/08/2026 00:00:00,21/08/2026 00:02:21,28/08/2026 10:09:27,,,
295760278,LT0Q8R4W363A1,20260827HY_TLiem2_COT22:00_PU01,,100,27/08/2026 00:00:00,21/08/2026 00:02:21,28/08/2026 11:01:16,,,
295760277,LT0Q8R4W36391,20260827HY_TLiem2_COT15:00_PU01,,100,27/08/2026 00:00:00,21/08/2026 00:02:21,28/08/2026 04:01:21,,,
295760276,LT0Q8R4W36381,20260827HY_TLiem2_COT13:00_PU01,,100,27/08/2026 00:00:00,21/08/2026 00:02:21,28/08/2026 02:04:45,,,
295760274,LT0Q8R4W36361,20260827HY_TXuan+TLiem7_COT23:00_PU01,,100,27/08/2026 00:00:00,21/08/2026 00:02:21,28/08/2026 12:03:17,,,
295760273,LT0Q8R4W36351,20260827HY_TXuan+TLiem7_COT21:00_PU01,,100,27/08/2026 00:00:00,21/08/2026 00:02:21,28/08/2026 10:09:27,,,
295760272,LT0Q8R4W36341,20260827HY_TXuan+TLiem7_COT22:00_PU01,,100,27/08/2026 00:00:00,21/08/2026 00:02:21,28/08/2026 11:01:16,,,
295760271,LT0Q8R4W36331,20260827HY_TXuan+TLiem7_COT15:00_PU01,,100,27/08/2026 00:00:00,21/08/2026 00:02:21,28/08/2026 04:01:21,,,
295760270,LT0Q8R4W36321,20260827HY_TXuan+TLiem7_COT13:00_PU01,,100,27/08/2026 00:00:00,21/08/2026 00:02:21,28/08/2026 02:04:45,,,
295760269,LT0Q8R4W36311,20260827HY_TXuan+TLiem7_COT14:00_PU01,,100,27/08/2026 00:00:00,21/08/2026 00:02:21,28/08/2026 03:05:18,,,
295760268,LT0Q8R4W36301,20260827HY_TXuan4+TXuan5_COT23:00_PU01,,100,27/08/2026 00:00:00,21/08/2026 00:02:21,28/08/2026 12:03:17,,,
295760267,LT0Q8R4W362Z1,20260827HY_TXuan4+TXuan5_COT21:00_PU01,,100,27/08/2026 00:00:00,21/08/2026 00:02:21,28/08/2026 10:09:27,,,
295760266,LT0Q8R4W362Y1,20260827HY_TXuan4+TXuan5_COT22:00_PU01,,100,27/08/2026 00:00:00,21/08/2026 00:02:21,28/08/2026 11:01:15,,,
295760265,LT0Q8R4W362X1,20260827HY_TXuan4+TXuan5_COT14:30_PU01,,100,27/08/2026 00:00:00,21/08/2026 00:02:21,28/08/2026 03:05:18,,,
295760264,LT0Q8R4W362W1,20260827HY_TXuan4+TXuan5_COT12:30_PU01,,100,27/08/2026 00:00:00,21/08/2026 00:02:21,28/08/2026 01:01:04,,,
295760263,LT0Q8R4W362V1,20260827HY_TXuan4+TXuan5_COT13:30_PU01,,100,27/08/2026 00:00:00,21/08/2026 00:02:21,28/08/2026 02:04:45,,,
295760262,LT0Q8R4W362U1,20260827HY_TXuan3+TXuan6_COT23:00_PU01,,100,27/08/2026 00:00:00,21/08/2026 00:02:21,28/08/2026 12:03:17,,,
295760261,LT0Q8R4W362T1,20260827HY_TXuan3+TXuan6_COT21:00_PU01,,100,27/08/2026 00:00:00,21/08/2026 00:02:21,28/08/2026 10:09:26,,,
295760260,LT0Q8R4W362S1,20260827HY_TXuan3+TXuan6_COT22:00_PU01,,100,27/08/2026 00:00:00,21/08/2026 00:02:21,28/08/2026 11:01:15,,,
295760258,LT0Q8R4W362Q1,20260827HY_TXuan3+TXuan6_COT12:30_PU01,,100,27/08/2026 00:00:00,21/08/2026 00:02:21,28/08/2026 01:01:04,,,
295760257,LT0Q8R4W362P1,20260827HY_TXuan3+TXuan6_COT13:30_PU01,,100,27/08/2026 00:00:00,21/08/2026 00:02:21,28/08/2026 02:04:45,,,
295760256,LT0Q8R4W362O1,20260827HY_THo4+THo6_COT23:00_PU01,,100,27/08/2026 00:00:00,21/08/2026 00:02:21,28/08/2026 12:03:16,,,
295760255,LT0Q8R4W362N1,20260827HY_THo4+THo6_COT21:00_PU01,,100,27/08/2026 00:00:00,21/08/2026 00:02:20,28/08/2026 10:09:26,,,
295760254,LT0Q8R4W362M1,20260827HY_THo4+THo6_COT22:00_PU01,,100,27/08/2026 00:00:00,21/08/2026 00:02:20,28/08/2026 11:01:15,,,
295760253,LT0Q8R4W362L1,20260827HY_THo4+THo6_COT14:30_PU01,,100,27/08/2026 00:00:00,21/08/2026 00:02:20,28/08/2026 03:05:18,,,
295760252,LT0Q8R4W362K1,20260827HY_THo4+THo6_COT12:30_PU01,,100,27/08/2026 00:00:00,21/08/2026 00:02:20,28/08/2026 01:01:03,,,
295760250,LT0Q8R4W362I1,20260827HY_THo2+THo5_COT23:00_PU01,,100,27/08/2026 00:00:00,21/08/2026 00:02:20,28/08/2026 12:03:16,,,
295760248,LT0Q8R4W362G1,20260827HY_THo2+THo5_COT22:00_PU01,,100,27/08/2026 00:00:00,21/08/2026 00:02:20,28/08/2026 11:01:15,,,
295760247,LT0Q8R4W362F1,20260827HY_THo2+THo5_COT14:30_PU01,,100,27/08/2026 00:00:00,21/08/2026 00:02:20,28/08/2026 03:05:18,,,
295760246,LT0Q8R4W362E1,20260827HY_THo2+THo5_COT12:30_PU01,,100,27/08/2026 00:00:00,21/08/2026 00:02:20,28/08/2026 01:01:03,,,
295760245,LT0Q8R4W362D1,20260827HY_THo2+THo5_COT13:30_PU01,,100,27/08/2026 00:00:00,21/08/2026 00:02:20,28/08/2026 02:04:44,,,
295760244,LT0Q8R4W362C1,20260827HY_LBien+LBien2_COT23:00_PU01,,100,27/08/2026 00:00:00,21/08/2026 00:02:20,28/08/2026 12:03:16,,,
295760242,LT0Q8R4W362A1,20260827HY_LBien+LBien2_COT22:00_PU01,,100,27/08/2026 00:00:00,21/08/2026 00:02:20,28/08/2026 11:01:15,,,
295760241,LT0Q8R4W36291,20260827HY_LBien+LBien2_COT14:30_PU01,,100,27/08/2026 00:00:00,21/08/2026 00:02:20,28/08/2026 03:05:17,,,
295760240,LT0Q8R4W36281,20260827HY_LBien+LBien2_COT12:30_PU01,,100,27/08/2026 00:00:00,21/08/2026 00:02:20,28/08/2026 01:01:03,,,
295760238,LT0Q8R4W36261,20260827HY_LBien5_COT23:00_PU01,,100,27/08/2026 00:00:00,21/08/2026 00:02:20,28/08/2026 12:03:16,,,
295760237,LT0Q8R4W36251,20260827HY_LBien5_COT21:00_PU01,,100,27/08/2026 00:00:00,21/08/2026 00:02:20,28/08/2026 10:09:26,,,
295760236,LT0Q8R4W36241,20260827HY_LBien5_COT22:00_PU01,,100,27/08/2026 00:00:00,21/08/2026 00:02:20,28/08/2026 11:01:15,,,
295760235,LT0Q8R4W36231,20260827HY_LBien5_COT15:00_PU01,,100,27/08/2026 00:00:00,21/08/2026 00:02:20,28/08/2026 04:01:20,,,
295760234,LT0Q8R4W36221,20260827HY_LBien5_COT13:00_PU01,,100,27/08/2026 00:00:00,21/08/2026 00:02:20,28/08/2026 02:04:44,,,
295760233,LT0Q8R4W36211,20260827HY_LBien5_COT14:00_PU01,,100,27/08/2026 00:00:00,21/08/2026 00:02:20,28/08/2026 03:05:17,,,
295760232,LT0Q8R4W36201,20260827HY_LBien4_COT23:00_PU01,,100,27/08/2026 00:00:00,21/08/2026 00:02:20,28/08/2026 12:03:16,,,
295760231,LT0Q8R4W361Z1,20260827HY_LBien4_COT21:00_PU01,,100,27/08/2026 00:00:00,21/08/2026 00:02:20,28/08/2026 10:09:26,,,
295760230,LT0Q8R4W361Y1,20260827HY_LBien4_COT22:00_PU01,,100,27/08/2026 00:00:00,21/08/2026 00:02:20,28/08/2026 11:01:15,,,
295760229,LT0Q8R4W361X1,20260827HY_LBien4_COT15:00_PU01,,100,27/08/2026 00:00:00,21/08/2026 00:02:20,28/08/2026 04:01:20,,,
295760228,LT0Q8R4W361W1,20260827HY_LBien4_COT13:00_PU01,,100,27/08/2026 00:00:00,21/08/2026 00:02:20,28/08/2026 02:04:44,,,
295760227,LT0Q8R4W361V1,20260827HY_LBien4_COT14:00_PU01,,100,27/08/2026 00:00:00,21/08/2026 00:02:20,28/08/2026 03:05:17,,,
295760226,LT0Q8R4W361U1,20260827HY_LBien3_COT23:00_PU01,,100,27/08/2026 00:00:00,21/08/2026 00:02:20,28/08/2026 12:03:16,,,
295760225,LT0Q8R4W361T1,20260827HY_LBien3_COT21:00_PU01,,100,27/08/2026 00:00:00,21/08/2026 00:02:20,28/08/2026 10:09:26,,,
295760224,LT0Q8R4W361S1,20260827HY_LBien3_COT22:00_PU01,,100,27/08/2026 00:00:00,21/08/2026 00:02:20,28/08/2026 11:01:14,,,
295760223,LT0Q8R4W361R1,20260827HY_LBien3_COT15:00_PU01,,100,27/08/2026 00:00:00,21/08/2026 00:02:20,28/08/2026 04:01:20,,,
295760222,LT0Q8R4W361Q1,20260827HY_LBien3_COT13:00_PU01,,100,27/08/2026 00:00:00,21/08/2026 00:02:20,28/08/2026 02:04:44,,,
295760221,LT0Q8R4W361P1,20260827HY_LBien3_COT14:00_PU01,,100,27/08/2026 00:00:00,21/08/2026 00:02:20,28/08/2026 03:05:17,,,
295760220,LT0Q8R4W361O1,20260827HY_HMai+HMai3_COT23:00_PU01,,100,27/08/2026 00:00:00,21/08/2026 00:02:20,28/08/2026 12:03:16,,,
295760219,LT0Q8R4W361N1,20260827HY_HMai+HMai3_COT21:00_PU01,,100,27/08/2026 00:00:00,21/08/2026 00:02:20,28/08/2026 10:09:26,,,
295760218,LT0Q8R4W361M1,20260827HY_HMai+HMai3_COT22:00_PU01,,100,27/08/2026 00:00:00,21/08/2026 00:02:20,28/08/2026 11:01:14,,,
295760217,LT0Q8R4W361L1,20260827HY_HMai+HMai3_COT14:45_PU01,,100,27/08/2026 00:00:00,21/08/2026 00:02:20,28/08/2026 04:01:20,,,
295760216,LT0Q8R4W361K1,20260827HY_HMai+HMai3_COT12:45_PU01,,100,27/08/2026 00:00:00,21/08/2026 00:02:20,28/08/2026 02:04:44,,,
295760215,LT0Q8R4W361J1,20260827HY_HMai+HMai3_COT13:45_PU01,,100,27/08/2026 00:00:00,21/08/2026 00:02:20,28/08/2026 03:05:17,,,
295760214,LT0Q8R4W361I1,20260827HY_HMai7_COT23:00_PU01,,100,27/08/2026 00:00:00,21/08/2026 00:02:20,28/08/2026 12:03:15,,,
295760213,LT0Q8R4W361H1,20260827HY_HMai7_COT21:00_PU01,,100,27/08/2026 00:00:00,21/08/2026 00:02:20,28/08/2026 10:09:26,,,
295760212,LT0Q8R4W361G1,20260827HY_HMai7_COT22:00_PU01,,100,27/08/2026 00:00:00,21/08/2026 00:02:19,28/08/2026 11:01:14,,,
295760211,LT0Q8R4W361F1,20260827HY_HMai7_COT15:00_PU01,,100,27/08/2026 00:00:00,21/08/2026 00:02:19,28/08/2026 04:01:20,,,
295760210,LT0Q8R4W361E1,20260827HY_HMai7_COT13:00_PU01,,100,27/08/2026 00:00:00,21/08/2026 00:02:19,28/08/2026 02:04:44,,,
295760209,LT0Q8R4W361D1,20260827HY_HMai7_COT14:00_PU01,,100,27/08/2026 00:00:00,21/08/2026 00:02:19,28/08/2026 03:05:17,,,
295760208,LT0Q8R4W361C1,20260827HY_HMai4_COT23:00_PU01,,100,27/08/2026 00:00:00,21/08/2026 00:02:19,28/08/2026 12:03:15,,,
295760207,LT0Q8R4W361B1,20260827HY_HMai4_COT21:00_PU01,,100,27/08/2026 00:00:00,21/08/2026 00:02:19,28/08/2026 10:09:25,,,
295760206,LT0Q8R4W361A1,20260827HY_HMai4_COT22:00_PU01,,100,27/08/2026 00:00:00,21/08/2026 00:02:19,28/08/2026 11:01:14,,,
295760205,LT0Q8R4W36191,20260827HY_HMai4_COT15:00_PU01,,100,27/08/2026 00:00:00,21/08/2026 00:02:19,28/08/2026 04:01:20,,,
295760204,LT0Q8R4W36181,20260827HY_HMai4_COT13:00_PU01,,100,27/08/2026 00:00:00,21/08/2026 00:02:19,28/08/2026 02:04:44,,,
295760203,LT0Q8R4W36171,20260827HY_HMai4_COT14:00_PU01,,100,27/08/2026 00:00:00,21/08/2026 00:02:19,28/08/2026 03:05:17,,,
295760202,LT0Q8R4W36161,20260827HY_HMai2+HMai5_COT23:00_PU01,,100,27/08/2026 00:00:00,21/08/2026 00:02:19,28/08/2026 12:03:15,,,
295760201,LT0Q8R4W36151,20260827HY_HMai2+HMai5_COT21:00_PU01,,100,27/08/2026 00:00:00,21/08/2026 00:02:19,28/08/2026 10:09:25,,,
295760200,LT0Q8R4W36141,20260827HY_HMai2+HMai5_COT22:00_PU01,,100,27/08/2026 00:00:00,21/08/2026 00:02:19,28/08/2026 11:01:14,,,
295760199,LT0Q8R4W36131,20260827HY_HMai2+HMai5_COT14:30_PU01,,100,27/08/2026 00:00:00,21/08/2026 00:02:19,28/08/2026 03:05:17,,,
295760198,LT0Q8R4W36121,20260827HY_HMai2+HMai5_COT12:30_PU01,,100,27/08/2026 00:00:00,21/08/2026 00:02:19,28/08/2026 01:01:03,,,
295760197,LT0Q8R4W36111,20260827HY_HMai2+HMai5_COT13:30_PU01,,100,27/08/2026 00:00:00,21/08/2026 00:02:19,28/08/2026 02:04:43,,,
295760196,LT0Q8R4W36101,20260827HY_HKiem2+HKiem_COT23:00_PU01,,100,27/08/2026 00:00:00,21/08/2026 00:02:19,28/08/2026 12:03:15,,,
295760195,LT0Q8R4W360Z1,20260827HY_HKiem2+HKiem_COT21:00_PU01,,100,27/08/2026 00:00:00,21/08/2026 00:02:19,28/08/2026 10:09:25,,,
295760194,LT0Q8R4W360Y1,20260827HY_HKiem2+HKiem_COT22:00_PU01,,100,27/08/2026 00:00:00,21/08/2026 00:02:19,28/08/2026 11:01:14,,,
295760193,LT0Q8R4W360X1,20260827HY_HKiem2+HKiem_COT15:00_PU01,,100,27/08/2026 00:00:00,21/08/2026 00:02:19,28/08/2026 04:01:20,,,
295760192,LT0Q8R4W360W1,20260827HY_HKiem2+HKiem_COT13:00_PU01,,100,27/08/2026 00:00:00,21/08/2026 00:02:19,28/08/2026 02:04:43,,,
295760191,LT0Q8R4W360V1,20260827HY_HKiem2+HKiem_COT14:00_PU01,,100,27/08/2026 00:00:00,21/08/2026 00:02:19,28/08/2026 03:05:16,,,
295760190,LT0Q8R4W360U1,20260827HY_HBaT+HBaT2_COT23:00_PU01,,100,27/08/2026 00:00:00,21/08/2026 00:02:19,28/08/2026 12:03:15,,,
295760189,LT0Q8R4W360T1,20260827HY_HBaT+HBaT2_COT21:00_PU01,,100,27/08/2026 00:00:00,21/08/2026 00:02:19,28/08/2026 10:09:25,,,
295760188,LT0Q8R4W360S1,20260827HY_HBaT+HBaT2_COT22:00_PU01,,100,27/08/2026 00:00:00,21/08/2026 00:02:19,28/08/2026 11:01:14,,,
295760187,LT0Q8R4W360R1,20260827HY_HBaT+HBaT2_COT14:45_PU01,,100,27/08/2026 00:00:00,21/08/2026 00:02:19,28/08/2026 04:01:20,,,
295760186,LT0Q8R4W360Q1,20260827HY_HBaT+HBaT2_COT12:45_PU01,,100,27/08/2026 00:00:00,21/08/2026 00:02:19,28/08/2026 02:04:43,,,
295760185,LT0Q8R4W360P1,20260827HY_HBaT+HBaT2_COT13:45_PU01,,100,27/08/2026 00:00:00,21/08/2026 00:02:19,28/08/2026 03:05:16,,,
295760184,LT0Q8R4W360O1,20260827HY_HBaT6+HBaT7_COT23:00_PU01,,100,27/08/2026 00:00:00,21/08/2026 00:02:19,28/08/2026 12:03:15,,,
295760183,LT0Q8R4W360N1,20260827HY_HBaT6+HBaT7_COT21:00_PU01,,100,27/08/2026 00:00:00,21/08/2026 00:02:19,28/08/2026 10:09:25,,,
295760182,LT0Q8R4W360M1,20260827HY_HBaT6+HBaT7_COT22:00_PU01,,100,27/08/2026 00:00:00,21/08/2026 00:02:19,28/08/2026 11:01:13,,,
295760181,LT0Q8R4W360L1,20260827HY_HBaT6+HBaT7_COT14:30_PU01,,100,27/08/2026 00:00:00,21/08/2026 00:02:19,28/08/2026 03:05:16,,,
295760180,LT0Q8R4W360K1,20260827HY_HBaT6+HBaT7_COT12:30_PU01,,100,27/08/2026 00:00:00,21/08/2026 00:02:19,28/08/2026 01:01:03,,,
295760179,LT0Q8R4W360J1,20260827HY_HBaT6+HBaT7_COT13:30_PU01,,100,27/08/2026 00:00:00,21/08/2026 00:02:19,28/08/2026 02:04:43,,,
295760178,LT0Q8R4W360I1,20260827HY_HBaT5_COT23:00_PU01,,100,27/08/2026 00:00:00,21/08/2026 00:02:19,28/08/2026 12:03:15,,,
295760177,LT0Q8R4W360H1,20260827HY_HBaT5_COT21:00_PU01,,100,27/08/2026 00:00:00,21/08/2026 00:02:19,28/08/2026 10:09:25,,,
295760176,LT0Q8R4W360G1,20260827HY_HBaT5_COT22:00_PU01,,100,27/08/2026 00:00:00,21/08/2026 00:02:19,28/08/2026 11:01:13,,,
295760175,LT0Q8R4W360F1,20260827HY_HBaT5_COT15:00_PU01,,100,27/08/2026 00:00:00,21/08/2026 00:02:19,28/08/2026 04:01:19,,,
295760174,LT0Q8R4W360E1,20260827HY_HBaT5_COT13:00_PU01,,100,27/08/2026 00:00:00,21/08/2026 00:02:19,28/08/2026 02:04:43,,,
295760173,LT0Q8R4W360D1,20260827HY_HBaT5_COT14:00_PU01,,100,27/08/2026 00:00:00,21/08/2026 00:02:19,28/08/2026 03:05:16,,,
295760172,LT0Q8R4W360C1,20260827HY_HBaT3+HBaT4_COT23:00_PU01,,100,27/08/2026 00:00:00,21/08/2026 00:02:19,28/08/2026 12:03:15,,,
295760171,LT0Q8R4W360B1,20260827HY_HBaT3+HBaT4_COT21:00_PU01,,100,27/08/2026 00:00:00,21/08/2026 00:02:19,28/08/2026 10:09:25,,,
295760170,LT0Q8R4W360A1,20260827HY_HBaT3+HBaT4_COT22:00_PU01,,100,27/08/2026 00:00:00,21/08/2026 00:02:19,28/08/2026 11:01:13,,,
295760169,LT0Q8R4W36091,20260827HY_HBaT3+HBaT4_COT14:45_PU01,,100,27/08/2026 00:00:00,21/08/2026 00:02:19,28/08/2026 04:01:19,,,
295760168,LT0Q8R4W36081,20260827HY_HBaT3+HBaT4_COT12:45_PU01,,100,27/08/2026 00:00:00,21/08/2026 00:02:18,28/08/2026 02:04:43,,,
295760167,LT0Q8R4W36071,20260827HY_HBaT3+HBaT4_COT13:45_PU01,,100,27/08/2026 00:00:00,21/08/2026 00:02:18,28/08/2026 03:05:16,,,
295760166,LT0Q8R4W36061,20260827HY_HDong8_COT23:00_PU01,,100,27/08/2026 00:00:00,21/08/2026 00:02:18,28/08/2026 12:03:14,,,
295760165,LT0Q8R4W36051,20260827HY_HDong8_COT21:00_PU01,,100,27/08/2026 00:00:00,21/08/2026 00:02:18,28/08/2026 10:09:24,,,
295760162,LT0Q8R4W36021,20260827HY_HDong8_COT13:00_PU01,,100,27/08/2026 00:00:00,21/08/2026 00:02:18,28/08/2026 02:04:43,,,
295760161,LT0Q8R4W36011,20260827HY_HDong8_COT14:00_PU01,,100,27/08/2026 00:00:00,21/08/2026 00:02:18,28/08/2026 03:05:16,,,
295760160,LT0Q8R4W36001,20260827HY_HDong7_COT23:00_PU_201,,100,27/08/2026 00:00:00,21/08/2026 00:02:18,28/08/2026 12:03:14,,,
295760159,LT0Q8R4W35ZZ1,20260827HY_HDong7_COT21:00_PU_201,,100,27/08/2026 00:00:00,21/08/2026 00:02:18,28/08/2026 10:09:24,,,
295760158,LT0Q8R4W35ZY1,20260827HY_HDong7_COT22:00_PU_201,,100,27/08/2026 00:00:00,21/08/2026 00:02:18,28/08/2026 11:01:13,,,
295760157,LT0Q8R4W35ZX1,20260827HY_HDong7_COT23:00_PU_101,,100,27/08/2026 00:00:00,21/08/2026 00:02:18,28/08/2026 12:03:14,,,
295760156,LT0Q8R4W35ZW1,20260827HY_HDong7_COT21:00_PU_101,,100,27/08/2026 00:00:00,21/08/2026 00:02:18,28/08/2026 10:09:24,,,
295760155,LT0Q8R4W35ZV1,20260827HY_HDong7_COT22:00_PU_101,,100,27/08/2026 00:00:00,21/08/2026 00:02:18,28/08/2026 11:01:13,,,
295760154,LT0Q8R4W35ZU1,20260827HY_HDong7_COT15:00_PU01,,100,27/08/2026 00:00:00,21/08/2026 00:02:18,28/08/2026 04:01:19,,,
295760153,LT0Q8R4W35ZT1,20260827HY_HDong7_COT13:00_PU01,,100,27/08/2026 00:00:00,21/08/2026 00:02:18,28/08/2026 02:04:43,,,
295760152,LT0Q8R4W35ZS1,20260827HY_HDong7_COT14:00_PU01,,100,27/08/2026 00:00:00,21/08/2026 00:02:18,28/08/2026 03:05:16,,,
295760149,LT0Q8R4W35ZP1,20260827HY_HDong7_COT22:00_PU01,,100,27/08/2026 00:00:00,21/08/2026 00:02:18,28/08/2026 11:01:13,,,
295760148,LT0Q8R4W35ZO1,20260827HY_HDong7_COT14:45_PU01,,100,27/08/2026 00:00:00,21/08/2026 00:02:18,28/08/2026 04:01:19,,,
295760147,LT0Q8R4W35ZN1,20260827HY_HDong7_COT12:45_PU01,,100,27/08/2026 00:00:00,21/08/2026 00:02:18,28/08/2026 02:04:42,,,
295760145,LT0Q8R4W35ZL1,20260827HY_HDong6_COT23:00_PU01,29E-297.04,90,27/08/2026 00:00:00,21/08/2026 00:02:18,28/08/2026 00:56:17,27/08/2026 23:04:51,27/08/2026 23:04:51,SEQ 1 - 20-HNI Ha Dong 6 Hub (2163) - 27/08/2026 23:04:51
295760144,LT0Q8R4W35ZK1,20260827HY_HDong6_COT21:00_PU01,,100,27/08/2026 00:00:00,21/08/2026 00:02:18,28/08/2026 10:09:24,,,
295760143,LT0Q8R4W35ZJ1,20260827HY_HDong6_COT22:00_PU01,,100,27/08/2026 00:00:00,21/08/2026 00:02:18,28/08/2026 11:01:13,,,
295760142,LT0Q8R4W35ZI1,20260827HY_HDong6_COT15:00_PU01,,100,27/08/2026 00:00:00,21/08/2026 00:02:18,28/08/2026 04:01:19,,,
295760141,LT0Q8R4W35ZH1,20260827HY_HDong6_COT13:00_PU01,,100,27/08/2026 00:00:00,21/08/2026 00:02:18,28/08/2026 02:04:42,,,
295760140,LT0Q8R4W35ZG1,20260827HY_HDong6_COT14:00_PU01,,100,27/08/2026 00:00:00,21/08/2026 00:02:18,28/08/2026 03:05:16,,,
295760139,LT0Q8R4W35ZF1,20260827HY_HDong5_COT23:00_PU01,,100,27/08/2026 00:00:00,21/08/2026 00:02:18,28/08/2026 12:03:14,,,
295760138,LT0Q8R4W35ZE1,20260827HY_HDong5_COT21:00_PU01,,100,27/08/2026 00:00:00,21/08/2026 00:02:18,28/08/2026 10:09:24,,,
295760137,LT0Q8R4W35ZD1,20260827HY_HDong5_COT22:00_PU01,29E-791.62,90,27/08/2026 00:00:00,21/08/2026 00:02:18,28/08/2026 05:49:29,27/08/2026 22:14:03,27/08/2026 22:14:03,SEQ 1 - 20-HNI Ha Dong 5 Hub (2127) - 27/08/2026 22:14:03
295760135,LT0Q8R4W35ZB1,20260827HY_HDong5_COT13:00_PU01,,100,27/08/2026 00:00:00,21/08/2026 00:02:18,28/08/2026 02:04:42,,,
295760133,LT0Q8R4W35Z91,20260827HY_HDong4_COT23:00_PU01,,100,27/08/2026 00:00:00,21/08/2026 00:02:18,28/08/2026 12:03:14,,,
295760132,LT0Q8R4W35Z81,20260827HY_HDong4_COT21:00_PU01,,100,27/08/2026 00:00:00,21/08/2026 00:02:18,28/08/2026 10:09:24,,,
295760131,LT0Q8R4W35Z71,20260827HY_HDong4_COT22:00_PU01,,100,27/08/2026 00:00:00,21/08/2026 00:02:18,28/08/2026 11:01:12,,,
295760130,LT0Q8R4W35Z61,20260827HY_HDong4_COT15:00_PU01,,100,27/08/2026 00:00:00,21/08/2026 00:02:18,28/08/2026 04:01:19,,,
295760129,LT0Q8R4W35Z51,20260827HY_HDong4_COT13:00_PU01,,100,27/08/2026 00:00:00,21/08/2026 00:02:18,28/08/2026 02:04:42,,,
295760128,LT0Q8R4W35Z41,20260827HY_HDong4_COT14:00_PU01,,100,27/08/2026 00:00:00,21/08/2026 00:02:18,28/08/2026 03:05:16,,,
295760127,LT0Q8R4W35Z31,20260827HY_HDong3_COT23:00_PU01,,100,27/08/2026 00:00:00,21/08/2026 00:02:18,28/08/2026 12:03:14,,,
295760125,LT0Q8R4W35Z11,20260827HY_HDong3_COT22:00_PU01,,100,27/08/2026 00:00:00,21/08/2026 00:02:17,28/08/2026 11:01:12,,,
295760124,LT0Q8R4W35Z01,20260827HY_HDong3_COT15:00_PU01,,100,27/08/2026 00:00:00,21/08/2026 00:02:17,28/08/2026 04:01:19,,,
295760123,LT0Q8R4W35YZ1,20260827HY_HDong3_COT13:00_PU01,,100,27/08/2026 00:00:00,21/08/2026 00:02:17,28/08/2026 02:04:42,,,
295760122,LT0Q8R4W35YY1,20260827HY_HDong3_COT14:00_PU01,,100,27/08/2026 00:00:00,21/08/2026 00:02:17,28/08/2026 03:05:15,,,
295760121,LT0Q8R4W35YX1,20260827HY_HDong2_COT23:00_PU01,,100,27/08/2026 00:00:00,21/08/2026 00:02:17,28/08/2026 12:03:14,,,
295760120,LT0Q8R4W35YW1,20260827HY_HDong2_COT21:00_PU01,,100,27/08/2026 00:00:00,21/08/2026 00:02:17,28/08/2026 10:09:24,,,
295760119,LT0Q8R4W35YV1,20260827HY_HDong2_COT22:00_PU01,,100,27/08/2026 00:00:00,21/08/2026 00:02:17,28/08/2026 11:01:12,,,
295760118,LT0Q8R4W35YU1,20260827HY_HDong2_COT15:00_PU01,,100,27/08/2026 00:00:00,21/08/2026 00:02:17,28/08/2026 04:01:19,,,
295760117,LT0Q8R4W35YT1,20260827HY_HDong2_COT13:00_PU01,,100,27/08/2026 00:00:00,21/08/2026 00:02:17,28/08/2026 02:04:42,,,
295760116,LT0Q8R4W35YS1,20260827HY_HDong2_COT14:00_PU01,,100,27/08/2026 00:00:00,21/08/2026 00:02:17,28/08/2026 03:05:15,,,
295760115,LT0Q8R4W35YR1,20260827HY_HDong1_COT23:00_PU_401,,100,27/08/2026 00:00:00,21/08/2026 00:02:17,28/08/2026 12:03:13,,,
295760114,LT0Q8R4W35YQ1,20260827HY_HDong1_COT21:00_PU_401,,100,27/08/2026 00:00:00,21/08/2026 00:02:17,28/08/2026 10:09:24,,,
295760112,LT0Q8R4W35YO1,20260827HY_HDong1_COT15:00_PU_101,,100,27/08/2026 00:00:00,21/08/2026 00:02:17,28/08/2026 04:01:18,,,
295760111,LT0Q8R4W35YN1,20260827HY_HDong1_COT13:00_PU_101,,100,27/08/2026 00:00:00,21/08/2026 00:02:17,28/08/2026 02:04:42,,,
295760110,LT0Q8R4W35YM1,20260827HY_HDong1_COT14:00_PU_101,,100,27/08/2026 00:00:00,21/08/2026 00:02:17,28/08/2026 03:05:15,,,
295760109,LT0Q8R4W35YL1,20260827HY_HDong1_COT23:00_PU_301,,100,27/08/2026 00:00:00,21/08/2026 00:02:17,28/08/2026 12:03:13,,,
295760108,LT0Q8R4W35YK1,20260827HY_HDong1_COT21:00_PU_301,,100,27/08/2026 00:00:00,21/08/2026 00:02:17,28/08/2026 10:09:23,,,
295760107,LT0Q8R4W35YJ1,20260827HY_HDong1_COT22:00_PU_301,,100,27/08/2026 00:00:00,21/08/2026 00:02:17,28/08/2026 11:01:12,,,
295760106,LT0Q8R4W35YI1,20260827HY_HDong1_COT14:15_PU_101,,100,27/08/2026 00:00:00,21/08/2026 00:02:17,28/08/2026 03:05:15,,,
295760105,LT0Q8R4W35YH1,20260827HY_HDong1_COT12:15_PU_101,,100,27/08/2026 00:00:00,21/08/2026 00:02:17,28/08/2026 01:01:03,,,
295760104,LT0Q8R4W35YG1,20260827HY_HDong1_COT13:15_PU_101,,100,27/08/2026 00:00:00,21/08/2026 00:02:17,28/08/2026 02:04:42,,,
295760103,LT0Q8R4W35YF1,20260827HY_HDong1_COT23:00_PU_201,,100,27/08/2026 00:00:00,21/08/2026 00:02:17,28/08/2026 12:03:13,,,
295760102,LT0Q8R4W35YE1,20260827HY_HDong1_COT21:00_PU_201,,100,27/08/2026 00:00:00,21/08/2026 00:02:17,28/08/2026 10:09:23,,,
295760101,LT0Q8R4W35YD1,20260827HY_HDong1_COT22:00_PU_201,29E-495.74,90,27/08/2026 00:00:00,21/08/2026 00:02:17,28/08/2026 00:03:14,27/08/2026 20:30:44,27/08/2026 20:30:44,SEQ 1 - 20-HNI Ha Dong 11 Hub (4456) - 27/08/2026 20:30:44
295760100,LT0Q8R4W35YC1,20260827HY_HDong1_COT14:15_PU01,,100,27/08/2026 00:00:00,21/08/2026 00:02:17,28/08/2026 03:05:15,,,
295760099,LT0Q8R4W35YB1,20260827HY_HDong1_COT12:15_PU01,,100,27/08/2026 00:00:00,21/08/2026 00:02:17,28/08/2026 01:01:03,,,
295760098,LT0Q8R4W35YA1,20260827HY_HDong1_COT13:15_PU01,,100,27/08/2026 00:00:00,21/08/2026 00:02:17,28/08/2026 02:04:42,,,
295760097,LT0Q8R4W35Y91,20260827HY_HDong1_COT23:00_PU_101,,100,27/08/2026 00:00:00,21/08/2026 00:02:17,28/08/2026 12:03:13,,,
295760096,LT0Q8R4W35Y81,20260827HY_HDong1_COT21:00_PU_101,,100,27/08/2026 00:00:00,21/08/2026 00:02:17,28/08/2026 10:09:23,,,
295760095,LT0Q8R4W35Y71,20260827HY_HDong1_COT22:00_PU_101,,100,27/08/2026 00:00:00,21/08/2026 00:02:17,28/08/2026 11:01:12,,,
295760094,LT0Q8R4W35Y61,20260827HY_HDong1_COT23:00_PU01,,100,27/08/2026 00:00:00,21/08/2026 00:02:17,28/08/2026 12:03:13,,,
295760092,LT0Q8R4W35Y41,20260827HY_HDong1_COT22:00_PU01,,100,27/08/2026 00:00:00,21/08/2026 00:02:17,28/08/2026 11:01:12,,,
295760091,LT0Q8R4W35Y31,20260827HY_HDong1_COT15:00_PU01,,100,27/08/2026 00:00:00,21/08/2026 00:02:17,28/08/2026 04:01:18,,,
295760090,LT0Q8R4W35Y21,20260827HY_HDong1_COT13:00_PU01,,100,27/08/2026 00:00:00,21/08/2026 00:02:17,28/08/2026 02:04:41,,,
295760089,LT0Q8R4W35Y11,20260827HY_HDong1_COT14:00_PU01,,100,27/08/2026 00:00:00,21/08/2026 00:02:17,28/08/2026 03:05:15,,,
295760088,LT0Q8R4W35Y01,20260827HY_DDa_COT23:00_PU01,,100,27/08/2026 00:00:00,21/08/2026 00:02:17,28/08/2026 12:03:13,,,
295760087,LT0Q8R4W35XZ1,20260827HY_DDa_COT21:00_PU01,,100,27/08/2026 00:00:00,21/08/2026 00:02:17,28/08/2026 10:09:23,,,
295760086,LT0Q8R4W35XY1,20260827HY_DDa_COT22:00_PU01,,100,27/08/2026 00:00:00,21/08/2026 00:02:17,28/08/2026 11:01:12,,,
295760085,LT0Q8R4W35XX1,20260827HY_DDa_COT15:00_PU01,,100,27/08/2026 00:00:00,21/08/2026 00:02:17,28/08/2026 04:01:18,,,
295760084,LT0Q8R4W35XW1,20260827HY_DDa_COT13:00_PU01,,100,27/08/2026 00:00:00,21/08/2026 00:02:16,28/08/2026 02:04:41,,,
295760083,LT0Q8R4W35XV1,20260827HY_DDa_COT14:00_PU01,,100,27/08/2026 00:00:00,21/08/2026 00:02:16,28/08/2026 03:05:15,,,
295760081,LT0Q8R4W35XT1,20260827HY_DDa7+DDa8_COT21:00_PU01,,100,27/08/2026 00:00:00,21/08/2026 00:02:16,28/08/2026 10:09:23,,,
295760080,LT0Q8R4W35XS1,20260827HY_DDa7+DDa8_COT22:00_PU01,,100,27/08/2026 00:00:00,21/08/2026 00:02:16,28/08/2026 11:01:11,,,
295760078,LT0Q8R4W35XQ1,20260827HY_DDa7+DDa8_COT12:30_PU01,,100,27/08/2026 00:00:00,21/08/2026 00:02:16,28/08/2026 01:01:02,,,
295760077,LT0Q8R4W35XP1,20260827HY_DDa7+DDa8_COT13:30_PU01,,100,27/08/2026 00:00:00,21/08/2026 00:02:16,28/08/2026 02:04:41,,,
295760076,LT0Q8R4W35XO1,20260827HY_DDa5+DDa4_COT23:00_PU01,,100,27/08/2026 00:00:00,21/08/2026 00:02:16,28/08/2026 12:03:13,,,
295760075,LT0Q8R4W35XN1,20260827HY_DDa5+DDa4_COT21:00_PU01,,100,27/08/2026 00:00:00,21/08/2026 00:02:16,28/08/2026 10:09:23,,,
295760074,LT0Q8R4W35XM1,20260827HY_DDa5+DDa4_COT22:00_PU01,,100,27/08/2026 00:00:00,21/08/2026 00:02:16,28/08/2026 11:01:11,,,
295760073,LT0Q8R4W35XL1,20260827HY_DDa5+DDa4_COT15:00_PU01,,100,27/08/2026 00:00:00,21/08/2026 00:02:16,28/08/2026 04:01:18,,,
295760072,LT0Q8R4W35XK1,20260827HY_DDa5+DDa4_COT13:00_PU01,,100,27/08/2026 00:00:00,21/08/2026 00:02:16,28/08/2026 02:04:41,,,
295760071,LT0Q8R4W35XJ1,20260827HY_DDa5+DDa4_COT14:00_PU01,,100,27/08/2026 00:00:00,21/08/2026 00:02:16,28/08/2026 03:05:14,,,
295760069,LT0Q8R4W35XH1,20260827HY_DDa1+DDa3_COT21:00_PU01,,100,27/08/2026 00:00:00,21/08/2026 00:02:16,28/08/2026 10:09:23,,,
295760068,LT0Q8R4W35XG1,20260827HY_DDa1+DDa3_COT22:00_PU01,,100,27/08/2026 00:00:00,21/08/2026 00:02:16,28/08/2026 11:01:11,,,
295760067,LT0Q8R4W35XF1,20260827HY_DDa1+DDa3_COT15:00_PU01,,100,27/08/2026 00:00:00,21/08/2026 00:02:16,28/08/2026 04:01:18,,,
295760066,LT0Q8R4W35XE1,20260827HY_DDa1+DDa3_COT13:00_PU01,,100,27/08/2026 00:00:00,21/08/2026 00:02:16,28/08/2026 02:04:41,,,
295760065,LT0Q8R4W35XD1,20260827HY_DDa1+DDa3_COT14:00_PU01,,100,27/08/2026 00:00:00,21/08/2026 00:02:16,28/08/2026 03:05:14,,,
295760064,LT0Q8R4W35XC1,20260827HY_DDa0+DDa9_COT23:00_PU01,,100,27/08/2026 00:00:00,21/08/2026 00:02:16,28/08/2026 12:03:13,,,
295760063,LT0Q8R4W35XB1,20260827HY_DDa0+DDa9_COT21:00_PU01,,100,27/08/2026 00:00:00,21/08/2026 00:02:16,28/08/2026 10:09:23,,,
295760062,LT0Q8R4W35XA1,20260827HY_DDa0+DDa9_COT22:00_PU01,,100,27/08/2026 00:00:00,21/08/2026 00:02:16,28/08/2026 11:01:11,,,
295760061,LT0Q8R4W35X91,20260827HY_DDa0+DDa9_COT14:45_PU01,,100,27/08/2026 00:00:00,21/08/2026 00:02:16,28/08/2026 04:01:18,,,
295760060,LT0Q8R4W35X81,20260827HY_DDa0+DDa9_COT12:45_PU01,,100,27/08/2026 00:00:00,21/08/2026 00:02:16,28/08/2026 02:04:41,,,
295760059,LT0Q8R4W35X71,20260827HY_DDa0+DDa9_COT13:45_PU01,,100,27/08/2026 00:00:00,21/08/2026 00:02:16,28/08/2026 03:05:14,,,
295760058,LT0Q8R4W35X61,20260827HY_CGiay+CGiay2_COT23:00_PU01,29H-308.49,90,27/08/2026 00:00:00,21/08/2026 00:02:16,28/08/2026 00:19:25,27/08/2026 22:16:19,27/08/2026 22:23:25,SEQ 1 - 20-HNI Cau Giay Hub (43) - 27/08/2026 22:16:19 | SEQ 2 - 20-HNI Cau Giay 2 Hub (1000) - 27/08/2026 22:23:25
295760057,LT0Q8R4W35X51,20260827HY_CGiay+CGiay2_COT21:00_PU01,,100,27/08/2026 00:00:00,21/08/2026 00:02:16,28/08/2026 10:09:22,,,
295760056,LT0Q8R4W35X41,20260827HY_CGiay+CGiay2_COT22:00_PU01,,100,27/08/2026 00:00:00,21/08/2026 00:02:16,28/08/2026 11:01:11,,,
295760055,LT0Q8R4W35X31,20260827HY_CGiay+CGiay2_COT14:45_PU01,,100,27/08/2026 00:00:00,21/08/2026 00:02:16,28/08/2026 04:01:18,,,
295760054,LT0Q8R4W35X21,20260827HY_CGiay+CGiay2_COT12:45_PU01,,100,27/08/2026 00:00:00,21/08/2026 00:02:16,28/08/2026 02:04:41,,,
295760052,LT0Q8R4W35X01,20260827HY_CGiay7+CGiay8_COT23:00_PU01,,100,27/08/2026 00:00:00,21/08/2026 00:02:16,28/08/2026 12:03:12,,,
295760051,LT0Q8R4W35WZ1,20260827HY_CGiay7+CGiay8_COT21:00_PU01,,100,27/08/2026 00:00:00,21/08/2026 00:02:16,28/08/2026 10:09:22,,,
295760050,LT0Q8R4W35WY1,20260827HY_CGiay7+CGiay8_COT22:00_PU01,29H-037.12,90,27/08/2026 00:00:00,21/08/2026 00:02:16,28/08/2026 00:41:04,27/08/2026 22:26:15,27/08/2026 22:35:51,SEQ 1 - 20-HNI Cau Giay 7 Hub (2388) - 27/08/2026 22:26:15 | SEQ 2 - 20-HNI Cau Giay 8 Hub (2428) - 27/08/2026 22:35:51
295760049,LT0Q8R4W35WX1,20260827HY_CGiay7+CGiay8_COT14:30_PU01,,100,27/08/2026 00:00:00,21/08/2026 00:02:16,28/08/2026 03:05:14,,,
295760048,LT0Q8R4W35WW1,20260827HY_CGiay7+CGiay8_COT12:30_PU01,,100,27/08/2026 00:00:00,21/08/2026 00:02:16,28/08/2026 01:01:02,,,
295760047,LT0Q8R4W35WV1,20260827HY_CGiay7+CGiay8_COT13:30_PU01,,100,27/08/2026 00:00:00,21/08/2026 00:02:16,28/08/2026 02:04:41,,,
295760046,LT0Q8R4W35WU1,20260827HY_CGiay6_COT23:00_PU01,,100,27/08/2026 00:00:00,21/08/2026 00:02:16,28/08/2026 12:03:12,,,
295760045,LT0Q8R4W35WT1,20260827HY_CGiay6_COT21:00_PU01,,100,27/08/2026 00:00:00,21/08/2026 00:02:16,28/08/2026 10:09:22,,,
295760044,LT0Q8R4W35WS1,20260827HY_CGiay6_COT22:00_PU01,,100,27/08/2026 00:00:00,21/08/2026 00:02:16,28/08/2026 11:01:11,,,
295760043,LT0Q8R4W35WR1,20260827HY_CGiay6_COT15:00_PU01,,100,27/08/2026 00:00:00,21/08/2026 00:02:16,28/08/2026 04:01:17,,,
295760042,LT0Q8R4W35WQ1,20260827HY_CGiay6_COT13:00_PU01,,100,27/08/2026 00:00:00,21/08/2026 00:02:16,28/08/2026 02:04:40,,,
295760041,LT0Q8R4W35WP1,20260827HY_CGiay6_COT14:00_PU01,,100,27/08/2026 00:00:00,21/08/2026 00:02:16,28/08/2026 03:05:14,,,
295760040,LT0Q8R4W35WO1,20260827HY_CGiay4_COT23:00_PU01,,100,27/08/2026 00:00:00,21/08/2026 00:02:15,28/08/2026 12:03:12,,,
295760039,LT0Q8R4W35WN1,20260827HY_CGiay4_COT21:00_PU01,,100,27/08/2026 00:00:00,21/08/2026 00:02:15,28/08/2026 10:09:22,,,
295760038,LT0Q8R4W35WM1,20260827HY_CGiay4_COT22:00_PU01,,100,27/08/2026 00:00:00,21/08/2026 00:02:15,28/08/2026 11:01:11,,,
295760037,LT0Q8R4W35WL1,20260827HY_CGiay4_COT15:00_PU01,,100,27/08/2026 00:00:00,21/08/2026 00:02:15,28/08/2026 04:01:17,,,
295760036,LT0Q8R4W35WK1,20260827HY_CGiay4_COT13:00_PU01,,100,27/08/2026 00:00:00,21/08/2026 00:02:15,28/08/2026 02:04:40,,,
295760035,LT0Q8R4W35WJ1,20260827HY_CGiay4_COT14:00_PU01,,100,27/08/2026 00:00:00,21/08/2026 00:02:15,28/08/2026 03:05:14,,,
295760034,LT0Q8R4W35WI1,20260827HY_CGiay3+CGiay5_COT23:00_PU01,50E-404.42,90,27/08/2026 00:00:00,21/08/2026 00:02:15,28/08/2026 01:08:35,27/08/2026 22:57:53,27/08/2026 23:16:30,SEQ 1 - 20-HNI Cau Giay 3 Hub (1788) - 27/08/2026 22:57:53 | SEQ 2 - 20-HNI Cau Giay 5 Hub (2145) - 27/08/2026 23:16:30
295760033,LT0Q8R4W35WH1,20260827HY_CGiay3+CGiay5_COT21:00_PU01,,100,27/08/2026 00:00:00,21/08/2026 00:02:15,28/08/2026 10:09:22,,,
295760032,LT0Q8R4W35WG1,20260827HY_CGiay3+CGiay5_COT22:00_PU01,,100,27/08/2026 00:00:00,21/08/2026 00:02:15,28/08/2026 11:01:10,,,
295760031,LT0Q8R4W35WF1,20260827HY_CGiay3+CGiay5_COT14:30_PU01,,100,27/08/2026 00:00:00,21/08/2026 00:02:15,28/08/2026 03:05:14,,,
295760030,LT0Q8R4W35WE1,20260827HY_CGiay3+CGiay5_COT12:30_PU01,,100,27/08/2026 00:00:00,21/08/2026 00:02:15,28/08/2026 01:01:02,,,
295760028,LT0Q8R4W35WC1,20260827HY_BTuL+BTuL2_COT23:00_PU01,,100,27/08/2026 00:00:00,21/08/2026 00:02:15,28/08/2026 12:03:12,,,
295760027,LT0Q8R4W35WB1,20260827HY_BTuL+BTuL2_COT21:00_PU01,,100,27/08/2026 00:00:00,21/08/2026 00:02:15,28/08/2026 10:09:22,,,
295760026,LT0Q8R4W35WA1,20260827HY_BTuL+BTuL2_COT22:00_PU01,,100,27/08/2026 00:00:00,21/08/2026 00:02:15,28/08/2026 11:01:10,,,
295760025,LT0Q8R4W35W91,20260827HY_BTuL+BTuL2_COT14:30_PU01,,100,27/08/2026 00:00:00,21/08/2026 00:02:15,28/08/2026 03:05:14,,,
295760024,LT0Q8R4W35W81,20260827HY_BTuL+BTuL2_COT12:30_PU01,,100,27/08/2026 00:00:00,21/08/2026 00:02:15,28/08/2026 01:01:02,,,
295760023,LT0Q8R4W35W71,20260827HY_BTuL+BTuL2_COT13:30_PU01,,100,27/08/2026 00:00:00,21/08/2026 00:02:15,28/08/2026 02:04:40,,,
295760022,LT0Q8R4W35W61,20260827HY_BTuL6+BTuL7_COT23:00_PU01,,100,27/08/2026 00:00:00,21/08/2026 00:02:15,28/08/2026 12:03:12,,,
295760021,LT0Q8R4W35W51,20260827HY_BTuL6+BTuL7_COT21:00_PU01,,100,27/08/2026 00:00:00,21/08/2026 00:02:15,28/08/2026 10:09:22,,,
295760019,LT0Q8R4W35W31,20260827HY_BTuL6+BTuL7_COT14:45_PU01,,100,27/08/2026 00:00:00,21/08/2026 00:02:15,28/08/2026 04:01:17,,,
295760018,LT0Q8R4W35W21,20260827HY_BTuL6+BTuL7_COT12:45_PU01,,100,27/08/2026 00:00:00,21/08/2026 00:02:15,28/08/2026 02:04:40,,,
295760017,LT0Q8R4W35W11,20260827HY_BTuL6+BTuL7_COT13:45_PU01,,100,27/08/2026 00:00:00,21/08/2026 00:02:15,28/08/2026 03:05:13,,,
295760016,LT0Q8R4W35W01,20260827HY_BTuL5_COT23:00_PU01,,100,27/08/2026 00:00:00,21/08/2026 00:02:15,28/08/2026 12:03:12,,,
295760015,LT0Q8R4W35VZ1,20260827HY_BTuL5_COT21:00_PU01,,100,27/08/2026 00:00:00,21/08/2026 00:02:15,28/08/2026 10:09:21,,,
295760014,LT0Q8R4W35VY1,20260827HY_BTuL5_COT22:00_PU01,,100,27/08/2026 00:00:00,21/08/2026 00:02:15,28/08/2026 11:01:10,,,
295760013,LT0Q8R4W35VX1,20260827HY_BTuL5_COT15:00_PU01,,100,27/08/2026 00:00:00,21/08/2026 00:02:15,28/08/2026 04:01:17,,,
295760012,LT0Q8R4W35VW1,20260827HY_BTuL5_COT13:00_PU01,,100,27/08/2026 00:00:00,21/08/2026 00:02:15,28/08/2026 02:04:40,,,
295760011,LT0Q8R4W35VV1,20260827HY_BTuL5_COT14:00_PU01,,100,27/08/2026 00:00:00,21/08/2026 00:02:15,28/08/2026 03:05:13,,,
295760009,LT0Q8R4W35VT1,20260827HY_BTuL4+BTuL8_COT21:00_PU01,,100,27/08/2026 00:00:00,21/08/2026 00:02:15,28/08/2026 10:09:21,,,
295760008,LT0Q8R4W35VS1,20260827HY_BTuL4+BTuL8_COT22:00_PU01,,100,27/08/2026 00:00:00,21/08/2026 00:02:15,28/08/2026 11:01:10,,,
295760006,LT0Q8R4W35VQ1,20260827HY_BTuL4+BTuL8_COT12:45_PU01,,100,27/08/2026 00:00:00,21/08/2026 00:02:15,28/08/2026 02:04:40,,,
295760005,LT0Q8R4W35VP1,20260827HY_BTuL4+BTuL8_COT13:45_PU01,,100,27/08/2026 00:00:00,21/08/2026 00:02:15,28/08/2026 03:05:13,,,
295760004,LT0Q8R4W35VO1,20260827HY_BTuL3+BTuL9_COT23:00_PU01,,100,27/08/2026 00:00:00,21/08/2026 00:02:15,28/08/2026 12:03:12,,,
295760003,LT0Q8R4W35VN1,20260827HY_BTuL3+BTuL9_COT21:00_PU01,,100,27/08/2026 00:00:00,21/08/2026 00:02:15,28/08/2026 10:09:21,,,
295760002,LT0Q8R4W35VM1,20260827HY_BTuL3+BTuL9_COT22:00_PU01,,100,27/08/2026 00:00:00,21/08/2026 00:02:15,28/08/2026 11:01:10,,,
295760001,LT0Q8R4W35VL1,20260827HY_BTuL3+BTuL9_COT14:30_PU01,,100,27/08/2026 00:00:00,21/08/2026 00:02:15,28/08/2026 03:05:13,,,
295760000,LT0Q8R4W35VK1,20260827HY_BTuL3+BTuL9_COT12:30_PU01,,100,27/08/2026 00:00:00,21/08/2026 00:02:15,28/08/2026 01:01:02,,,
295759999,LT0Q8R4W35VJ1,20260827HY_BTuL3+BTuL9_COT13:30_PU01,,100,27/08/2026 00:00:00,21/08/2026 00:02:15,28/08/2026 02:04:40,,,
295758448,LT0Q8R4W34OG1,20260827HY_UHoa+UHoa2_COT23:00_PU01,,100,27/08/2026 00:00:00,21/08/2026 00:01:39,28/08/2026 12:02:52,,,
295758447,LT0Q8R4W34OF1,20260827HY_UHoa+UHoa2_COT21:00_PU01,,100,27/08/2026 00:00:00,21/08/2026 00:01:39,28/08/2026 10:09:13,,,
295758446,LT0Q8R4W34OE1,20260827HY_UHoa+UHoa2_COT22:00_PU01,,100,27/08/2026 00:00:00,21/08/2026 00:01:39,28/08/2026 11:00:42,,,
295758444,LT0Q8R4W34OC1,20260827HY_UHoa+UHoa2_COT12:30_PU01,,100,27/08/2026 00:00:00,21/08/2026 00:01:38,28/08/2026 01:00:51,,,
295758443,LT0Q8R4W34OB1,20260827HY_UHoa+UHoa2_COT13:30_PU01,,100,27/08/2026 00:00:00,21/08/2026 00:01:38,28/08/2026 02:04:16,,,
295758442,LT0Q8R4W34OA1,20260827HY_TTin4_COT23:00_PU01,,100,27/08/2026 00:00:00,21/08/2026 00:01:38,28/08/2026 12:02:52,,,
295758441,LT0Q8R4W34O91,20260827HY_TTin4_COT21:00_PU01,,100,27/08/2026 00:00:00,21/08/2026 00:01:38,28/08/2026 10:09:13,,,
295758440,LT0Q8R4W34O81,20260827HY_TTin4_COT22:00_PU01,,100,27/08/2026 00:00:00,21/08/2026 00:01:38,28/08/2026 11:00:42,,,
295758439,LT0Q8R4W34O71,20260827HY_TTin4_COT15:00_PU01,,100,27/08/2026 00:00:00,21/08/2026 00:01:38,28/08/2026 04:00:59,,,
295758438,LT0Q8R4W34O61,20260827HY_TTin4_COT13:00_PU01,,100,27/08/2026 00:00:00,21/08/2026 00:01:38,28/08/2026 02:04:16,,,
295758437,LT0Q8R4W34O51,20260827HY_TTin4_COT14:00_PU01,,100,27/08/2026 00:00:00,21/08/2026 00:01:38,28/08/2026 03:04:48,,,
295758436,LT0Q8R4W34O41,20260827HY_TTin3_COT23:00_PU01,,100,27/08/2026 00:00:00,21/08/2026 00:01:38,28/08/2026 12:02:52,,,
295758435,LT0Q8R4W34O31,20260827HY_TTin3_COT21:00_PU01,,100,27/08/2026 00:00:00,21/08/2026 00:01:38,28/08/2026 10:09:12,,,
295758433,LT0Q8R4W34O11,20260827HY_TTin3_COT15:00_PU01,,100,27/08/2026 00:00:00,21/08/2026 00:01:38,28/08/2026 04:00:59,,,
295758431,LT0Q8R4W34NZ1,20260827HY_TTin3_COT14:00_PU01,,100,27/08/2026 00:00:00,21/08/2026 00:01:38,28/08/2026 03:04:48,,,
295758430,LT0Q8R4W34NY1,20260827HY_TTin2_COT23:00_PU01,,100,27/08/2026 00:00:00,21/08/2026 00:01:38,28/08/2026 12:02:52,,,
295758429,LT0Q8R4W34NX1,20260827HY_TTin2_COT21:00_PU01,,100,27/08/2026 00:00:00,21/08/2026 00:01:38,28/08/2026 10:09:12,,,
295758428,LT0Q8R4W34NW1,20260827HY_TTin2_COT22:00_PU01,,100,27/08/2026 00:00:00,21/08/2026 00:01:38,28/08/2026 11:00:42,,,
295758427,LT0Q8R4W34NV1,20260827HY_TTin2_COT15:00_PU01,,100,27/08/2026 00:00:00,21/08/2026 00:01:38,28/08/2026 04:00:59,,,
295758426,LT0Q8R4W34NU1,20260827HY_TTin2_COT13:00_PU01,,100,27/08/2026 00:00:00,21/08/2026 00:01:38,28/08/2026 02:04:16,,,
295758425,LT0Q8R4W34NT1,20260827HY_TTin2_COT14:00_PU01,,100,27/08/2026 00:00:00,21/08/2026 00:01:38,28/08/2026 03:04:48,,,
295758424,LT0Q8R4W34NS1,20260827HY_TTin_COT23:00_PU01,,100,27/08/2026 00:00:00,21/08/2026 00:01:38,28/08/2026 12:02:52,,,
295758421,LT0Q8R4W34NP1,20260827HY_TTin_COT15:00_PU01,,100,27/08/2026 00:00:00,21/08/2026 00:01:38,28/08/2026 04:00:59,,,
295758420,LT0Q8R4W34NO1,20260827HY_TTin_COT13:00_PU01,,100,27/08/2026 00:00:00,21/08/2026 00:01:38,28/08/2026 02:04:16,,,
295758419,LT0Q8R4W34NN1,20260827HY_TTin_COT14:00_PU01,,100,27/08/2026 00:00:00,21/08/2026 00:01:38,28/08/2026 03:04:48,,,
295758418,LT0Q8R4W34NM1,20260827HY_TOai4_COT23:00_PU01,,100,27/08/2026 00:00:00,21/08/2026 00:01:38,28/08/2026 12:02:51,,,
295758417,LT0Q8R4W34NL1,20260827HY_TOai4_COT21:00_PU01,,100,27/08/2026 00:00:00,21/08/2026 00:01:38,28/08/2026 10:09:12,,,
295758416,LT0Q8R4W34NK1,20260827HY_TOai4_COT22:00_PU01,,100,27/08/2026 00:00:00,21/08/2026 00:01:38,28/08/2026 11:00:41,,,
295758415,LT0Q8R4W34NJ1,20260827HY_TOai4_COT15:00_PU01,,100,27/08/2026 00:00:00,21/08/2026 00:01:38,28/08/2026 04:00:58,,,
295758414,LT0Q8R4W34NI1,20260827HY_TOai4_COT13:00_PU01,,100,27/08/2026 00:00:00,21/08/2026 00:01:38,28/08/2026 02:04:16,,,
295758413,LT0Q8R4W34NH1,20260827HY_TOai4_COT14:00_PU01,,100,27/08/2026 00:00:00,21/08/2026 00:01:38,28/08/2026 03:04:47,,,
295758412,LT0Q8R4W34NG1,20260827HY_TOai3_COT23:00_PU01,,100,27/08/2026 00:00:00,21/08/2026 00:01:38,28/08/2026 12:02:51,,,
295758411,LT0Q8R4W34NF1,20260827HY_TOai3_COT21:00_PU01,,100,27/08/2026 00:00:00,21/08/2026 00:01:38,28/08/2026 10:09:12,,,
295758410,LT0Q8R4W34NE1,20260827HY_TOai3_COT22:00_PU01,,100,27/08/2026 00:00:00,21/08/2026 00:01:38,28/08/2026 11:00:41,,,
295758409,LT0Q8R4W34ND1,20260827HY_TOai3_COT15:00_PU01,,100,27/08/2026 00:00:00,21/08/2026 00:01:38,28/08/2026 04:00:58,,,
295758408,LT0Q8R4W34NC1,20260827HY_TOai3_COT13:00_PU01,,100,27/08/2026 00:00:00,21/08/2026 00:01:38,28/08/2026 02:04:15,,,
295758407,LT0Q8R4W34NB1,20260827HY_TOai3_COT14:00_PU01,,100,27/08/2026 00:00:00,21/08/2026 00:01:38,28/08/2026 03:04:47,,,
295758406,LT0Q8R4W34NA1,20260827HY_TOai2_COT23:00_PU01,,100,27/08/2026 00:00:00,21/08/2026 00:01:38,28/08/2026 12:02:51,,,
295758405,LT0Q8R4W34N91,20260827HY_TOai2_COT21:00_PU01,,100,27/08/2026 00:00:00,21/08/2026 00:01:38,28/08/2026 10:09:12,,,
295758403,LT0Q8R4W34N71,20260827HY_TOai2_COT15:00_PU01,,100,27/08/2026 00:00:00,21/08/2026 00:01:38,28/08/2026 04:00:58,,,
295758401,LT0Q8R4W34N51,20260827HY_TOai2_COT14:00_PU01,,100,27/08/2026 00:00:00,21/08/2026 00:01:37,28/08/2026 03:04:47,,,
295758400,LT0Q8R4W34N41,20260827HY_TOai_COT23:00_PU01,,100,27/08/2026 00:00:00,21/08/2026 00:01:37,28/08/2026 12:02:51,,,
295758399,LT0Q8R4W34N31,20260827HY_TOai_COT21:00_PU01,,100,27/08/2026 00:00:00,21/08/2026 00:01:37,28/08/2026 10:09:12,,,
295758398,LT0Q8R4W34N21,20260827HY_TOai_COT22:00_PU01,,100,27/08/2026 00:00:00,21/08/2026 00:01:37,28/08/2026 11:00:41,,,
295758397,LT0Q8R4W34N11,20260827HY_TOai_COT15:00_PU01,,100,27/08/2026 00:00:00,21/08/2026 00:01:37,28/08/2026 04:00:58,,,
295758396,LT0Q8R4W34N01,20260827HY_TOai_COT13:00_PU01,,100,27/08/2026 00:00:00,21/08/2026 00:01:37,28/08/2026 02:04:15,,,
295758395,LT0Q8R4W34MZ1,20260827HY_TOai_COT14:00_PU01,,100,27/08/2026 00:00:00,21/08/2026 00:01:37,28/08/2026 03:04:47,,,
295758394,LT0Q8R4W34MY1,20260827HY_TThat2+TThat4_COT23:00_PU01,,100,27/08/2026 00:00:00,21/08/2026 00:01:37,28/08/2026 12:02:51,,,
295758393,LT0Q8R4W34MX1,20260827HY_TThat2+TThat4_COT21:00_PU01,,100,27/08/2026 00:00:00,21/08/2026 00:01:37,28/08/2026 10:09:12,,,
295758392,LT0Q8R4W34MW1,20260827HY_TThat2+TThat4_COT22:00_PU01,,100,27/08/2026 00:00:00,21/08/2026 00:01:37,28/08/2026 11:00:41,,,
295758391,LT0Q8R4W34MV1,20260827HY_TThat2+TThat4_COT15:00_PU01,,100,27/08/2026 00:00:00,21/08/2026 00:01:37,28/08/2026 04:00:58,,,
295758390,LT0Q8R4W34MU1,20260827HY_TThat2+TThat4_COT13:00_PU01,,100,27/08/2026 00:00:00,21/08/2026 00:01:37,28/08/2026 02:04:15,,,
295758389,LT0Q8R4W34MT1,20260827HY_TThat2+TThat4_COT14:00_PU01,,100,27/08/2026 00:00:00,21/08/2026 00:01:37,28/08/2026 03:04:47,,,
295758388,LT0Q8R4W34MS1,20260827HY_QOai2+QOai3_COT23:00_PU01,,100,27/08/2026 00:00:00,21/08/2026 00:01:37,28/08/2026 12:02:51,,,
295758387,LT0Q8R4W34MR1,20260827HY_QOai2+QOai3_COT21:00_PU01,,100,27/08/2026 00:00:00,21/08/2026 00:01:37,28/08/2026 10:09:12,,,
295758386,LT0Q8R4W34MQ1,20260827HY_QOai2+QOai3_COT22:00_PU01,,100,27/08/2026 00:00:00,21/08/2026 00:01:37,28/08/2026 11:00:41,,,
295758385,LT0Q8R4W34MP1,20260827HY_QOai2+QOai3_COT15:00_PU01,,100,27/08/2026 00:00:00,21/08/2026 00:01:37,28/08/2026 04:00:58,,,
295758384,LT0Q8R4W34MO1,20260827HY_QOai2+QOai3_COT13:00_PU01,,100,27/08/2026 00:00:00,21/08/2026 00:01:37,28/08/2026 02:04:15,,,
295758383,LT0Q8R4W34MN1,20260827HY_QOai2+QOai3_COT14:00_PU01,,100,27/08/2026 00:00:00,21/08/2026 00:01:37,28/08/2026 03:04:47,,,
295758382,LT0Q8R4W34MM1,20260827HY_QOai+QOai4_COT23:00_PU01,,100,27/08/2026 00:00:00,21/08/2026 00:01:37,28/08/2026 12:02:51,,,
295758381,LT0Q8R4W34ML1,20260827HY_QOai+QOai4_COT21:00_PU01,,100,27/08/2026 00:00:00,21/08/2026 00:01:37,28/08/2026 10:09:11,,,
295758380,LT0Q8R4W34MK1,20260827HY_QOai+QOai4_COT22:00_PU01,29E-303.41,90,27/08/2026 00:00:00,21/08/2026 00:01:37,28/08/2026 01:01:25,27/08/2026 22:20:23,27/08/2026 22:41:26,SEQ 1 - 21-HNI Quoc Oai Hub (345) - 27/08/2026 22:20:23 | SEQ 2 - 21-HNI Quoc Oai 4 Hub (2301) - 27/08/2026 22:41:26
295758379,LT0Q8R4W34MJ1,20260827HY_QOai+QOai4_COT15:00_PU01,,100,27/08/2026 00:00:00,21/08/2026 00:01:37,28/08/2026 04:00:58,,,
295758378,LT0Q8R4W34MI1,20260827HY_QOai+QOai4_COT13:00_PU01,,100,27/08/2026 00:00:00,21/08/2026 00:01:37,28/08/2026 02:04:15,,,
295758377,LT0Q8R4W34MH1,20260827HY_QOai+QOai4_COT14:00_PU01,,100,27/08/2026 00:00:00,21/08/2026 00:01:37,28/08/2026 03:04:47,,,
295758376,LT0Q8R4W34MG1,20260827HY_PXuyen3+PXuyen_COT23:00_PU01,,100,27/08/2026 00:00:00,21/08/2026 00:01:37,28/08/2026 12:02:51,,,
295758375,LT0Q8R4W34MF1,20260827HY_PXuyen3+PXuyen_COT21:00_PU01,,100,27/08/2026 00:00:00,21/08/2026 00:01:37,28/08/2026 10:09:11,,,
295758374,LT0Q8R4W34ME1,20260827HY_PXuyen3+PXuyen_COT22:00_PU01,,100,27/08/2026 00:00:00,21/08/2026 00:01:37,28/08/2026 11:00:41,,,
295758373,LT0Q8R4W34MD1,20260827HY_PXuyen3+PXuyen_COT15:00_PU01,,100,27/08/2026 00:00:00,21/08/2026 00:01:37,28/08/2026 04:00:58,,,
295758372,LT0Q8R4W34MC1,20260827HY_PXuyen3+PXuyen_COT13:00_PU01,,100,27/08/2026 00:00:00,21/08/2026 00:01:37,28/08/2026 02:04:15,,,
295758371,LT0Q8R4W34MB1,20260827HY_PXuyen3+PXuyen_COT14:00_PU01,,100,27/08/2026 00:00:00,21/08/2026 00:01:37,28/08/2026 03:04:47,,,
295758370,LT0Q8R4W34MA1,20260827HY_PXuyen2_COT23:00_PU01,,100,27/08/2026 00:00:00,21/08/2026 00:01:37,28/08/2026 12:02:50,,,
295758369,LT0Q8R4W34M91,20260827HY_PXuyen2_COT21:00_PU01,,100,27/08/2026 00:00:00,21/08/2026 00:01:37,28/08/2026 10:09:11,,,
295758368,LT0Q8R4W34M81,20260827HY_PXuyen2_COT22:00_PU01,,100,27/08/2026 00:00:00,21/08/2026 00:01:37,28/08/2026 11:00:41,,,
295758367,LT0Q8R4W34M71,20260827HY_PXuyen2_COT15:00_PU01,,100,27/08/2026 00:00:00,21/08/2026 00:01:37,28/08/2026 04:00:57,,,
295758366,LT0Q8R4W34M61,20260827HY_PXuyen2_COT13:00_PU01,,100,27/08/2026 00:00:00,21/08/2026 00:01:37,28/08/2026 02:04:15,,,
295758365,LT0Q8R4W34M51,20260827HY_PXuyen2_COT14:00_PU01,,100,27/08/2026 00:00:00,21/08/2026 00:01:37,28/08/2026 03:04:46,,,
295758364,LT0Q8R4W34M41,20260827HY_MDuc+MDuc2_COT23:00_PU01,,100,27/08/2026 00:00:00,21/08/2026 00:01:37,28/08/2026 12:02:50,,,
295758363,LT0Q8R4W34M31,20260827HY_MDuc+MDuc2_COT21:00_PU01,,100,27/08/2026 00:00:00,21/08/2026 00:01:37,28/08/2026 10:09:11,,,
295758362,LT0Q8R4W34M21,20260827HY_MDuc+MDuc2_COT22:00_PU01,,100,27/08/2026 00:00:00,21/08/2026 00:01:37,28/08/2026 11:00:40,,,
295758361,LT0Q8R4W34M11,20260827HY_MDuc+MDuc2_COT14:30_PU01,,100,27/08/2026 00:00:00,21/08/2026 00:01:37,28/08/2026 03:04:46,,,
295758360,LT0Q8R4W34M01,20260827HY_MDuc+MDuc2_COT12:30_PU01,,100,27/08/2026 00:00:00,21/08/2026 00:01:37,28/08/2026 01:00:51,,,
295758359,LT0Q8R4W34LZ1,20260827HY_MDuc+MDuc2_COT13:30_PU01,,100,27/08/2026 00:00:00,21/08/2026 00:01:37,28/08/2026 02:04:15,,,
295758358,LT0Q8R4W34LY1,20260827HY_HDuc6_COT23:00_PU01,,100,27/08/2026 00:00:00,21/08/2026 00:01:36,28/08/2026 12:02:50,,,
295758357,LT0Q8R4W34LX1,20260827HY_HDuc6_COT21:00_PU01,,100,27/08/2026 00:00:00,21/08/2026 00:01:36,28/08/2026 10:09:11,,,
295758356,LT0Q8R4W34LW1,20260827HY_HDuc6_COT22:00_PU01,,100,27/08/2026 00:00:00,21/08/2026 00:01:36,28/08/2026 11:00:40,,,
295758355,LT0Q8R4W34LV1,20260827HY_HDuc6_COT15:00_PU01,,100,27/08/2026 00:00:00,21/08/2026 00:01:36,28/08/2026 04:00:57,,,
295758354,LT0Q8R4W34LU1,20260827HY_HDuc6_COT13:00_PU01,,100,27/08/2026 00:00:00,21/08/2026 00:01:36,28/08/2026 02:04:15,,,
295758353,LT0Q8R4W34LT1,20260827HY_HDuc6_COT14:00_PU01,,100,27/08/2026 00:00:00,21/08/2026 00:01:36,28/08/2026 03:04:46,,,
295758352,LT0Q8R4W34LS1,20260827HY_HDuc5_COT23:00_PU01,,100,27/08/2026 00:00:00,21/08/2026 00:01:36,28/08/2026 12:02:50,,,
295758351,LT0Q8R4W34LR1,20260827HY_HDuc5_COT21:00_PU01,,100,27/08/2026 00:00:00,21/08/2026 00:01:36,28/08/2026 10:09:11,,,
295758349,LT0Q8R4W34LP1,20260827HY_HDuc5_COT15:00_PU01,,100,27/08/2026 00:00:00,21/08/2026 00:01:36,28/08/2026 04:00:57,,,
295758348,LT0Q8R4W34LO1,20260827HY_HDuc5_COT13:00_PU01,,100,27/08/2026 00:00:00,21/08/2026 00:01:36,28/08/2026 02:04:14,,,
295758347,LT0Q8R4W34LN1,20260827HY_HDuc5_COT14:00_PU01,,100,27/08/2026 00:00:00,21/08/2026 00:01:36,28/08/2026 03:04:46,,,
295758345,LT0Q8R4W34LL1,20260827HY_HDuc4_COT21:00_PU01,,100,27/08/2026 00:00:00,21/08/2026 00:01:36,28/08/2026 10:09:11,,,
295758343,LT0Q8R4W34LJ1,20260827HY_HDuc4_COT15:00_PU01,,100,27/08/2026 00:00:00,21/08/2026 00:01:36,28/08/2026 04:00:57,,,
295758342,LT0Q8R4W34LI1,20260827HY_HDuc4_COT13:00_PU01,,100,27/08/2026 00:00:00,21/08/2026 00:01:36,28/08/2026 02:04:14,,,
295758340,LT0Q8R4W34LG1,20260827HY_HDuc3_COT23:00_PU01,29E-301.45,90,27/08/2026 00:00:00,21/08/2026 00:01:36,28/08/2026 00:27:03,27/08/2026 21:47:20,27/08/2026 22:04:22,SEQ 1 - 21-HNI Hoai Duc 3 Hub (2153) - 27/08/2026 21:47:20 | SEQ 2 - 21-HNI Hoai Duc 8 Hub (6290) - 27/08/2026 22:04:22
295758339,LT0Q8R4W34LF1,20260827HY_HDuc3_COT21:00_PU01,,100,27/08/2026 00:00:00,21/08/2026 00:01:36,28/08/2026 10:09:10,,,
295758338,LT0Q8R4W34LE1,20260827HY_HDuc3_COT22:00_PU01,,100,27/08/2026 00:00:00,21/08/2026 00:01:36,28/08/2026 11:00:40,,,
295758337,LT0Q8R4W34LD1,20260827HY_HDuc3_COT15:00_PU01,,100,27/08/2026 00:00:00,21/08/2026 00:01:36,28/08/2026 04:00:57,,,
295758336,LT0Q8R4W34LC1,20260827HY_HDuc3_COT13:00_PU01,,100,27/08/2026 00:00:00,21/08/2026 00:01:36,28/08/2026 02:04:14,,,
295758335,LT0Q8R4W34LB1,20260827HY_HDuc3_COT14:00_PU01,,100,27/08/2026 00:00:00,21/08/2026 00:01:36,28/08/2026 03:04:46,,,
295758334,LT0Q8R4W34LA1,20260827HY_HDuc2+HDuc7_COT23:00_PU01,,100,27/08/2026 00:00:00,21/08/2026 00:01:36,28/08/2026 12:02:50,,,
295758333,LT0Q8R4W34L91,20260827HY_HDuc2+HDuc7_COT21:00_PU01,,100,27/08/2026 00:00:00,21/08/2026 00:01:36,28/08/2026 10:09:10,,,
295758332,LT0Q8R4W34L81,20260827HY_HDuc2+HDuc7_COT22:00_PU01,,100,27/08/2026 00:00:00,21/08/2026 00:01:36,28/08/2026 11:00:40,,,
295758331,LT0Q8R4W34L71,20260827HY_HDuc2+HDuc7_COT14:30_PU01,,100,27/08/2026 00:00:00,21/08/2026 00:01:36,28/08/2026 03:04:46,,,
295758330,LT0Q8R4W34L61,20260827HY_HDuc2+HDuc7_COT12:30_PU01,,100,27/08/2026 00:00:00,21/08/2026 00:01:36,28/08/2026 01:00:51,,,
295758329,LT0Q8R4W34L51,20260827HY_HDuc2+HDuc7_COT13:30_PU01,,100,27/08/2026 00:00:00,21/08/2026 00:01:36,28/08/2026 02:04:14,,,
295758328,LT0Q8R4W34L41,20260827HY_HDuc_COT23:00_PU01,,100,27/08/2026 00:00:00,21/08/2026 00:01:36,28/08/2026 12:02:50,,,
295758327,LT0Q8R4W34L31,20260827HY_HDuc_COT21:00_PU01,,100,27/08/2026 00:00:00,21/08/2026 00:01:36,28/08/2026 10:09:10,,,
295758326,LT0Q8R4W34L21,20260827HY_HDuc_COT22:00_PU01,,100,27/08/2026 00:00:00,21/08/2026 00:01:36,28/08/2026 11:00:40,,,
295758325,LT0Q8R4W34L11,20260827HY_HDuc_COT15:00_PU01,,100,27/08/2026 00:00:00,21/08/2026 00:01:36,28/08/2026 04:00:57,,,
295758324,LT0Q8R4W34L01,20260827HY_HDuc_COT13:00_PU01,,100,27/08/2026 00:00:00,21/08/2026 00:01:36,28/08/2026 02:04:14,,,
295758323,LT0Q8R4W34KZ1,20260827HY_HDuc_COT14:00_PU01,29E-494.50,90,27/08/2026 00:00:00,21/08/2026 00:01:36,28/08/2026 00:41:49,27/08/2026 22:40:58,27/08/2026 22:40:58,SEQ 1 - 21-HNI Hoai Duc Hub (101) - 27/08/2026 22:40:58
295758322,LT0Q8R4W34KY1,20260827HY_DPhuong3+DPhuong_COT23:00_PU01,29E-303.24,90,27/08/2026 00:00:00,21/08/2026 00:01:36,28/08/2026 01:15:12,27/08/2026 22:34:23,27/08/2026 23:07:22,SEQ 1 - 21-HNI Dan Phuong 3 Hub (2251) - 27/08/2026 22:34:23 | SEQ 2 - 21-HNI Dan Phuong Hub (214) - 27/08/2026 23:07:22
295758321,LT0Q8R4W34KX1,20260827HY_DPhuong3+DPhuong_COT21:00_PU01,,100,27/08/2026 00:00:00,21/08/2026 00:01:36,28/08/2026 10:09:10,,,
295758320,LT0Q8R4W34KW1,20260827HY_DPhuong3+DPhuong_COT22:00_PU01,,100,27/08/2026 00:00:00,21/08/2026 00:01:36,28/08/2026 11:00:40,,,
295758319,LT0Q8R4W34KV1,20260827HY_DPhuong3+DPhuong_COT14:30_PU01,,100,27/08/2026 00:00:00,21/08/2026 00:01:36,28/08/2026 03:04:46,,,
295758318,LT0Q8R4W34KU1,20260827HY_DPhuong3+DPhuong_COT12:30_PU01,,100,27/08/2026 00:00:00,21/08/2026 00:01:36,28/08/2026 01:00:51,,,
295758317,LT0Q8R4W34KT1,20260827HY_DPhuong3+DPhuong_COT13:30_PU01,,100,27/08/2026 00:00:00,21/08/2026 00:01:36,28/08/2026 02:04:14,,,
295758316,LT0Q8R4W34KS1,20260827HY_DPhuong2_COT23:00_PU01,,100,27/08/2026 00:00:00,21/08/2026 00:01:35,28/08/2026 12:02:50,,,
295758315,LT0Q8R4W34KR1,20260827HY_DPhuong2_COT21:00_PU01,,100,27/08/2026 00:00:00,21/08/2026 00:01:35,28/08/2026 10:09:10,,,
295758314,LT0Q8R4W34KQ1,20260827HY_DPhuong2_COT22:00_PU01,,100,27/08/2026 00:00:00,21/08/2026 00:01:35,28/08/2026 11:00:40,,,
295758313,LT0Q8R4W34KP1,20260827HY_DPhuong2_COT15:00_PU01,,100,27/08/2026 00:00:00,21/08/2026 00:01:35,28/08/2026 04:00:57,,,
295758312,LT0Q8R4W34KO1,20260827HY_DPhuong2_COT13:00_PU01,,100,27/08/2026 00:00:00,21/08/2026 00:01:35,28/08/2026 02:04:14,,,
295758311,LT0Q8R4W34KN1,20260827HY_DPhuong2_COT14:00_PU01,,100,27/08/2026 00:00:00,21/08/2026 00:01:35,28/08/2026 03:04:46,,,
295758310,LT0Q8R4W34KM1,20260827HY_CMy3_COT23:00_PU01,,100,27/08/2026 00:00:00,21/08/2026 00:01:35,28/08/2026 12:02:49,,,
295758309,LT0Q8R4W34KL1,20260827HY_CMy3_COT21:00_PU01,,100,27/08/2026 00:00:00,21/08/2026 00:01:35,28/08/2026 10:09:10,,,
295758308,LT0Q8R4W34KK1,20260827HY_CMy3_COT22:00_PU01,,100,27/08/2026 00:00:00,21/08/2026 00:01:35,28/08/2026 11:00:39,,,
295758307,LT0Q8R4W34KJ1,20260827HY_CMy3_COT15:00_PU01,,100,27/08/2026 00:00:00,21/08/2026 00:01:35,28/08/2026 04:00:56,,,
295758306,LT0Q8R4W34KI1,20260827HY_CMy3_COT13:00_PU01,,100,27/08/2026 00:00:00,21/08/2026 00:01:35,28/08/2026 02:04:14,,,
295758305,LT0Q8R4W34KH1,20260827HY_CMy3_COT14:00_PU01,,100,27/08/2026 00:00:00,21/08/2026 00:01:35,28/08/2026 03:04:45,,,
295758304,LT0Q8R4W34KG1,20260827HY_CMy2_COT23:00_PU01,29E-441.90,90,27/08/2026 00:00:00,21/08/2026 00:01:35,28/08/2026 00:01:20,27/08/2026 21:44:47,27/08/2026 21:44:47,SEQ 1 - 21-HNI Chuong My 2 Hub (1328) - 27/08/2026 21:44:47
295758303,LT0Q8R4W34KF1,20260827HY_CMy2_COT21:00_PU01,,100,27/08/2026 00:00:00,21/08/2026 00:01:35,28/08/2026 10:09:10,,,
295758302,LT0Q8R4W34KE1,20260827HY_CMy2_COT22:00_PU01,,100,27/08/2026 00:00:00,21/08/2026 00:01:35,28/08/2026 11:00:39,,,
295758301,LT0Q8R4W34KD1,20260827HY_CMy2_COT15:00_PU01,,100,27/08/2026 00:00:00,21/08/2026 00:01:35,28/08/2026 04:00:56,,,
295758300,LT0Q8R4W34KC1,20260827HY_CMy2_COT13:00_PU01,,100,27/08/2026 00:00:00,21/08/2026 00:01:35,28/08/2026 02:04:13,,,
295758299,LT0Q8R4W34KB1,20260827HY_CMy2_COT14:00_PU01,,100,27/08/2026 00:00:00,21/08/2026 00:01:35,28/08/2026 03:04:45,,,
295758297,LT0Q8R4W34K91,20260827HY_CMy_COT21:00_PU01,,100,27/08/2026 00:00:00,21/08/2026 00:01:35,28/08/2026 10:09:09,,,
295758296,LT0Q8R4W34K81,20260827HY_CMy_COT22:00_PU01,,100,27/08/2026 00:00:00,21/08/2026 00:01:35,28/08/2026 11:00:39,,,
295758294,LT0Q8R4W34K61,20260827HY_CMy_COT13:00_PU01,,100,27/08/2026 00:00:00,21/08/2026 00:01:35,28/08/2026 02:04:13,,,
295758293,LT0Q8R4W34K51,20260827HY_CMy_COT14:00_PU01,,100,27/08/2026 00:00:00,21/08/2026 00:01:35,28/08/2026 03:04:45,,,
295757743,LT0Q8R4W344V1,20260827HY_PTho_COT15:00_PU01,,100,27/08/2026 00:00:00,21/08/2026 00:01:22,28/08/2026 04:00:54,,,
295757742,LT0Q8R4W344U1,20260827HY_PTho_COT13:00_PU01,,100,27/08/2026 00:00:00,21/08/2026 00:01:22,28/08/2026 02:04:11,,,
295757741,LT0Q8R4W344T1,20260827HY_PTho_COT14:00_PU01,,100,27/08/2026 00:00:00,21/08/2026 00:01:22,28/08/2026 03:04:43,,,
295757442,LT0Q8R4W33WI1,20260827HY_PTho_COT23:00_PU01,,100,27/08/2026 00:00:00,21/08/2026 00:01:14,28/08/2026 12:02:39,,,
295757441,LT0Q8R4W33WH1,20260827HY_PTho_COT21:00_PU01,,100,27/08/2026 00:00:00,21/08/2026 00:01:14,28/08/2026 10:09:06,,,
295757440,LT0Q8R4W33WG1,20260827HY_PTho_COT22:00_PU01,29E-791.70,90,27/08/2026 00:00:00,21/08/2026 00:01:14,28/08/2026 00:30:09,27/08/2026 20:45:09,27/08/2026 20:45:09,SEQ 1 - 21-HNI Phuc Tho Hub (226) - 27/08/2026 20:45:09
295757162,LT0Q8R4W33OQ1,20260827HY_STay+STay2_COT23:00_PU01,,100,27/08/2026 00:00:00,21/08/2026 00:01:07,28/08/2026 12:02:36,,,
295757161,LT0Q8R4W33OP1,20260827HY_STay+STay2_COT21:00_PU01,,100,27/08/2026 00:00:00,21/08/2026 00:01:07,28/08/2026 10:09:05,,,
295757160,LT0Q8R4W33OO1,20260827HY_STay+STay2_COT22:00_PU01,,100,27/08/2026 00:00:00,21/08/2026 00:01:07,28/08/2026 11:00:22,,,
295757141,LT0Q8R4W33O51,20260827HY_BVi_COT23:00_PU01,,100,27/08/2026 00:00:00,21/08/2026 00:01:06,28/08/2026 12:02:36,,,
295757140,LT0Q8R4W33O41,20260827HY_BVi_COT21:00_PU01,,100,27/08/2026 00:00:00,21/08/2026 00:01:06,28/08/2026 10:09:05,,,
295757139,LT0Q8R4W33O31,20260827HY_BVi_COT22:00_PU01,29H-776.31,90,27/08/2026 00:00:00,21/08/2026 00:01:06,28/08/2026 00:02:48,27/08/2026 21:11:07,27/08/2026 21:11:07,SEQ 1 - 21-HNI Ba Vi Hub (332) - 27/08/2026 21:11:07
295757097,LT0Q8R4W33MX1,20260827HY_BVi2_COT23:00_PU01,,100,27/08/2026 00:00:00,21/08/2026 00:01:05,28/08/2026 12:02:35,,,
295757096,LT0Q8R4W33MW1,20260827HY_BVi2_COT21:00_PU01,,100,27/08/2026 00:00:00,21/08/2026 00:01:05,28/08/2026 10:09:04,,,
295757095,LT0Q8R4W33MV1,20260827HY_BVi2_COT22:00_PU01,,100,27/08/2026 00:00:00,21/08/2026 00:01:05,28/08/2026 11:00:22,,,
295757081,LT0Q8R4W33MH1,20260827HY_PTho2_COT23:00_PU01,,100,27/08/2026 00:00:00,21/08/2026 00:01:05,28/08/2026 12:02:35,,,
295757080,LT0Q8R4W33MG1,20260827HY_PTho2_COT21:00_PU01,,100,27/08/2026 00:00:00,21/08/2026 00:01:05,28/08/2026 10:09:04,,,
295757079,LT0Q8R4W33MF1,20260827HY_PTho2_COT22:00_PU01,29E-494.60,90,27/08/2026 00:00:00,21/08/2026 00:01:05,28/08/2026 01:07:29,27/08/2026 22:26:29,27/08/2026 22:26:29,SEQ 1 - 21-HNI Phuc Tho 2 Hub (1236) - 27/08/2026 22:26:29
295757049,LT0Q8R4W33LL1,20260827HY_PTho2_COT15:00_PU01,,100,27/08/2026 00:00:00,21/08/2026 00:01:04,28/08/2026 04:00:47,,,
295757048,LT0Q8R4W33LK1,20260827HY_PTho2_COT13:00_PU01,,100,27/08/2026 00:00:00,21/08/2026 00:01:04,28/08/2026 02:04:01,,,
295757047,LT0Q8R4W33LJ1,20260827HY_PTho2_COT14:00_PU01,,100,27/08/2026 00:00:00,21/08/2026 00:01:04,28/08/2026 03:04:33,,,
295710391,LT0Q8R4W23LJ1,2026082721-HNI Dong Anh 8_2Dong Anh 8Hung Yen SOC_COT13:00_PU_adhoct801,,100,27/08/2026 00:00:00,20/08/2026 00:24:07,28/08/2026 02:03:57,,,
295710389,LT0Q8R4W23LH1,2026082720-HNI Hoang Mai 3_2Hoang Mai 320-HNI Hoang Mai HubHung Yen SOC_COT12:00_PU_adhoct801,,100,27/08/2026 00:00:00,20/08/2026 00:24:07,28/08/2026 01:00:44,,,
295709981,LT0Q8R4W23A51,2026082720-HNI Ba Dinh 4_2Ba Dinh 420-HNI Ba Dinh 3 HubHung Yen SOC_COT13:00_PU_adhoc201,,100,27/08/2026 00:00:00,20/08/2026 00:23:57,28/08/2026 02:03:56,,,
295709980,LT0Q8R4W23A41,2026082720-HNI Ba Dinh 4_2Ba Dinh 420-HNI Ba Dinh 3 HubHung Yen SOC_COT13:00_PU_adhoc101,,100,27/08/2026 00:00:00,20/08/2026 00:23:57,28/08/2026 02:03:56,,,
295708670,LT0Q8R4W229Q1,2026082721-HNI Thanh Oai 4_2Thanh Oai 421-HNI Thanh Oai 2 HubHung Yen SOC_COT20:00_PU_adhoc01,,100,27/08/2026 00:00:00,20/08/2026 00:23:24,28/08/2026 09:00:16,,,
295708661,LT0Q8R4W229H1,2026082721-HNI Soc Son_2Soc SonHung Yen SOCHung Yen SOC_COT14:00_PU_adhoc201,,100,27/08/2026 00:00:00,20/08/2026 00:23:24,28/08/2026 03:04:27,,,
295708660,LT0Q8R4W229G1,2026082721-HNI Soc Son_2Soc SonHung Yen SOCHung Yen SOC_COT14:00_PU_adhoc01,,100,27/08/2026 00:00:00,20/08/2026 00:23:24,28/08/2026 03:04:26,,,
295708609,LT0Q8R4W22813,20260827HY SOC - HN21 SOC 21H03,,100,27/08/2026 00:00:00,20/08/2026 00:23:23,28/08/2026 08:06:44,,,
295708608,LT0Q8R4W22802,20260827HY SOC - HN21 SOC 21H02,,100,27/08/2026 00:00:00,20/08/2026 00:23:23,28/08/2026 08:06:43,,,
295708607,LT0Q8R4W227Z1,20260827HY SOC - HN21 SOC 21H01,29E-503.75,90,27/08/2026 00:00:00,20/08/2026 00:23:23,28/08/2026 00:41:49,27/08/2026 22:21:03,27/08/2026 22:21:03,SEQ 1 - Hung Yen SOC (3909) - 27/08/2026 22:21:03
295708603,LT0Q8R4W227V3,20260827HY SOC - Mega A/B SOC 21H03,,100,27/08/2026 00:00:00,20/08/2026 00:23:23,28/08/2026 08:06:43,,,
295708602,LT0Q8R4W227U2,20260827HY SOC - Mega A/B SOC 21H02,50E-201.00,90,27/08/2026 00:00:00,20/08/2026 00:23:23,28/08/2026 05:20:40,28/08/2026 02:55:07,28/08/2026 02:55:07,SEQ 1 - Hung Yen SOC (3909) - 28/08/2026 02:55:07
295708601,LT0Q8R4W227T1,20260827HY SOC - Mega A/B SOC 21H01,20H-031.24,90,27/08/2026 00:00:00,20/08/2026 00:23:23,28/08/2026 10:39:28,27/08/2026 21:13:01,27/08/2026 21:13:01,SEQ 1 - Hung Yen SOC (3909) - 27/08/2026 21:13:01
295708597,LT0Q8R4W227P3,20260827HY SOC-BN B SOC_COT20:0003,,100,27/08/2026 00:00:00,20/08/2026 00:23:23,28/08/2026 10:08:45,,,
295708596,LT0Q8R4W227O2,20260827HY SOC-BN B SOC_COT20:0002,,100,27/08/2026 00:00:00,20/08/2026 00:23:23,28/08/2026 10:08:45,,,
295708595,LT0Q8R4W227N1,20260827HY SOC-BN B SOC_COT20:0001,,100,27/08/2026 00:00:00,20/08/2026 00:23:23,28/08/2026 10:08:45,,,
295708594,LT0Q8R4W227M3,20260827HY SOC-BN B SOC_COT15:0003,,100,27/08/2026 00:00:00,20/08/2026 00:23:23,28/08/2026 04:00:36,,,
295708593,LT0Q8R4W227L2,20260827HY SOC-BN B SOC_COT15:0002,,100,27/08/2026 00:00:00,20/08/2026 00:23:23,28/08/2026 04:00:36,,,
295708592,LT0Q8R4W227K1,20260827HY SOC-BN B SOC_COT15:0001,29E-305.56,90,27/08/2026 00:00:00,20/08/2026 00:23:23,28/08/2026 05:10:12,28/08/2026 02:13:02,28/08/2026 02:13:02,SEQ 1 - Hung Yen SOC (3909) - 28/08/2026 02:13:02
295708591,LT0Q8R4W227J3,20260827HY SOC-BN B SOC_COT12:0003,29E-303.37,90,27/08/2026 00:00:00,20/08/2026 00:23:23,28/08/2026 02:29:40,27/08/2026 23:15:59,27/08/2026 23:15:59,SEQ 1 - Hung Yen SOC (3909) - 27/08/2026 23:15:59
295708585,LT0Q8R4W227D3,20260827HY SOC-BN A SOC_COT20:0003,,100,27/08/2026 00:00:00,20/08/2026 00:23:22,28/08/2026 10:08:45,,,
295708584,LT0Q8R4W227C2,20260827HY SOC-BN A SOC_COT20:0002,,100,27/08/2026 00:00:00,20/08/2026 00:23:22,28/08/2026 10:08:45,,,
295708583,LT0Q8R4W227B1,20260827HY SOC-BN A SOC_COT20:0001,,100,27/08/2026 00:00:00,20/08/2026 00:23:22,28/08/2026 10:08:45,,,
295708582,LT0Q8R4W227A3,20260827HY SOC-BN A SOC_COT15:0003,,100,27/08/2026 00:00:00,20/08/2026 00:23:22,28/08/2026 04:00:36,,,
295708581,LT0Q8R4W22792,20260827HY SOC-BN A SOC_COT15:0002,,100,27/08/2026 00:00:00,20/08/2026 00:23:22,28/08/2026 04:00:36,,,
295708580,LT0Q8R4W22781,20260827HY SOC-BN A SOC_COT15:0001,50E-404.42,90,27/08/2026 00:00:00,20/08/2026 00:23:22,28/08/2026 05:03:11,28/08/2026 02:16:37,28/08/2026 02:16:37,SEQ 1 - Hung Yen SOC (3909) - 28/08/2026 02:16:37
295708579,LT0Q8R4W22773,20260827HY SOC-BN A SOC_COT12:0003,,100,27/08/2026 00:00:00,20/08/2026 00:23:22,28/08/2026 01:00:37,,,
295708577,LT0Q8R4W22751,20260827HY SOC-BN A SOC_COT12:0001,,100,27/08/2026 00:00:00,20/08/2026 00:23:22,28/08/2026 01:00:37,,,
295708570,LT0Q8R4W226Y3,20260827WHYP - HY SOC COT 21H03,,100,27/08/2026 00:00:00,20/08/2026 00:23:22,28/08/2026 09:00:15,,,
295708569,LT0Q8R4W226X2,20260827WHYP - HY SOC COT 21H02,,100,27/08/2026 00:00:00,20/08/2026 00:23:22,28/08/2026 09:00:15,,,
295708568,LT0Q8R4W226W1,20260827WHYP - HY SOC COT 21H01,,100,27/08/2026 00:00:00,20/08/2026 00:23:22,28/08/2026 09:00:15,,,
295708567,LT0Q8R4W226V3,20260827WHYP - HY SOC COT 19H03,50H-307.56,90,27/08/2026 00:00:00,20/08/2026 00:23:22,28/08/2026 07:30:47,28/08/2026 05:27:18,28/08/2026 05:27:18,SEQ 1 - 22-BNH Warehouse Inbound 02 (5038) - 28/08/2026 05:27:18
295708566,LT0Q8R4W226U2,20260827WHYP - HY SOC COT 19H02,,100,27/08/2026 00:00:00,20/08/2026 00:23:22,28/08/2026 07:02:52,,,
295708565,LT0Q8R4W226T1,20260827WHYP - HY SOC COT 19H01,29K-109.37,90,27/08/2026 00:00:00,20/08/2026 00:23:22,28/08/2026 04:24:09,28/08/2026 02:20:27,28/08/2026 02:20:27,SEQ 1 - 22-BNH Warehouse Inbound 02 (5038) - 28/08/2026 02:20:27
295708564,LT0Q8R4W226S3,20260827WHYP - HY SOC COT 15H03,29H-806.77,90,27/08/2026 00:00:00,20/08/2026 00:23:22,28/08/2026 02:29:07,27/08/2026 23:05:35,27/08/2026 23:05:35,SEQ 1 - 22-BNH Warehouse Inbound 02 (5038) - 27/08/2026 23:05:35
295708453,LT0Q8R4W223P3,20260827WHTT - HY SOC COT 21H03,,100,27/08/2026 00:00:00,20/08/2026 00:23:19,28/08/2026 09:00:15,,,
295708452,LT0Q8R4W223O2,20260827WHTT - HY SOC COT 21H02,,100,27/08/2026 00:00:00,20/08/2026 00:23:19,28/08/2026 09:00:15,,,
295708451,LT0Q8R4W223N1,20260827WHTT - HY SOC COT 21H01,,100,27/08/2026 00:00:00,20/08/2026 00:23:19,28/08/2026 09:00:14,,,
295708450,LT0Q8R4W223M3,20260827WHTT - HY SOC COT 19H03,,100,27/08/2026 00:00:00,20/08/2026 00:23:19,28/08/2026 07:02:52,,,
295708449,LT0Q8R4W223L2,20260827WHTT - HY SOC COT 19H02,,100,27/08/2026 00:00:00,20/08/2026 00:23:19,28/08/2026 07:02:52,,,
295708448,LT0Q8R4W223K1,20260827WHTT - HY SOC COT 19H01,29H-290.43,90,27/08/2026 00:00:00,20/08/2026 00:23:19,28/08/2026 06:39:36,28/08/2026 04:44:47,28/08/2026 04:44:47,SEQ 1 - 22-BNH Warehouse Inbound (1648) - 28/08/2026 04:44:47
295708447,LT0Q8R4W223J3,20260827WHTT - HY SOC COT 15H03,29K-139.20,90,27/08/2026 00:00:00,20/08/2026 00:23:19,28/08/2026 03:19:26,28/08/2026 02:23:09,28/08/2026 02:23:09,SEQ 1 - 22-BNH Warehouse Inbound (1648) - 28/08/2026 02:23:09
295708446,LT0Q8R4W223I2,20260827WHTT - HY SOC COT 15H02,29E-332.70,90,27/08/2026 00:00:00,20/08/2026 00:23:19,28/08/2026 06:05:35,27/08/2026 22:52:33,27/08/2026 22:52:33,SEQ 1 - 22-BNH Warehouse Inbound (1648) - 27/08/2026 22:52:33
295708033,LT0Q8R4W21S13,20260827BN A SOC-HY SOC-BN A SOC_COT12:0003,,100,27/08/2026 00:00:00,20/08/2026 00:23:09,28/08/2026 01:00:35,,,
295708032,LT0Q8R4W21S02,20260827BN A SOC-HY SOC-BN A SOC_COT12:0002,,100,27/08/2026 00:00:00,20/08/2026 00:23:09,28/08/2026 01:00:35,,,
295708031,LT0Q8R4W21RZ1,20260827BN A SOC-HY SOC-BN A SOC_COT12:0001,,100,27/08/2026 00:00:00,20/08/2026 00:23:09,28/08/2026 01:00:35,,,
295708030,LT0Q8R4W21RY3,20260827BN A SOC-HY SOC_COT20:0003,,100,27/08/2026 00:00:00,20/08/2026 00:23:09,28/08/2026 10:08:41,,,
295708029,LT0Q8R4W21RX2,20260827BN A SOC-HY SOC_COT20:0002,,100,27/08/2026 00:00:00,20/08/2026 00:23:09,28/08/2026 10:08:41,,,
295708028,LT0Q8R4W21RW1,20260827BN A SOC-HY SOC_COT20:0001,,100,27/08/2026 00:00:00,20/08/2026 00:23:09,28/08/2026 10:08:41,,,
295708025,LT0Q8R4W21RT1,20260827BN A SOC-HY SOC_COT15:0001,,100,27/08/2026 00:00:00,20/08/2026 00:23:09,28/08/2026 04:00:30,,,
295708024,LT0Q8R4W21RS3,20260827BN A SOC-HY SOC_COT12:0003,,100,27/08/2026 00:00:00,20/08/2026 00:23:09,28/08/2026 01:00:35,,,
295708023,LT0Q8R4W21RR2,20260827BN A SOC-HY SOC_COT12:0002,,100,27/08/2026 00:00:00,20/08/2026 00:23:09,28/08/2026 01:00:35,,,
295708022,LT0Q8R4W21RQ1,20260827BN A SOC-HY SOC_COT12:0001,,100,27/08/2026 00:00:00,20/08/2026 00:23:09,28/08/2026 01:00:35,,,
295707978,LT0Q8R4W21QI3,20260827BN B SOC-HY SOC-BN B SOC_COT12:0003,,100,27/08/2026 00:00:00,20/08/2026 00:23:08,28/08/2026 01:00:33,,,
295707977,LT0Q8R4W21QH2,20260827BN B SOC-HY SOC-BN B SOC_COT12:0002,,100,27/08/2026 00:00:00,20/08/2026 00:23:08,28/08/2026 01:00:33,,,
295707976,LT0Q8R4W21QG1,20260827BN B SOC-HY SOC-BN B SOC_COT12:0001,,100,27/08/2026 00:00:00,20/08/2026 00:23:08,28/08/2026 01:00:33,,,
295707975,LT0Q8R4W21QF3,20260827BN B SOC-HY SOC_COT20:0003,,100,27/08/2026 00:00:00,20/08/2026 00:23:08,28/08/2026 10:08:41,,,
295707974,LT0Q8R4W21QE2,20260827BN B SOC-HY SOC_COT20:0002,,100,27/08/2026 00:00:00,20/08/2026 00:23:08,28/08/2026 10:08:41,,,
295707973,LT0Q8R4W21QD1,20260827BN B SOC-HY SOC_COT20:0001,22H-039.32,90,27/08/2026 00:00:00,20/08/2026 00:23:08,28/08/2026 07:53:35,28/08/2026 05:04:36,28/08/2026 05:04:36,SEQ 1 - BN B Mega SOC (1959) - 28/08/2026 05:04:36
295707972,LT0Q8R4W21QC3,20260827BN B SOC-HY SOC_COT15:0003,,100,27/08/2026 00:00:00,20/08/2026 00:23:08,28/08/2026 04:00:29,,,
295707969,LT0Q8R4W21Q93,20260827BN B SOC-HY SOC_COT12:0003,,100,27/08/2026 00:00:00,20/08/2026 00:23:08,28/08/2026 01:00:33,,,
295707968,LT0Q8R4W21Q82,20260827BN B SOC-HY SOC_COT12:0002,29H-775.13,90,27/08/2026 00:00:00,20/08/2026 00:23:08,28/08/2026 00:26:48,27/08/2026 22:40:28,27/08/2026 22:40:28,SEQ 1 - BN B Mega SOC (1959) - 27/08/2026 22:40:28
295707853,LT0Q8R4W21N1A,20260827TCB110,29H-776.63,90,27/08/2026 00:00:00,20/08/2026 00:23:05,28/08/2026 12:53:17,27/08/2026 11:11:38,27/08/2026 11:11:38,SEQ 1 - Hung Yen SOC (3909) - 27/08/2026 11:11:38
295707849,LT0Q8R4W21MX6,20260827TCB106,29E-090.12,90,27/08/2026 00:00:00,20/08/2026 00:23:05,28/08/2026 23:40:01,27/08/2026 05:18:42,27/08/2026 05:18:42,SEQ 1 - Hung Yen SOC (3909) - 27/08/2026 05:18:42
295707843,LT0Q8R4W21MR1,2026082721-HNI Thanh Oai 4_2Thanh Oai 421-HNI Thanh Oai 2 HubHung Yen SOC_COT14:00_PU_adhoc301,,100,27/08/2026 00:00:00,20/08/2026 00:23:05,28/08/2026 03:04:22,,,
295707842,LT0Q8R4W21MQ1,2026082721-HNI Thanh Oai 4_2Thanh Oai 421-HNI Thanh Oai 2 HubHung Yen SOC_COT14:00_PU_adhoc201,,100,27/08/2026 00:00:00,20/08/2026 00:23:05,28/08/2026 03:04:22,,,
295707836,LT0Q8R4W21MK1,2026082721-HNI Thanh Tri_2Thanh Tri21-HNI Thanh Tri 5 HubHung Yen SOC_COT14:00_PU_adhoc301,,100,27/08/2026 00:00:00,20/08/2026 00:23:04,28/08/2026 03:04:21,,,
295707835,LT0Q8R4W21MJ1,2026082721-HNI Thanh Tri_2Thanh Tri21-HNI Thanh Tri 5 HubHung Yen SOC_COT14:00_PU_adhoc01,,100,27/08/2026 00:00:00,20/08/2026 00:23:04,28/08/2026 03:04:21,,,
295707816,LT0Q8R4W21M01,2026082720-HNI Long Bien 3_2Long Bien 320-HNI Long Bien 5 HubHung Yen SOC_COT14:00_PU_adhoc301,,100,27/08/2026 00:00:00,20/08/2026 00:23:04,28/08/2026 03:04:19,,,
295707815,LT0Q8R4W21LZ1,2026082720-HNI Long Bien 3_2Long Bien 320-HNI Long Bien 5 HubHung Yen SOC_COT14:00_PU_adhoc201,,100,27/08/2026 00:00:00,20/08/2026 00:23:04,28/08/2026 03:04:19,,,
295707814,LT0Q8R4W21LY1,2026082720-HNI Long Bien 3_2Long Bien 320-HNI Long Bien 5 HubHung Yen SOC_COT14:00_PU_adhoc01,,100,27/08/2026 00:00:00,20/08/2026 00:23:04,28/08/2026 03:04:19,,,
295704508,LT0Q8R4W1Z241,20260827317_HY_COTMaterM313:30_20-HNI Cau Giay 7 Hub+20-HNI Cau Giay 8 Hub_PU01,,100,27/08/2026 00:00:00,20/08/2026 00:21:46,28/08/2026 02:03:53,,,
295704490,LT0Q8R4W1Z1M1,20260827298_HY_COTMaterM314:00_20-HNI Tu Liem 3 Hub_PU01,,100,27/08/2026 00:00:00,20/08/2026 00:21:46,28/08/2026 03:04:18,,,
295704489,LT0Q8R4W1Z1L1,20260827297_HY_COTMaterM313:30_20-HNI Thanh Xuan 3 Hub+20-HNI Thanh Xuan 6 Hub_PU01,,100,27/08/2026 00:00:00,20/08/2026 00:21:46,28/08/2026 02:03:52,,,
295704488,LT0Q8R4W1Z1K1,20260827296_HY_COTMaterM313:30_20-HNI Cau Giay 3 Hub+20-HNI Cau Giay 5 Hub_PU01,,100,27/08/2026 00:00:00,20/08/2026 00:21:46,28/08/2026 02:03:52,,,
295704401,LT0Q8R4W1YZ51,20260827227_HY_COTMaterM314:00_20-HNI Cau Giay Hub+20-HNI Cau Giay 2 Hub_PU01,,100,27/08/2026 00:00:00,20/08/2026 00:21:44,28/08/2026 03:04:16,,,
295704373,LT0Q8R4W1YYD1,20260827206_HY_COTMaterM313:30_21-HNI Hoai Duc 5 Hub_PU01,,100,27/08/2026 00:00:00,20/08/2026 00:21:43,28/08/2026 02:03:50,,,
295704370,LT0Q8R4W1YYA1,20260827203_HY_COTMaterM313:30_21-HNI Hoai Duc Hub_PU01,29H-775.20,90,27/08/2026 00:00:00,20/08/2026 00:21:43,28/08/2026 16:23:56,27/08/2026 13:13:59,27/08/2026 13:13:59,SEQ 1 - 21-HNI Hoai Duc Hub (101) - 27/08/2026 13:13:59
295704368,LT0Q8R4W1YY81,20260827201_HY_COTMaterM313:30_20-HNI Cau Giay 4 Hub+20-HNI Cau Giay 6 Hub_PU01,,100,27/08/2026 00:00:00,20/08/2026 00:21:43,28/08/2026 02:03:50,,,
295704367,LT0Q8R4W1YY71,20260827200_HY_COTMaterM313:30_20-HNI Ha Dong 5 Hub_PU01,,100,27/08/2026 00:00:00,20/08/2026 00:21:43,28/08/2026 02:03:50,,,
295704365,LT0Q8R4W1YY51,20260827198_HY_COTMaterM313:30_20-HNI Bac Tu Liem 4 Hub+20-HNI Bac Tu Liem 8 Hub_PU01,,100,27/08/2026 00:00:00,20/08/2026 00:21:43,28/08/2026 02:03:50,,,
295704364,LT0Q8R4W1YY41,20260827197_HY_COTMaterM313:30_20-HNI Bac Tu Liem 6 Hub+20-HNI Bac Tu Liem 7 Hub_PU01,,100,27/08/2026 00:00:00,20/08/2026 00:21:43,28/08/2026 02:03:50,,,
295704363,LT0Q8R4W1YY31,20260827196_HY_COTMaterM313:30_20-HNI Tay Ho 2 Hub+20-HNI Tay Ho 5 Hub_PU01,,100,27/08/2026 00:00:00,20/08/2026 00:21:43,28/08/2026 02:03:50,,,
295704359,LT0Q8R4W1YXZ1,20260827192_HY_COTMaterM313:30_20-HNI Ha Dong 8 Hub+20-HNI Ha Dong 14 Hub_PU01,,100,27/08/2026 00:00:00,20/08/2026 00:21:43,28/08/2026 02:03:50,,,
295704351,LT0Q8R4W1YXR1,20260827184_HY_COTMaterM313:30_21-HNI Chuong My 3 Hub+21-HNI Chuong My 4 Hub_PU01,,100,27/08/2026 00:00:00,20/08/2026 00:21:42,28/08/2026 02:03:50,,,
295704348,LT0Q8R4W1YXO1,20260827182_HY_COTMaterM313:30_21-HNI Son Tay Hub+21-HNI Son Tay 2 Hub_PU01,,100,27/08/2026 00:00:00,20/08/2026 00:21:42,28/08/2026 02:03:49,,,
295704342,LT0Q8R4W1YXI1,20260827175_HY_COTMaterM313:30_20-HNI Tu Liem 2 Hub_PU01,,100,27/08/2026 00:00:00,20/08/2026 00:21:42,28/08/2026 02:03:49,,,
295704324,LT0Q8R4W1YX01,20260827159_HY_COTMaterM313:30_21-HNI Thach That Hub+21-HNI Thach That 3 Hub+21-HNI Thach That 5 Hub_PU01,,100,27/08/2026 00:00:00,20/08/2026 00:21:42,28/08/2026 02:03:49,,,
295704304,LT0Q8R4W1YWG1,20260827142_HY_COTMaterM313:30_20-HNI Tay Ho 4 Hub_PU01,,100,27/08/2026 00:00:00,20/08/2026 00:21:41,28/08/2026 02:03:48,,,
295704301,LT0Q8R4W1YWD1,20260827140_HY_COTMaterM314:00_21-HNI Ba Vi Hub+21-HNI Ba Vi 3 Hub+21-HNI Ba Vi 4 Hub_PU01,,100,27/08/2026 00:00:00,20/08/2026 00:21:41,28/08/2026 03:04:13,,,
295704300,LT0Q8R4W1YWC1,20260827139_HY_COTMaterM313:30_20-HNI Ha Dong 7 Hub_PU01,,100,27/08/2026 00:00:00,20/08/2026 00:21:41,28/08/2026 02:03:48,,,
295704294,LT0Q8R4W1YW61,20260827135_HY_COTMaterM313:30_21-HNI Chuong My 2 Hub+21-HNI Chuong My Hub_PU01,,100,27/08/2026 00:00:00,20/08/2026 00:21:41,28/08/2026 02:03:48,,,
295704273,LT0Q8R4W1YVL1,20260827116_HY_COTMaterM313:30_21-HNI Dan Phuong 3 Hub+21-HNI Dan Phuong Hub+21-HNI Dan Phuong 2 Hub_PU01,,100,27/08/2026 00:00:00,20/08/2026 00:21:40,28/08/2026 02:03:48,,,
295704261,LT0Q8R4W1YV91,20260827106_HY_COTMaterM313:30_20-HNI Ha Dong 10 Hub_PU01,,100,27/08/2026 00:00:00,20/08/2026 00:21:40,28/08/2026 02:03:47,,,
295704257,LT0Q8R4W1YV51,20260827103_HY_COTMaterM313:30_21-HNI Hoai Duc 4 Hub_PU01,,100,27/08/2026 00:00:00,20/08/2026 00:21:40,28/08/2026 02:03:47,,,
295704256,LT0Q8R4W1YV41,20260827102_HY_COTMaterM313:30_21-HNI Phuc Tho 2 Hub+21-HNI Phuc Tho Hub+21-HNI Phuc Tho 3 Hub_PU01,,100,27/08/2026 00:00:00,20/08/2026 00:21:40,28/08/2026 02:03:47,,,
295704216,LT0Q8R4W1YU01,2026082763_HY_COTMaterM313:30_20-HNI Ha Dong 6 Hub_PU01,,100,27/08/2026 00:00:00,20/08/2026 00:21:39,28/08/2026 02:03:46,,,
295704214,LT0Q8R4W1YTY1,2026082761_HY_COTMaterM314:00_20-HNI Tu Liem 5 Hub+20-HNI Tu Liem 6 Hub_PU01,,100,27/08/2026 00:00:00,20/08/2026 00:21:39,28/08/2026 03:04:11,,,
295704213,LT0Q8R4W1YTX1,2026082760_HY_COTMaterM314:00_20-HNI Tu Liem 4 Hub+20-HNI Bac Tu Liem 5 Hub_PU01,,100,27/08/2026 00:00:00,20/08/2026 00:21:39,28/08/2026 03:04:11,,,
295704212,LT0Q8R4W1YTW1,2026082759_HY_COTMaterM314:00_20-HNI Tay Ho 3 Hub_PU01,,100,27/08/2026 00:00:00,20/08/2026 00:21:39,28/08/2026 03:04:11,,,
295703577,LT0Q8R4W1YC91,20260827HN S_long bien 6_COT13:00_PU_adhoc13 fdgfdg01,,100,27/08/2026 00:00:00,20/08/2026 00:21:24,28/08/2026 02:03:43,,,
295703576,LT0Q8R4W1YC81,20260827HN S_long bien 6_COT13:00_PU_adhoc1 fdgfdg01,89H-151.01,90,27/08/2026 00:00:00,20/08/2026 00:21:24,28/08/2026 14:40:10,27/08/2026 12:59:04,27/08/2026 13:23:21,SEQ 1 - 20-HNI Long Bien 6 Hub (6128) - 27/08/2026 12:59:04 | SEQ 2 - 20-HNI Long Bien 4 Hub (2267) - 27/08/2026 13:23:21
295703569,LT0Q8R4W1YC11,20260827HN S_long bien 6_COT13:00_PU_adhoc1301,,100,27/08/2026 00:00:00,20/08/2026 00:21:24,28/08/2026 02:03:42,,,
295703568,LT0Q8R4W1YC01,20260827HN S_long bien 6_COT13:00_PU_adhoc101,,100,27/08/2026 00:00:00,20/08/2026 00:21:24,28/08/2026 02:03:42,,,
295697489,LT0Q8R4W1TN51,20260827HY_COT13:15_20-HNI Dong Da Hub+20-HNI Dong Da 02 Hub+20-HNI Dong Da 9 Hub_PU2811a01,,100,27/08/2026 00:00:00,20/08/2026 00:18:57,28/08/2026 02:03:42,,,
295697488,LT0Q8R4W1TN41,20260827HY_COT21:15_20-HNI Dong Da Hub+20-HNI Dong Da 02 Hub+20-HNI Dong Da 9 Hub_PU2811a01,,100,27/08/2026 00:00:00,20/08/2026 00:18:57,28/08/2026 10:08:38,,,
295697484,LT0Q8R4W1TN01,20260827HY_COT13:15_20-HNI Dong Da Hub+20-HNI Dong Da 02 Hub+20-HNI Dong Da 9 Hub_PU281101,,100,27/08/2026 00:00:00,20/08/2026 00:18:57,28/08/2026 02:03:42,,,
295697483,LT0Q8R4W1TMZ1,20260827HY_COT21:15_20-HNI Dong Da Hub+20-HNI Dong Da 02 Hub+20-HNI Dong Da 9 Hub_PU281101,,100,27/08/2026 00:00:00,20/08/2026 00:18:57,28/08/2026 10:08:38,,,
295697477,LT0Q8R4W1TMT1,20260827HY_COT21:15_20-HNI Dong Da Hub+20-HNI Dong Da 02 Hub+20-HNI Dong Da 9 Hub_PU28101,,100,27/08/2026 00:00:00,20/08/2026 00:18:57,28/08/2026 10:08:38,,,
295697450,LT0Q8R4W1TM21,20260827HY_COT21:15_20-HNI Hoang Mai 3 Hub_3311afghghhsdggutyu01,,100,27/08/2026 00:00:00,20/08/2026 00:18:56,28/08/2026 10:08:38,,,
295697449,LT0Q8R4W1TM11,20260827HY_COT21:15_21-HNI Gia Lam Hub_3301afghghhsdggutyu01,,100,27/08/2026 00:00:00,20/08/2026 00:18:56,28/08/2026 10:08:38,,,
295697421,LT0Q8R4W1TL91,20260827HY_COT21:15_20-HNI Hoang Mai Hub+20-HNI Hoang Mai 3 Hub_2861afghghhsdggutyu01,,100,27/08/2026 00:00:00,20/08/2026 00:18:56,28/08/2026 10:08:38,,,
295697420,LT0Q8R4W1TL81,20260827HY_COT13:15_20-HNI Hoang Mai Hub+20-HNI Hoang Mai 3 Hub_2861afghghhsdggutyu01,,100,27/08/2026 00:00:00,20/08/2026 00:18:56,28/08/2026 02:03:41,,,
295697418,LT0Q8R4W1TL61,20260827HY_COT13:15_21-HNI Gia Lam 3 Hub+21-HNI Gia Lam 7 Hub_2851afghghhsdggutyu01,,100,27/08/2026 00:00:00,20/08/2026 00:18:56,28/08/2026 02:03:41,,,
295697417,LT0Q8R4W1TL51,20260827HY_COT21:15_21-HNI Thanh Tri 2 Hub+21-HNI Thanh Tri 6 Hub_2821afghghhsdggutyu01,,100,27/08/2026 00:00:00,20/08/2026 00:18:56,28/08/2026 10:08:38,,,
295697416,LT0Q8R4W1TL41,20260827HY_COT13:15_21-HNI Thanh Tri 2 Hub+21-HNI Thanh Tri 6 Hub_2821afghghhsdggutyu01,,100,27/08/2026 00:00:00,20/08/2026 00:18:55,28/08/2026 02:03:41,,,
295697415,LT0Q8R4W1TL31,20260827HY_COT13:15_21-HNI Gia Lam 8 Hub+21-HNI Gia Lam 5 Hub_2801afghghhsdggutyu01,,100,27/08/2026 00:00:00,20/08/2026 00:18:55,28/08/2026 02:03:41,,,
295697414,LT0Q8R4W1TL21,20260827HY_COT21:15_21-HNI Gia Lam 8 Hub+21-HNI Gia Lam 5 Hub_2801afghghhsdggutyu01,,100,27/08/2026 00:00:00,20/08/2026 00:18:55,28/08/2026 10:08:37,,,
295697413,LT0Q8R4W1TL11,20260827HY_COT21:15_20-HNI Long Bien 4 Hub_2781afghghhsdggutyu01,,100,27/08/2026 00:00:00,20/08/2026 00:18:55,28/08/2026 10:08:37,,,
295697412,LT0Q8R4W1TL01,20260827HY_COT13:15_20-HNI Long Bien 4 Hub_2781afghghhsdggutyu01,,100,27/08/2026 00:00:00,20/08/2026 00:18:55,28/08/2026 02:03:41,,,
295697411,LT0Q8R4W1TKZ1,20260827HY_COT13:15_20-HNI Hoang Mai 2 Hub_2771afghghhsdggutyu01,,100,27/08/2026 00:00:00,20/08/2026 00:18:55,28/08/2026 02:03:40,,,
295697410,LT0Q8R4W1TKY1,20260827HY_COT21:15_20-HNI Hoang Mai 2 Hub_2771afghghhsdggutyu01,,100,27/08/2026 00:00:00,20/08/2026 00:18:55,28/08/2026 10:08:37,,,
295697409,LT0Q8R4W1TKX1,20260827HY_COT21:15_20-HNI Hoang Mai 4 Hub+20-HNI Hoang Mai 6 Hub_2761afghghhsdggutyu01,,100,27/08/2026 00:00:00,20/08/2026 00:18:55,28/08/2026 10:08:37,,,
295697408,LT0Q8R4W1TKW1,20260827HY_COT13:15_20-HNI Hoang Mai 4 Hub+20-HNI Hoang Mai 6 Hub_2761afghghhsdggutyu01,,100,27/08/2026 00:00:00,20/08/2026 00:18:55,28/08/2026 02:03:40,,,
295697407,LT0Q8R4W1TKV1,20260827HY_COT21:15_20-HNI Hoang Mai 2 Hub_2751afghghhsdggutyu01,,100,27/08/2026 00:00:00,20/08/2026 00:18:55,28/08/2026 10:08:37,,,
295697406,LT0Q8R4W1TKU1,20260827HY_COT13:15_21-HNI Gia Lam Hub_2751afghghhsdggutyu01,,100,27/08/2026 00:00:00,20/08/2026 00:18:55,28/08/2026 02:03:40,,,
295697405,LT0Q8R4W1TKT1,20260827HY_COT21:15_20-HNI Hoang Mai 7 Hub+20-HNI Hoang Mai 5 Hub_2711afghghhsdggutyu01,,100,27/08/2026 00:00:00,20/08/2026 00:18:55,28/08/2026 10:08:37,,,
295697404,LT0Q8R4W1TKS1,20260827HY_COT13:15_20-HNI Hoang Mai 7 Hub+20-HNI Hoang Mai 5 Hub_2711afghghhsdggutyu01,,100,27/08/2026 00:00:00,20/08/2026 00:18:55,28/08/2026 02:03:40,,,
295697403,LT0Q8R4W1TKR1,20260827HY_COT21:15_21-HNI Gia Lam 2 Hub+21-HNI Gia Lam 4 Hub_2691afghghhsdggutyu01,,100,27/08/2026 00:00:00,20/08/2026 00:18:55,28/08/2026 10:08:37,,,
295697401,LT0Q8R4W1TKP1,20260827HY_COT21:30_21-HNI Gia Lam 6 Hub+21-HNI Gia Lam CH_2681afghghhsdggutyu01,,100,27/08/2026 00:00:00,20/08/2026 00:18:55,28/08/2026 10:08:36,,,
295697400,LT0Q8R4W1TKO1,20260827HY_COT14:00_21-HNI Gia Lam 6 Hub+21-HNI Gia Lam CH_2681afghghhsdggutyu01,,100,27/08/2026 00:00:00,20/08/2026 00:18:55,28/08/2026 03:02:38,,,
295697399,LT0Q8R4W1TKN1,20260827HY_COT21:15_20-HNI Dong Da 7 Hub+20-HNI Dong Da 8 Hub_2661afghghhsdggutyu01,,100,27/08/2026 00:00:00,20/08/2026 00:18:55,28/08/2026 10:08:36,,,
295697398,LT0Q8R4W1TKM1,20260827HY_COT13:15_20-HNI Dong Da 7 Hub+20-HNI Dong Da 8 Hub_2661afghghhsdggutyu01,,100,27/08/2026 00:00:00,20/08/2026 00:18:55,28/08/2026 02:03:40,,,
295697397,LT0Q8R4W1TKL1,20260827HY_COT13:15_20-HNI Hai Ba Trung Hub+20-HNI Hai Ba Trung 2 Hub_2651afghghhsdggutyu01,,100,27/08/2026 00:00:00,20/08/2026 00:18:55,28/08/2026 02:03:40,,,
295697395,LT0Q8R4W1TKJ1,20260827HY_COT21:15_20-HNI Hoan Kiem 2 Hub+20-HNI Hoan Kiem Hub+20-HNI Ba Dinh Hub_2641afghghhsdggutyu01,,100,27/08/2026 00:00:00,20/08/2026 00:18:55,28/08/2026 10:08:36,,,
295697394,LT0Q8R4W1TKI1,20260827HY_COT13:15_20-HNI Hoan Kiem 2 Hub+20-HNI Hoan Kiem Hub+20-HNI Ba Dinh Hub_2641afghghhsdggutyu01,,100,27/08/2026 00:00:00,20/08/2026 00:18:55,28/08/2026 02:03:40,,,
295697015,LT0Q8R4W1T9Z1,20260827HY_COT13:15_21-HNI Thuong Tin 3 Hub+21-HNI Thuong Tin Hub_PU3031afghghhsdggutyu01,,100,27/08/2026 00:00:00,20/08/2026 00:18:46,28/08/2026 02:03:28,,,
295697014,LT0Q8R4W1T9Y1,20260827HY_COT21:15_20-HNI Dong Da 4 Hub+20-HNI Dong Da 10 Hub_PU3031afghghhsdggutyu01,,100,27/08/2026 00:00:00,20/08/2026 00:18:46,28/08/2026 10:08:36,,,
295697013,LT0Q8R4W1T9X1,20260827HY_COT21:15_20-HNI Hai Ba Trung 3 Hub+20-HNI Hai Ba Trung 6 Hub_PU3021afghghhsdggutyu01,,100,27/08/2026 00:00:00,20/08/2026 00:18:46,28/08/2026 10:08:36,,,
295697012,LT0Q8R4W1T9W1,20260827HY_COT13:15_20-HNI Hai Ba Trung 3 Hub+20-HNI Hai Ba Trung 6 Hub_PU3021afghghhsdggutyu01,,100,27/08/2026 00:00:00,20/08/2026 00:18:46,28/08/2026 02:03:28,,,
295697011,LT0Q8R4W1T9V1,20260827HY_COT21:15_21-HNI Thanh Oai 2 Hub+21-HNI Thanh Oai 4 Hub_PU3011afghghhsdggutyu01,,100,27/08/2026 00:00:00,20/08/2026 00:18:46,28/08/2026 10:08:36,,,
295697010,LT0Q8R4W1T9U1,20260827HY_COT13:15_21-HNI Thanh Oai 4 Hub+21-HNI Thanh Oai 2 Hub_PU3011afghghhsdggutyu01,,100,27/08/2026 00:00:00,20/08/2026 00:18:46,28/08/2026 02:03:28,,,
295697009,LT0Q8R4W1T9T1,20260827HY_COT21:15_21-HNI My Duc Hub+21-HNI My Duc 2 Hub_PU3001afghghhsdggutyu01,,100,27/08/2026 00:00:00,20/08/2026 00:18:46,28/08/2026 10:08:36,,,
295697008,LT0Q8R4W1T9S1,20260827HY_COT13:15_20-HNI Hai Ba Trung 5 Hub+20-HNI Hai Ba Trung 4 Hub_PU3001afghghhsdggutyu01,,100,27/08/2026 00:00:00,20/08/2026 00:18:46,28/08/2026 02:03:28,,,
295697007,LT0Q8R4W1T9R1,20260827HY_COT21:15_21-HNI Dong Anh 4 Hub+21-HNI Dong Anh Hub_PU2991afghghhsdggutyu01,,100,27/08/2026 00:00:00,20/08/2026 00:18:46,28/08/2026 10:08:36,,,
295697006,LT0Q8R4W1T9Q1,20260827HY_COT13:15_21-HNI Dong Anh 4 Hub+21-HNI Dong Anh Hub_PU2991afghghhsdggutyu01,,100,27/08/2026 00:00:00,20/08/2026 00:18:46,28/08/2026 02:03:28,,,
295697005,LT0Q8R4W1T9P1,20260827HY_COT21:15_21-HNI Phu Xuyen 3 Hub+21-HNI Phu Xuyen Hub_PU2981afghghhsdggutyu01,,100,27/08/2026 00:00:00,20/08/2026 00:18:46,28/08/2026 10:08:35,,,
295697004,LT0Q8R4W1T9O1,20260827HY_COT13:15_21-HNI Phu Xuyen 4 Hub+21-HNI Phu Xuyen 2 Hub_PU2981afghghhsdggutyu01,,100,27/08/2026 00:00:00,20/08/2026 00:18:46,28/08/2026 02:03:28,,,
295697003,LT0Q8R4W1T9N1,20260827HY_COT21:15_21-HNI Soc Son 3 Hub+21-HNI Soc Son 4 Hub_PU2971afghghhsdggutyu01,,100,27/08/2026 00:00:00,20/08/2026 00:18:46,28/08/2026 10:08:35,,,
295697002,LT0Q8R4W1T9M1,20260827HY_COT13:15_21-HNI Soc Son 2 Hub+21-HNI Soc Son 5 Hub_PU2971afghghhsdggutyu01,,100,27/08/2026 00:00:00,20/08/2026 00:18:46,28/08/2026 02:03:28,,,
295697001,LT0Q8R4W1T9L1,20260827HY_COT13:15_21-HNI Thanh Tri 5 Hub+21-HNI Thanh Tri Hub_PU2961afghghhsdggutyu01,,100,27/08/2026 00:00:00,20/08/2026 00:18:46,28/08/2026 02:03:28,,,
295697000,LT0Q8R4W1T9K1,20260827HY_COT21:15_21-HNI Thuong Tin Hub+21-HNI Thuong Tin 3 Hub_PU2961afghghhsdggutyu01,,100,27/08/2026 00:00:00,20/08/2026 00:18:46,28/08/2026 10:08:35,,,
295696999,LT0Q8R4W1T9J1,20260827HY_COT21:15_20-HNI Hai Ba Trung 8 Hub+20-HNI Hai Ba Trung 7 Hub_PU2951afghghhsdggutyu01,,100,27/08/2026 00:00:00,20/08/2026 00:18:46,28/08/2026 10:08:35,,,
295696998,LT0Q8R4W1T9I1,20260827HY_COT13:15_20-HNI Hai Ba Trung 8 Hub+20-HNI Hai Ba Trung 7 Hub_PU2951afghghhsdggutyu01,,100,27/08/2026 00:00:00,20/08/2026 00:18:46,28/08/2026 02:03:27,,,
295696997,LT0Q8R4W1T9H1,20260827HY_COT21:15_20-HNI Dong Da 5 Hub+20-HNI Dong Da 6 Hub_PU2931afghghhsdggutyu01,,100,27/08/2026 00:00:00,20/08/2026 00:18:46,28/08/2026 10:08:35,,,
295696996,LT0Q8R4W1T9G1,20260827HY_COT13:15_20-HNI Dong Da 5 Hub+20-HNI Dong Da 6 Hub_PU2931afghghhsdggutyu01,,100,27/08/2026 00:00:00,20/08/2026 00:18:46,28/08/2026 02:03:27,,,
295696995,LT0Q8R4W1T9F1,20260827HY_COT21:15_21-HNI Dong Anh 5 Hub+21-HNI Dong Anh 7 Hub+21-HNI Dong Anh 6 Hub_PU2921afghghhsdggutyu01,29H-779.74,90,27/08/2026 00:00:00,20/08/2026 00:18:46,28/08/2026 03:16:26,27/08/2026 21:14:08,27/08/2026 22:11:05,SEQ 1 - 21-HNI Dong Anh 5 Hub (3995) - 27/08/2026 21:14:08 | SEQ 2 - 21-HNI Dong Anh 7 Hub (5168) - 27/08/2026 21:44:27 | SEQ 3 - 21-HNI Dong Anh 6 Hub (2514) - 27/08/2026 22:11:05
295696994,LT0Q8R4W1T9E1,20260827HY_COT13:15_21-HNI Dong Anh 5 Hub+21-HNI Dong Anh 7 Hub+21-HNI Dong Anh 6 Hub_PU2921afghghhsdggutyu01,,100,27/08/2026 00:00:00,20/08/2026 00:18:46,28/08/2026 02:03:27,,,
295696993,LT0Q8R4W1T9D1,20260827HY_COT13:15_20-HNI Dong Da 4 Hub+20-HNI Dong Da 10 Hub_PU2911afghghhsdggutyu01,,100,27/08/2026 00:00:00,20/08/2026 00:18:46,28/08/2026 02:03:27,,,
295696991,LT0Q8R4W1T9B1,20260827HY_COT21:15_21-HNI Soc Son 2 Hub+21-HNI Soc Son 5 Hub_PU2901afghghhsdggutyu01,,100,27/08/2026 00:00:00,20/08/2026 00:18:46,28/08/2026 10:08:35,,,
295696990,LT0Q8R4W1T9A1,20260827HY_COT13:15_21-HNI Soc Son 3 Hub+21-HNI Soc Son 4 Hub_PU2901afghghhsdggutyu01,,100,27/08/2026 00:00:00,20/08/2026 00:18:45,28/08/2026 02:03:27,,,
295696989,LT0Q8R4W1T991,20260827HY_COT21:15_21-HNI Thanh Tri Hub+21-HNI Thanh Tri 5 Hub_PU2891afghghhsdggutyu01,,100,27/08/2026 00:00:00,20/08/2026 00:18:45,28/08/2026 10:08:35,,,
295696988,LT0Q8R4W1T981,20260827HY_COT13:15_21-HNI My Duc 2 Hub+21-HNI My Duc Hub_PU2891afghghhsdggutyu01,,100,27/08/2026 00:00:00,20/08/2026 00:18:45,28/08/2026 02:03:27,,,
295696987,LT0Q8R4W1T971,20260827HY_COT13:15_21-HNI Phu Xuyen Hub+21-HNI Phu Xuyen 3 Hub_PU2881afghghhsdggutyu01,,100,27/08/2026 00:00:00,20/08/2026 00:18:45,28/08/2026 02:03:27,,,
295696986,LT0Q8R4W1T961,20260827HY_COT21:15_21-HNI Phu Xuyen 2 Hub+21-HNI Phu Xuyen 4 Hub_PU2881afghghhsdggutyu01,,100,27/08/2026 00:00:00,20/08/2026 00:18:45,28/08/2026 10:08:34,,,
295696985,LT0Q8R4W1T951,20260827HY_COT21:15_21-HNI Me Linh 3 Hub+21-HNI Me Linh Hub+21-HNI Me Linh 2 Hub_PU2871afghghhsdggutyu01,,100,27/08/2026 00:00:00,20/08/2026 00:18:45,28/08/2026 10:08:34,,,
295696984,LT0Q8R4W1T941,20260827HY_COT13:15_21-HNI Me Linh 3 Hub+21-HNI Me Linh Hub+21-HNI Me Linh 2 Hub_PU2871afghghhsdggutyu01,,100,27/08/2026 00:00:00,20/08/2026 00:18:45,28/08/2026 02:03:27,,,
295696983,LT0Q8R4W1T931,20260827HY_COT13:15_20-HNI Long Bien 3 Hub+20-HNI Long Bien 5 Hub_PU2841afghghhsdggutyu01,,100,27/08/2026 00:00:00,20/08/2026 00:18:45,28/08/2026 02:03:26,,,
295696982,LT0Q8R4W1T921,20260827HY_COT21:15_20-HNI Long Bien 3 Hub+20-HNI Long Bien 5 Hub_PU2841afghghhsdggutyu01,,100,27/08/2026 00:00:00,20/08/2026 00:18:45,28/08/2026 10:08:34,,,
295696981,LT0Q8R4W1T911,20260827HY_COT21:15_21-HNI Thuong Tin 2 Hub+21-HNI Thuong Tin 4 Hub_PU2831afghghhsdggutyu01,,100,27/08/2026 00:00:00,20/08/2026 00:18:45,28/08/2026 10:08:34,,,
295696980,LT0Q8R4W1T901,20260827HY_COT13:15_21-HNI Thuong Tin 2 Hub+21-HNI Thuong Tin 4 Hub_PU2831afghghhsdggutyu01,,100,27/08/2026 00:00:00,20/08/2026 00:18:45,28/08/2026 02:03:26,,,
295696979,LT0Q8R4W1T8Z1,20260827HY_COT21:15_20-HNI Long Bien Hub+20-HNI Long Bien 2 Hub_PU2791afghghhsdggutyu01,,100,27/08/2026 00:00:00,20/08/2026 00:18:45,28/08/2026 10:08:34,,,
295696978,LT0Q8R4W1T8Y1,20260827HY_COT13:15_20-HNI Long Bien Hub+20-HNI Long Bien 2 Hub_PU2791afghghhsdggutyu01,,100,27/08/2026 00:00:00,20/08/2026 00:18:45,28/08/2026 02:03:26,,,
295696977,LT0Q8R4W1T8X1,20260827HY_COT21:15_21-HNI Dong Anh 3 Hub+21-HNI Dong Anh 2 Hub_PU2731afghghhsdggutyu01,,100,27/08/2026 00:00:00,20/08/2026 00:18:45,28/08/2026 10:08:34,,,
295696976,LT0Q8R4W1T8W1,20260827HY_COT13:15_21-HNI Dong Anh 3 Hub+21-HNI Dong Anh 2 Hub_PU2731afghghhsdggutyu01,,100,27/08/2026 00:00:00,20/08/2026 00:18:45,28/08/2026 02:03:26,,,
295696974,LT0Q8R4W1T8U1,20260827HY_COT13:15_21-HNI Ung Hoa 2 Hub+21-HNI Ung Hoa Hub_PU2721afghghhsdggutyu01,,100,27/08/2026 00:00:00,20/08/2026 00:18:45,28/08/2026 02:03:26,,,
295696973,LT0Q8R4W1T8T1,20260827HY_COT13:15_21-HNI Thanh Tri 3 Hub_PU2701afghghhsdggutyu01,,100,27/08/2026 00:00:00,20/08/2026 00:18:45,28/08/2026 02:03:26,,,
295696972,LT0Q8R4W1T8S1,20260827HY_COT21:15_21-HNI Thanh Tri 3 Hub_PU2701afghghhsdggutyu01,,100,27/08/2026 00:00:00,20/08/2026 00:18:45,28/08/2026 10:08:34,,,
295696971,LT0Q8R4W1T8R1,20260827HY_COT21:15_21-HNI Thanh Oai Hub+21-HNI Thanh Oai 3 Hub_PU2671afghghhsdggutyu01,,100,27/08/2026 00:00:00,20/08/2026 00:18:45,28/08/2026 10:08:33,,,
295696970,LT0Q8R4W1T8Q1,20260827HY_COT13:15_21-HNI Thanh Oai Hub+21-HNI Thanh Oai 3 Hub_PU2671afghghhsdggutyu01,,100,27/08/2026 00:00:00,20/08/2026 00:18:45,28/08/2026 02:03:26,,,
295696969,LT0Q8R4W1T8P1,20260827HY_COT13:15_21-HNI Thanh Tri 7 Hub+21-HNI Thanh Tri 8 Hub_PU2631afghghhsdggutyu01,,100,27/08/2026 00:00:00,20/08/2026 00:18:45,28/08/2026 02:03:26,,,
295696968,LT0Q8R4W1T8O1,20260827HY_COT21:15_21-HNI Thanh Tri 7 Hub+21-HNI Thanh Tri 8 Hub_PU2631afghghhsdggutyu01,,100,27/08/2026 00:00:00,20/08/2026 00:18:45,28/08/2026 10:08:33,,,
295696967,LT0Q8R4W1T8N1,20260827HY_COT21:15_20-HNI Ba Dinh 2 Hub+20-HNI Ba Dinh 3 Hub+20-HNI Ba Dinh 4 Hub_PU2621afghghhsdggutyu01,,100,27/08/2026 00:00:00,20/08/2026 00:18:45,28/08/2026 10:08:33,,,
295696966,LT0Q8R4W1T8M1,20260827HY_COT13:15_20-HNI Ba Dinh 2 Hub+20-HNI Ba Dinh 3 Hub+20-HNI Ba Dinh 4 Hub_PU2621afghghhsdggutyu01,,100,27/08/2026 00:00:00,20/08/2026 00:18:45,28/08/2026 02:03:26,,,
295696603,LT0Q8R4W1SYJ1,20260827HY_COT21:15_20-HNI Hoang Mai 3 Hub_3311afghghhsdg01,,100,27/08/2026 00:00:00,20/08/2026 00:18:36,28/08/2026 10:08:33,,,
295696602,LT0Q8R4W1SYI1,20260827HY_COT21:15_21-HNI Gia Lam Hub_3301afghghhsdg01,,100,27/08/2026 00:00:00,20/08/2026 00:18:36,28/08/2026 10:08:33,,,
295696574,LT0Q8R4W1SXQ1,20260827HY_COT21:15_20-HNI Hoang Mai Hub+20-HNI Hoang Mai 3 Hub_2861afghghhsdg01,,100,27/08/2026 00:00:00,20/08/2026 00:18:36,28/08/2026 10:08:33,,,
295696573,LT0Q8R4W1SXP1,20260827HY_COT13:15_20-HNI Hoang Mai Hub+20-HNI Hoang Mai 3 Hub_2861afghghhsdg01,,100,27/08/2026 00:00:00,20/08/2026 00:18:36,28/08/2026 02:03:15,,,
295696572,LT0Q8R4W1SXO1,20260827HY_COT21:15_21-HNI Gia Lam 3 Hub+21-HNI Gia Lam 7 Hub_2851afghghhsdg01,,100,27/08/2026 00:00:00,20/08/2026 00:18:36,28/08/2026 10:08:33,,,
295696571,LT0Q8R4W1SXN1,20260827HY_COT13:15_21-HNI Gia Lam 3 Hub+21-HNI Gia Lam 7 Hub_2851afghghhsdg01,,100,27/08/2026 00:00:00,20/08/2026 00:18:36,28/08/2026 02:03:15,,,
295696570,LT0Q8R4W1SXM1,20260827HY_COT21:15_21-HNI Thanh Tri 2 Hub+21-HNI Thanh Tri 6 Hub_2821afghghhsdg01,,100,27/08/2026 00:00:00,20/08/2026 00:18:36,28/08/2026 10:08:33,,,
295696569,LT0Q8R4W1SXL1,20260827HY_COT13:15_21-HNI Thanh Tri 2 Hub+21-HNI Thanh Tri 6 Hub_2821afghghhsdg01,,100,27/08/2026 00:00:00,20/08/2026 00:18:36,28/08/2026 02:03:15,,,
295696567,LT0Q8R4W1SXJ1,20260827HY_COT21:15_21-HNI Gia Lam 8 Hub+21-HNI Gia Lam 5 Hub_2801afghghhsdg01,,100,27/08/2026 00:00:00,20/08/2026 00:18:36,28/08/2026 10:08:32,,,
295696566,LT0Q8R4W1SXI1,20260827HY_COT21:15_20-HNI Long Bien 4 Hub_2781afghghhsdg01,,100,27/08/2026 00:00:00,20/08/2026 00:18:36,28/08/2026 10:08:32,,,
295696565,LT0Q8R4W1SXH1,20260827HY_COT13:15_20-HNI Long Bien 4 Hub_2781afghghhsdg01,,100,27/08/2026 00:00:00,20/08/2026 00:18:36,28/08/2026 02:03:15,,,
295696564,LT0Q8R4W1SXG1,20260827HY_COT13:15_20-HNI Hoang Mai 2 Hub_2771afghghhsdg01,,100,27/08/2026 00:00:00,20/08/2026 00:18:36,28/08/2026 02:03:14,,,
295696563,LT0Q8R4W1SXF1,20260827HY_COT21:15_20-HNI Hoang Mai 2 Hub_2771afghghhsdg01,,100,27/08/2026 00:00:00,20/08/2026 00:18:35,28/08/2026 10:08:32,,,
295696562,LT0Q8R4W1SXE1,20260827HY_COT21:15_20-HNI Hoang Mai 4 Hub+20-HNI Hoang Mai 6 Hub_2761afghghhsdg01,,100,27/08/2026 00:00:00,20/08/2026 00:18:35,28/08/2026 10:08:32,,,
295696561,LT0Q8R4W1SXD1,20260827HY_COT13:15_20-HNI Hoang Mai 4 Hub+20-HNI Hoang Mai 6 Hub_2761afghghhsdg01,,100,27/08/2026 00:00:00,20/08/2026 00:18:35,28/08/2026 02:03:14,,,
295696560,LT0Q8R4W1SXC1,20260827HY_COT21:15_20-HNI Hoang Mai 2 Hub_2751afghghhsdg01,,100,27/08/2026 00:00:00,20/08/2026 00:18:35,28/08/2026 10:08:32,,,
295696559,LT0Q8R4W1SXB1,20260827HY_COT13:15_21-HNI Gia Lam Hub_2751afghghhsdg01,,100,27/08/2026 00:00:00,20/08/2026 00:18:35,28/08/2026 02:03:14,,,
295696558,LT0Q8R4W1SXA1,20260827HY_COT21:15_20-HNI Hoang Mai 7 Hub+20-HNI Hoang Mai 5 Hub_2711afghghhsdg01,,100,27/08/2026 00:00:00,20/08/2026 00:18:35,28/08/2026 10:08:32,,,
295696557,LT0Q8R4W1SX91,20260827HY_COT13:15_20-HNI Hoang Mai 7 Hub+20-HNI Hoang Mai 5 Hub_2711afghghhsdg01,,100,27/08/2026 00:00:00,20/08/2026 00:18:35,28/08/2026 02:03:14,,,
295696556,LT0Q8R4W1SX81,20260827HY_COT21:15_21-HNI Gia Lam 2 Hub+21-HNI Gia Lam 4 Hub_2691afghghhsdg01,,100,27/08/2026 00:00:00,20/08/2026 00:18:35,28/08/2026 10:08:32,,,
295696555,LT0Q8R4W1SX71,20260827HY_COT13:15_21-HNI Gia Lam 2 Hub+21-HNI Gia Lam 4 Hub_2691afghghhsdg01,,100,27/08/2026 00:00:00,20/08/2026 00:18:35,28/08/2026 02:03:14,,,
295696554,LT0Q8R4W1SX61,20260827HY_COT21:30_21-HNI Gia Lam 6 Hub+21-HNI Gia Lam CH_2681afghghhsdg01,,100,27/08/2026 00:00:00,20/08/2026 00:18:35,28/08/2026 10:08:31,,,
295696553,LT0Q8R4W1SX51,20260827HY_COT14:00_21-HNI Gia Lam 6 Hub+21-HNI Gia Lam CH_2681afghghhsdg01,,100,27/08/2026 00:00:00,20/08/2026 00:18:35,28/08/2026 03:02:38,,,
295696552,LT0Q8R4W1SX41,20260827HY_COT21:15_20-HNI Dong Da 7 Hub+20-HNI Dong Da 8 Hub_2661afghghhsdg01,,100,27/08/2026 00:00:00,20/08/2026 00:18:35,28/08/2026 10:08:31,,,
295696551,LT0Q8R4W1SX31,20260827HY_COT13:15_20-HNI Dong Da 7 Hub+20-HNI Dong Da 8 Hub_2661afghghhsdg01,,100,27/08/2026 00:00:00,20/08/2026 00:18:35,28/08/2026 02:03:14,,,
295696550,LT0Q8R4W1SX21,20260827HY_COT13:15_20-HNI Hai Ba Trung Hub+20-HNI Hai Ba Trung 2 Hub_2651afghghhsdg01,,100,27/08/2026 00:00:00,20/08/2026 00:18:35,28/08/2026 02:03:14,,,
295696549,LT0Q8R4W1SX11,20260827HY_COT21:15_20-HNI Hai Ba Trung Hub+20-HNI Hai Ba Trung 2 Hub_2651afghghhsdg01,,100,27/08/2026 00:00:00,20/08/2026 00:18:35,28/08/2026 10:08:31,,,
295696548,LT0Q8R4W1SX01,20260827HY_COT21:15_20-HNI Hoan Kiem 2 Hub+20-HNI Hoan Kiem Hub+20-HNI Ba Dinh Hub_2641afghghhsdg01,,100,27/08/2026 00:00:00,20/08/2026 00:18:35,28/08/2026 10:08:31,,,
295696547,LT0Q8R4W1SWZ1,20260827HY_COT13:15_20-HNI Hoan Kiem 2 Hub+20-HNI Hoan Kiem Hub+20-HNI Ba Dinh Hub_2641afghghhsdg01,,100,27/08/2026 00:00:00,20/08/2026 00:18:35,28/08/2026 02:03:14,,,
295696168,LT0Q8R4W1SMG1,20260827HY_COT13:15_21-HNI Thuong Tin 3 Hub+21-HNI Thuong Tin Hub_PU3031afghghhsdg01,,100,27/08/2026 00:00:00,20/08/2026 00:18:26,28/08/2026 02:03:02,,,
295696167,LT0Q8R4W1SMF1,20260827HY_COT21:15_20-HNI Dong Da 4 Hub+20-HNI Dong Da 10 Hub_PU3031afghghhsdg01,,100,27/08/2026 00:00:00,20/08/2026 00:18:26,28/08/2026 10:08:31,,,
295696166,LT0Q8R4W1SME1,20260827HY_COT21:15_20-HNI Hai Ba Trung 3 Hub+20-HNI Hai Ba Trung 6 Hub_PU3021afghghhsdg01,,100,27/08/2026 00:00:00,20/08/2026 00:18:26,28/08/2026 10:08:31,,,
295696165,LT0Q8R4W1SMD1,20260827HY_COT13:15_20-HNI Hai Ba Trung 3 Hub+20-HNI Hai Ba Trung 6 Hub_PU3021afghghhsdg01,,100,27/08/2026 00:00:00,20/08/2026 00:18:26,28/08/2026 02:03:02,,,
295696164,LT0Q8R4W1SMC1,20260827HY_COT21:15_21-HNI Thanh Oai 2 Hub+21-HNI Thanh Oai 4 Hub_PU3011afghghhsdg01,,100,27/08/2026 00:00:00,20/08/2026 00:18:26,28/08/2026 10:08:31,,,
295696163,LT0Q8R4W1SMB1,20260827HY_COT13:15_21-HNI Thanh Oai 4 Hub+21-HNI Thanh Oai 2 Hub_PU3011afghghhsdg01,,100,27/08/2026 00:00:00,20/08/2026 00:18:26,28/08/2026 02:03:02,,,
295696162,LT0Q8R4W1SMA1,20260827HY_COT21:15_21-HNI My Duc Hub+21-HNI My Duc 2 Hub_PU3001afghghhsdg01,,100,27/08/2026 00:00:00,20/08/2026 00:18:26,28/08/2026 10:08:30,,,
295696161,LT0Q8R4W1SM91,20260827HY_COT13:15_20-HNI Hai Ba Trung 5 Hub+20-HNI Hai Ba Trung 4 Hub_PU3001afghghhsdg01,,100,27/08/2026 00:00:00,20/08/2026 00:18:26,28/08/2026 02:03:02,,,
295696160,LT0Q8R4W1SM81,20260827HY_COT21:15_21-HNI Dong Anh 4 Hub+21-HNI Dong Anh Hub_PU2991afghghhsdg01,,100,27/08/2026 00:00:00,20/08/2026 00:18:26,28/08/2026 10:08:30,,,
295696159,LT0Q8R4W1SM71,20260827HY_COT13:15_21-HNI Dong Anh 4 Hub+21-HNI Dong Anh Hub_PU2991afghghhsdg01,,100,27/08/2026 00:00:00,20/08/2026 00:18:26,28/08/2026 02:03:02,,,
295696158,LT0Q8R4W1SM61,20260827HY_COT21:15_21-HNI Phu Xuyen 3 Hub+21-HNI Phu Xuyen Hub_PU2981afghghhsdg01,,100,27/08/2026 00:00:00,20/08/2026 00:18:26,28/08/2026 10:08:30,,,
295696157,LT0Q8R4W1SM51,20260827HY_COT13:15_21-HNI Phu Xuyen 4 Hub+21-HNI Phu Xuyen 2 Hub_PU2981afghghhsdg01,,100,27/08/2026 00:00:00,20/08/2026 00:18:25,28/08/2026 02:03:01,,,
295696156,LT0Q8R4W1SM41,20260827HY_COT21:15_21-HNI Soc Son 3 Hub+21-HNI Soc Son 4 Hub_PU2971afghghhsdg01,,100,27/08/2026 00:00:00,20/08/2026 00:18:25,28/08/2026 10:08:30,,,
295696155,LT0Q8R4W1SM31,20260827HY_COT13:15_21-HNI Soc Son 2 Hub+21-HNI Soc Son 5 Hub_PU2971afghghhsdg01,,100,27/08/2026 00:00:00,20/08/2026 00:18:25,28/08/2026 02:03:01,,,
295696154,LT0Q8R4W1SM21,20260827HY_COT13:15_21-HNI Thanh Tri 5 Hub+21-HNI Thanh Tri Hub_PU2961afghghhsdg01,,100,27/08/2026 00:00:00,20/08/2026 00:18:25,28/08/2026 02:03:01,,,
295696153,LT0Q8R4W1SM11,20260827HY_COT21:15_21-HNI Thuong Tin Hub+21-HNI Thuong Tin 3 Hub_PU2961afghghhsdg01,,100,27/08/2026 00:00:00,20/08/2026 00:18:25,28/08/2026 10:08:30,,,
295696152,LT0Q8R4W1SM01,20260827HY_COT21:15_20-HNI Hai Ba Trung 8 Hub+20-HNI Hai Ba Trung 7 Hub_PU2951afghghhsdg01,,100,27/08/2026 00:00:00,20/08/2026 00:18:25,28/08/2026 10:08:30,,,
295696151,LT0Q8R4W1SLZ1,20260827HY_COT13:15_20-HNI Hai Ba Trung 8 Hub+20-HNI Hai Ba Trung 7 Hub_PU2951afghghhsdg01,,100,27/08/2026 00:00:00,20/08/2026 00:18:25,28/08/2026 02:03:01,,,
295696150,LT0Q8R4W1SLY1,20260827HY_COT21:15_20-HNI Dong Da 5 Hub+20-HNI Dong Da 6 Hub_PU2931afghghhsdg01,,100,27/08/2026 00:00:00,20/08/2026 00:18:25,28/08/2026 10:08:30,,,
295696148,LT0Q8R4W1SLW1,20260827HY_COT21:15_21-HNI Dong Anh 5 Hub+21-HNI Dong Anh 7 Hub+21-HNI Dong Anh 6 Hub_PU2921afghghhsdg01,,100,27/08/2026 00:00:00,20/08/2026 00:18:25,28/08/2026 10:08:30,,,
295696147,LT0Q8R4W1SLV1,20260827HY_COT13:15_21-HNI Dong Anh 5 Hub+21-HNI Dong Anh 7 Hub+21-HNI Dong Anh 6 Hub_PU2921afghghhsdg01,,100,27/08/2026 00:00:00,20/08/2026 00:18:25,28/08/2026 02:03:01,,,
295696146,LT0Q8R4W1SLU1,20260827HY_COT13:15_20-HNI Dong Da 4 Hub+20-HNI Dong Da 10 Hub_PU2911afghghhsdg01,,100,27/08/2026 00:00:00,20/08/2026 00:18:25,28/08/2026 02:03:01,,,
295696145,LT0Q8R4W1SLT1,20260827HY_COT21:15_20-HNI Hai Ba Trung 5 Hub+20-HNI Hai Ba Trung 4 Hub_PU2911afghghhsdg01,,100,27/08/2026 00:00:00,20/08/2026 00:18:25,28/08/2026 10:08:29,,,
295696144,LT0Q8R4W1SLS1,20260827HY_COT21:15_21-HNI Soc Son 2 Hub+21-HNI Soc Son 5 Hub_PU2901afghghhsdg01,,100,27/08/2026 00:00:00,20/08/2026 00:18:25,28/08/2026 10:08:29,,,
295696143,LT0Q8R4W1SLR1,20260827HY_COT13:15_21-HNI Soc Son 3 Hub+21-HNI Soc Son 4 Hub_PU2901afghghhsdg01,,100,27/08/2026 00:00:00,20/08/2026 00:18:25,28/08/2026 02:03:01,,,
295696142,LT0Q8R4W1SLQ1,20260827HY_COT21:15_21-HNI Thanh Tri Hub+21-HNI Thanh Tri 5 Hub_PU2891afghghhsdg01,,100,27/08/2026 00:00:00,20/08/2026 00:18:25,28/08/2026 10:08:29,,,
295696141,LT0Q8R4W1SLP1,20260827HY_COT13:15_21-HNI My Duc 2 Hub+21-HNI My Duc Hub_PU2891afghghhsdg01,,100,27/08/2026 00:00:00,20/08/2026 00:18:25,28/08/2026 02:03:01,,,
295696140,LT0Q8R4W1SLO1,20260827HY_COT13:15_21-HNI Phu Xuyen Hub+21-HNI Phu Xuyen 3 Hub_PU2881afghghhsdg01,,100,27/08/2026 00:00:00,20/08/2026 00:18:25,28/08/2026 02:03:00,,,
295696139,LT0Q8R4W1SLN1,20260827HY_COT21:15_21-HNI Phu Xuyen 2 Hub+21-HNI Phu Xuyen 4 Hub_PU2881afghghhsdg01,,100,27/08/2026 00:00:00,20/08/2026 00:18:25,28/08/2026 10:08:29,,,
295696138,LT0Q8R4W1SLM1,20260827HY_COT21:15_21-HNI Me Linh 3 Hub+21-HNI Me Linh Hub+21-HNI Me Linh 2 Hub_PU2871afghghhsdg01,,100,27/08/2026 00:00:00,20/08/2026 00:18:25,28/08/2026 10:08:29,,,
295696137,LT0Q8R4W1SLL1,20260827HY_COT13:15_21-HNI Me Linh 3 Hub+21-HNI Me Linh Hub+21-HNI Me Linh 2 Hub_PU2871afghghhsdg01,,100,27/08/2026 00:00:00,20/08/2026 00:18:25,28/08/2026 02:03:00,,,
295696136,LT0Q8R4W1SLK1,20260827HY_COT13:15_20-HNI Long Bien 3 Hub+20-HNI Long Bien 5 Hub_PU2841afghghhsdg01,,100,27/08/2026 00:00:00,20/08/2026 00:18:25,28/08/2026 02:03:00,,,
295696135,LT0Q8R4W1SLJ1,20260827HY_COT21:15_20-HNI Long Bien 3 Hub+20-HNI Long Bien 5 Hub_PU2841afghghhsdg01,,100,27/08/2026 00:00:00,20/08/2026 00:18:25,28/08/2026 10:08:29,,,
295696134,LT0Q8R4W1SLI1,20260827HY_COT21:15_21-HNI Thuong Tin 2 Hub+21-HNI Thuong Tin 4 Hub_PU2831afghghhsdg01,,100,27/08/2026 00:00:00,20/08/2026 00:18:25,28/08/2026 10:08:29,,,
295696133,LT0Q8R4W1SLH1,20260827HY_COT13:15_21-HNI Thuong Tin 2 Hub+21-HNI Thuong Tin 4 Hub_PU2831afghghhsdg01,,100,27/08/2026 00:00:00,20/08/2026 00:18:25,28/08/2026 02:03:00,,,
295696132,LT0Q8R4W1SLG1,20260827HY_COT21:15_20-HNI Long Bien Hub+20-HNI Long Bien 2 Hub_PU2791afghghhsdg01,,100,27/08/2026 00:00:00,20/08/2026 00:18:25,28/08/2026 10:08:28,,,
295696131,LT0Q8R4W1SLF1,20260827HY_COT13:15_20-HNI Long Bien Hub+20-HNI Long Bien 2 Hub_PU2791afghghhsdg01,,100,27/08/2026 00:00:00,20/08/2026 00:18:25,28/08/2026 02:03:00,,,
295696130,LT0Q8R4W1SLE1,20260827HY_COT21:15_21-HNI Dong Anh 3 Hub+21-HNI Dong Anh 2 Hub_PU2731afghghhsdg01,,100,27/08/2026 00:00:00,20/08/2026 00:18:25,28/08/2026 10:08:28,,,
295696129,LT0Q8R4W1SLD1,20260827HY_COT13:15_21-HNI Dong Anh 3 Hub+21-HNI Dong Anh 2 Hub_PU2731afghghhsdg01,,100,27/08/2026 00:00:00,20/08/2026 00:18:25,28/08/2026 02:03:00,,,
295696128,LT0Q8R4W1SLC1,20260827HY_COT21:15_21-HNI Ung Hoa 2 Hub+21-HNI Ung Hoa Hub_PU2721afghghhsdg01,,100,27/08/2026 00:00:00,20/08/2026 00:18:25,28/08/2026 10:08:28,,,
295696127,LT0Q8R4W1SLB1,20260827HY_COT13:15_21-HNI Ung Hoa 2 Hub+21-HNI Ung Hoa Hub_PU2721afghghhsdg01,,100,27/08/2026 00:00:00,20/08/2026 00:18:25,28/08/2026 02:03:00,,,
295696126,LT0Q8R4W1SLA1,20260827HY_COT13:15_21-HNI Thanh Tri 3 Hub_PU2701afghghhsdg01,,100,27/08/2026 00:00:00,20/08/2026 00:18:25,28/08/2026 02:02:59,,,
295696125,LT0Q8R4W1SL91,20260827HY_COT21:15_21-HNI Thanh Tri 3 Hub_PU2701afghghhsdg01,,100,27/08/2026 00:00:00,20/08/2026 00:18:25,28/08/2026 10:08:28,,,
295696124,LT0Q8R4W1SL81,20260827HY_COT21:15_21-HNI Thanh Oai Hub+21-HNI Thanh Oai 3 Hub_PU2671afghghhsdg01,,100,27/08/2026 00:00:00,20/08/2026 00:18:25,28/08/2026 10:08:28,,,
295696123,LT0Q8R4W1SL71,20260827HY_COT13:15_21-HNI Thanh Oai Hub+21-HNI Thanh Oai 3 Hub_PU2671afghghhsdg01,,100,27/08/2026 00:00:00,20/08/2026 00:18:25,28/08/2026 02:02:59,,,
295696122,LT0Q8R4W1SL61,20260827HY_COT13:15_21-HNI Thanh Tri 7 Hub+21-HNI Thanh Tri 8 Hub_PU2631afghghhsdg01,,100,27/08/2026 00:00:00,20/08/2026 00:18:25,28/08/2026 02:02:59,,,
295696121,LT0Q8R4W1SL51,20260827HY_COT21:15_21-HNI Thanh Tri 7 Hub+21-HNI Thanh Tri 8 Hub_PU2631afghghhsdg01,,100,27/08/2026 00:00:00,20/08/2026 00:18:25,28/08/2026 10:08:28,,,
295696120,LT0Q8R4W1SL41,20260827HY_COT21:15_20-HNI Ba Dinh 2 Hub+20-HNI Ba Dinh 3 Hub+20-HNI Ba Dinh 4 Hub_PU2621afghghhsdg01,,100,27/08/2026 00:00:00,20/08/2026 00:18:25,28/08/2026 10:08:28,,,
295696119,LT0Q8R4W1SL31,20260827HY_COT13:15_20-HNI Ba Dinh 2 Hub+20-HNI Ba Dinh 3 Hub+20-HNI Ba Dinh 4 Hub_PU2621afghghhsdg01,,100,27/08/2026 00:00:00,20/08/2026 00:18:25,28/08/2026 02:02:59,,,
295695756,LT0Q8R4W1SB01,20260827HY_COT21:15_20-HNI Hoang Mai 3 Hub_3311afghghh01,,100,27/08/2026 00:00:00,20/08/2026 00:18:16,28/08/2026 10:08:28,,,
295695755,LT0Q8R4W1SAZ1,20260827HY_COT21:15_21-HNI Gia Lam Hub_3301afghghh01,,100,27/08/2026 00:00:00,20/08/2026 00:18:16,28/08/2026 10:08:27,,,
295695727,LT0Q8R4W1SA71,20260827HY_COT21:15_20-HNI Hoang Mai Hub+20-HNI Hoang Mai 3 Hub_2861afghghh01,,100,27/08/2026 00:00:00,20/08/2026 00:18:15,28/08/2026 10:08:27,,,
295695726,LT0Q8R4W1SA61,20260827HY_COT13:15_20-HNI Hoang Mai Hub+20-HNI Hoang Mai 3 Hub_2861afghghh01,,100,27/08/2026 00:00:00,20/08/2026 00:18:15,28/08/2026 02:02:48,,,
295695725,LT0Q8R4W1SA51,20260827HY_COT21:15_21-HNI Gia Lam 3 Hub+21-HNI Gia Lam 7 Hub_2851afghghh01,,100,27/08/2026 00:00:00,20/08/2026 00:18:15,28/08/2026 10:08:27,,,
295695724,LT0Q8R4W1SA41,20260827HY_COT13:15_21-HNI Gia Lam 3 Hub+21-HNI Gia Lam 7 Hub_2851afghghh01,,100,27/08/2026 00:00:00,20/08/2026 00:18:15,28/08/2026 02:02:48,,,
295695723,LT0Q8R4W1SA31,20260827HY_COT21:15_21-HNI Thanh Tri 2 Hub+21-HNI Thanh Tri 6 Hub_2821afghghh01,,100,27/08/2026 00:00:00,20/08/2026 00:18:15,28/08/2026 10:08:27,,,
295695722,LT0Q8R4W1SA21,20260827HY_COT13:15_21-HNI Thanh Tri 2 Hub+21-HNI Thanh Tri 6 Hub_2821afghghh01,,100,27/08/2026 00:00:00,20/08/2026 00:18:15,28/08/2026 02:02:48,,,
295695721,LT0Q8R4W1SA11,20260827HY_COT13:15_21-HNI Gia Lam 8 Hub+21-HNI Gia Lam 5 Hub_2801afghghh01,,100,27/08/2026 00:00:00,20/08/2026 00:18:15,28/08/2026 02:02:48,,,
295695720,LT0Q8R4W1SA01,20260827HY_COT21:15_21-HNI Gia Lam 8 Hub+21-HNI Gia Lam 5 Hub_2801afghghh01,,100,27/08/2026 00:00:00,20/08/2026 00:18:15,28/08/2026 10:08:27,,,
295695719,LT0Q8R4W1S9Z1,20260827HY_COT21:15_20-HNI Long Bien 4 Hub_2781afghghh01,,100,27/08/2026 00:00:00,20/08/2026 00:18:15,28/08/2026 10:08:27,,,
295695718,LT0Q8R4W1S9Y1,20260827HY_COT13:15_20-HNI Long Bien 4 Hub_2781afghghh01,,100,27/08/2026 00:00:00,20/08/2026 00:18:15,28/08/2026 02:02:48,,,
295695715,LT0Q8R4W1S9V1,20260827HY_COT21:15_20-HNI Hoang Mai 4 Hub+20-HNI Hoang Mai 6 Hub_2761afghghh01,,100,27/08/2026 00:00:00,20/08/2026 00:18:15,28/08/2026 10:08:27,,,
295695714,LT0Q8R4W1S9U1,20260827HY_COT13:15_20-HNI Hoang Mai 4 Hub+20-HNI Hoang Mai 6 Hub_2761afghghh01,,100,27/08/2026 00:00:00,20/08/2026 00:18:15,28/08/2026 02:02:48,,,
295695713,LT0Q8R4W1S9T1,20260827HY_COT21:15_20-HNI Hoang Mai 2 Hub_2751afghghh01,,100,27/08/2026 00:00:00,20/08/2026 00:18:15,28/08/2026 10:08:26,,,
295695712,LT0Q8R4W1S9S1,20260827HY_COT13:15_21-HNI Gia Lam Hub_2751afghghh01,,100,27/08/2026 00:00:00,20/08/2026 00:18:15,28/08/2026 02:02:48,,,
295695711,LT0Q8R4W1S9R1,20260827HY_COT21:15_20-HNI Hoang Mai 7 Hub+20-HNI Hoang Mai 5 Hub_2711afghghh01,,100,27/08/2026 00:00:00,20/08/2026 00:18:15,28/08/2026 10:08:26,,,
295695710,LT0Q8R4W1S9Q1,20260827HY_COT13:15_20-HNI Hoang Mai 7 Hub+20-HNI Hoang Mai 5 Hub_2711afghghh01,,100,27/08/2026 00:00:00,20/08/2026 00:18:15,28/08/2026 02:02:47,,,
295695709,LT0Q8R4W1S9P1,20260827HY_COT21:15_21-HNI Gia Lam 2 Hub+21-HNI Gia Lam 4 Hub_2691afghghh01,,100,27/08/2026 00:00:00,20/08/2026 00:18:15,28/08/2026 10:08:26,,,
295695708,LT0Q8R4W1S9O1,20260827HY_COT13:15_21-HNI Gia Lam 2 Hub+21-HNI Gia Lam 4 Hub_2691afghghh01,,100,27/08/2026 00:00:00,20/08/2026 00:18:15,28/08/2026 02:02:47,,,
295695707,LT0Q8R4W1S9N1,20260827HY_COT21:30_21-HNI Gia Lam 6 Hub+21-HNI Gia Lam CH_2681afghghh01,,100,27/08/2026 00:00:00,20/08/2026 00:18:15,28/08/2026 10:08:26,,,
295695706,LT0Q8R4W1S9M1,20260827HY_COT14:00_21-HNI Gia Lam 6 Hub+21-HNI Gia Lam CH_2681afghghh01,,100,27/08/2026 00:00:00,20/08/2026 00:18:15,28/08/2026 03:02:38,,,
295695705,LT0Q8R4W1S9L1,20260827HY_COT21:15_20-HNI Dong Da 7 Hub+20-HNI Dong Da 8 Hub_2661afghghh01,,100,27/08/2026 00:00:00,20/08/2026 00:18:15,28/08/2026 10:08:26,,,
295695704,LT0Q8R4W1S9K1,20260827HY_COT13:15_20-HNI Dong Da 7 Hub+20-HNI Dong Da 8 Hub_2661afghghh01,,100,27/08/2026 00:00:00,20/08/2026 00:18:15,28/08/2026 02:02:47,,,
295695702,LT0Q8R4W1S9I1,20260827HY_COT21:15_20-HNI Hai Ba Trung Hub+20-HNI Hai Ba Trung 2 Hub_2651afghghh01,,100,27/08/2026 00:00:00,20/08/2026 00:18:15,28/08/2026 10:08:26,,,
295695701,LT0Q8R4W1S9H1,20260827HY_COT21:15_20-HNI Hoan Kiem 2 Hub+20-HNI Hoan Kiem Hub+20-HNI Ba Dinh Hub_2641afghghh01,,100,27/08/2026 00:00:00,20/08/2026 00:18:15,28/08/2026 10:08:26,,,
295695700,LT0Q8R4W1S9G1,20260827HY_COT13:15_20-HNI Hoan Kiem 2 Hub+20-HNI Hoan Kiem Hub+20-HNI Ba Dinh Hub_2641afghghh01,,100,27/08/2026 00:00:00,20/08/2026 00:18:15,28/08/2026 02:02:47,,,
295695321,LT0Q8R4W1RYX1,20260827HY_COT13:15_21-HNI Thuong Tin 3 Hub+21-HNI Thuong Tin Hub_PU3031afghghh01,,100,27/08/2026 00:00:00,20/08/2026 00:18:06,28/08/2026 02:02:36,,,
295695320,LT0Q8R4W1RYW1,20260827HY_COT21:15_20-HNI Dong Da 4 Hub+20-HNI Dong Da 10 Hub_PU3031afghghh01,,100,27/08/2026 00:00:00,20/08/2026 00:18:06,28/08/2026 10:08:25,,,
295695319,LT0Q8R4W1RYV1,20260827HY_COT21:15_20-HNI Hai Ba Trung 3 Hub+20-HNI Hai Ba Trung 6 Hub_PU3021afghghh01,,100,27/08/2026 00:00:00,20/08/2026 00:18:05,28/08/2026 10:08:25,,,
295695318,LT0Q8R4W1RYU1,20260827HY_COT13:15_20-HNI Hai Ba Trung 3 Hub+20-HNI Hai Ba Trung 6 Hub_PU3021afghghh01,,100,27/08/2026 00:00:00,20/08/2026 00:18:05,28/08/2026 02:02:36,,,
295695317,LT0Q8R4W1RYT1,20260827HY_COT21:15_21-HNI Thanh Oai 2 Hub+21-HNI Thanh Oai 4 Hub_PU3011afghghh01,,100,27/08/2026 00:00:00,20/08/2026 00:18:05,28/08/2026 10:08:25,,,
295695316,LT0Q8R4W1RYS1,20260827HY_COT13:15_21-HNI Thanh Oai 4 Hub+21-HNI Thanh Oai 2 Hub_PU3011afghghh01,,100,27/08/2026 00:00:00,20/08/2026 00:18:05,28/08/2026 02:02:36,,,
295695315,LT0Q8R4W1RYR1,20260827HY_COT21:15_21-HNI My Duc Hub+21-HNI My Duc 2 Hub_PU3001afghghh01,,100,27/08/2026 00:00:00,20/08/2026 00:18:05,28/08/2026 10:08:25,,,
295695314,LT0Q8R4W1RYQ1,20260827HY_COT13:15_20-HNI Hai Ba Trung 5 Hub+20-HNI Hai Ba Trung 4 Hub_PU3001afghghh01,,100,27/08/2026 00:00:00,20/08/2026 00:18:05,28/08/2026 02:02:35,,,
295695313,LT0Q8R4W1RYP1,20260827HY_COT21:15_21-HNI Dong Anh 4 Hub+21-HNI Dong Anh Hub_PU2991afghghh01,,100,27/08/2026 00:00:00,20/08/2026 00:18:05,28/08/2026 10:08:25,,,
295695312,LT0Q8R4W1RYO1,20260827HY_COT13:15_21-HNI Dong Anh 4 Hub+21-HNI Dong Anh Hub_PU2991afghghh01,,100,27/08/2026 00:00:00,20/08/2026 00:18:05,28/08/2026 02:02:35,,,
295695310,LT0Q8R4W1RYM1,20260827HY_COT13:15_21-HNI Phu Xuyen 4 Hub+21-HNI Phu Xuyen 2 Hub_PU2981afghghh01,,100,27/08/2026 00:00:00,20/08/2026 00:18:05,28/08/2026 02:02:35,,,
295695309,LT0Q8R4W1RYL1,20260827HY_COT21:15_21-HNI Soc Son 3 Hub+21-HNI Soc Son 4 Hub_PU2971afghghh01,,100,27/08/2026 00:00:00,20/08/2026 00:18:05,28/08/2026 10:08:25,,,
295695308,LT0Q8R4W1RYK1,20260827HY_COT13:15_21-HNI Soc Son 2 Hub+21-HNI Soc Son 5 Hub_PU2971afghghh01,,100,27/08/2026 00:00:00,20/08/2026 00:18:05,28/08/2026 02:02:35,,,
295695307,LT0Q8R4W1RYJ1,20260827HY_COT13:15_21-HNI Thanh Tri 5 Hub+21-HNI Thanh Tri Hub_PU2961afghghh01,,100,27/08/2026 00:00:00,20/08/2026 00:18:05,28/08/2026 02:02:35,,,
295695306,LT0Q8R4W1RYI1,20260827HY_COT21:15_21-HNI Thuong Tin Hub+21-HNI Thuong Tin 3 Hub_PU2961afghghh01,,100,27/08/2026 00:00:00,20/08/2026 00:18:05,28/08/2026 10:08:25,,,
295695305,LT0Q8R4W1RYH1,20260827HY_COT21:15_20-HNI Hai Ba Trung 8 Hub+20-HNI Hai Ba Trung 7 Hub_PU2951afghghh01,,100,27/08/2026 00:00:00,20/08/2026 00:18:05,28/08/2026 10:08:25,,,
295695304,LT0Q8R4W1RYG1,20260827HY_COT13:15_20-HNI Hai Ba Trung 8 Hub+20-HNI Hai Ba Trung 7 Hub_PU2951afghghh01,,100,27/08/2026 00:00:00,20/08/2026 00:18:05,28/08/2026 02:02:35,,,
295695303,LT0Q8R4W1RYF1,20260827HY_COT21:15_20-HNI Dong Da 5 Hub+20-HNI Dong Da 6 Hub_PU2931afghghh01,,100,27/08/2026 00:00:00,20/08/2026 00:18:05,28/08/2026 10:08:24,,,
295695302,LT0Q8R4W1RYE1,20260827HY_COT13:15_20-HNI Dong Da 5 Hub+20-HNI Dong Da 6 Hub_PU2931afghghh01,,100,27/08/2026 00:00:00,20/08/2026 00:18:05,28/08/2026 02:02:35,,,
295695301,LT0Q8R4W1RYD1,20260827HY_COT21:15_21-HNI Dong Anh 5 Hub+21-HNI Dong Anh 7 Hub+21-HNI Dong Anh 6 Hub_PU2921afghghh01,,100,27/08/2026 00:00:00,20/08/2026 00:18:05,28/08/2026 10:08:24,,,
295695300,LT0Q8R4W1RYC1,20260827HY_COT13:15_21-HNI Dong Anh 5 Hub+21-HNI Dong Anh 7 Hub+21-HNI Dong Anh 6 Hub_PU2921afghghh01,,100,27/08/2026 00:00:00,20/08/2026 00:18:05,28/08/2026 02:02:35,,,
295695299,LT0Q8R4W1RYB1,20260827HY_COT13:15_20-HNI Dong Da 4 Hub+20-HNI Dong Da 10 Hub_PU2911afghghh01,,100,27/08/2026 00:00:00,20/08/2026 00:18:05,28/08/2026 02:02:34,,,
295695298,LT0Q8R4W1RYA1,20260827HY_COT21:15_20-HNI Hai Ba Trung 5 Hub+20-HNI Hai Ba Trung 4 Hub_PU2911afghghh01,,100,27/08/2026 00:00:00,20/08/2026 00:18:05,28/08/2026 10:08:24,,,
295695297,LT0Q8R4W1RY91,20260827HY_COT21:15_21-HNI Soc Son 2 Hub+21-HNI Soc Son 5 Hub_PU2901afghghh01,,100,27/08/2026 00:00:00,20/08/2026 00:18:05,28/08/2026 10:08:24,,,
295695296,LT0Q8R4W1RY81,20260827HY_COT13:15_21-HNI Soc Son 3 Hub+21-HNI Soc Son 4 Hub_PU2901afghghh01,,100,27/08/2026 00:00:00,20/08/2026 00:18:05,28/08/2026 02:02:34,,,
295695295,LT0Q8R4W1RY71,20260827HY_COT21:15_21-HNI Thanh Tri Hub+21-HNI Thanh Tri 5 Hub_PU2891afghghh01,,100,27/08/2026 00:00:00,20/08/2026 00:18:05,28/08/2026 10:08:24,,,
295695294,LT0Q8R4W1RY61,20260827HY_COT13:15_21-HNI My Duc 2 Hub+21-HNI My Duc Hub_PU2891afghghh01,,100,27/08/2026 00:00:00,20/08/2026 00:18:05,28/08/2026 02:02:34,,,
295695293,LT0Q8R4W1RY51,20260827HY_COT13:15_21-HNI Phu Xuyen Hub+21-HNI Phu Xuyen 3 Hub_PU2881afghghh01,,100,27/08/2026 00:00:00,20/08/2026 00:18:05,28/08/2026 02:02:34,,,
295695292,LT0Q8R4W1RY41,20260827HY_COT21:15_21-HNI Phu Xuyen 2 Hub+21-HNI Phu Xuyen 4 Hub_PU2881afghghh01,,100,27/08/2026 00:00:00,20/08/2026 00:18:05,28/08/2026 10:08:24,,,
295695291,LT0Q8R4W1RY31,20260827HY_COT21:15_21-HNI Me Linh 3 Hub+21-HNI Me Linh Hub+21-HNI Me Linh 2 Hub_PU2871afghghh01,,100,27/08/2026 00:00:00,20/08/2026 00:18:05,28/08/2026 10:08:24,,,
295695290,LT0Q8R4W1RY21,20260827HY_COT13:15_21-HNI Me Linh 3 Hub+21-HNI Me Linh Hub+21-HNI Me Linh 2 Hub_PU2871afghghh01,,100,27/08/2026 00:00:00,20/08/2026 00:18:05,28/08/2026 02:02:34,,,
295695289,LT0Q8R4W1RY11,20260827HY_COT13:15_20-HNI Long Bien 3 Hub+20-HNI Long Bien 5 Hub_PU2841afghghh01,,100,27/08/2026 00:00:00,20/08/2026 00:18:05,28/08/2026 02:02:34,,,
295695288,LT0Q8R4W1RY01,20260827HY_COT21:15_20-HNI Long Bien 3 Hub+20-HNI Long Bien 5 Hub_PU2841afghghh01,,100,27/08/2026 00:00:00,20/08/2026 00:18:05,28/08/2026 10:08:23,,,
295695287,LT0Q8R4W1RXZ1,20260827HY_COT21:15_21-HNI Thuong Tin 2 Hub+21-HNI Thuong Tin 4 Hub_PU2831afghghh01,,100,27/08/2026 00:00:00,20/08/2026 00:18:05,28/08/2026 10:08:23,,,
295695286,LT0Q8R4W1RXY1,20260827HY_COT13:15_21-HNI Thuong Tin 2 Hub+21-HNI Thuong Tin 4 Hub_PU2831afghghh01,,100,27/08/2026 00:00:00,20/08/2026 00:18:05,28/08/2026 02:02:34,,,
295695285,LT0Q8R4W1RXX1,20260827HY_COT21:15_20-HNI Long Bien Hub+20-HNI Long Bien 2 Hub_PU2791afghghh01,,100,27/08/2026 00:00:00,20/08/2026 00:18:05,28/08/2026 10:08:23,,,
295695284,LT0Q8R4W1RXW1,20260827HY_COT13:15_20-HNI Long Bien Hub+20-HNI Long Bien 2 Hub_PU2791afghghh01,,100,27/08/2026 00:00:00,20/08/2026 00:18:05,28/08/2026 02:02:34,,,
295695283,LT0Q8R4W1RXV1,20260827HY_COT21:15_21-HNI Dong Anh 3 Hub+21-HNI Dong Anh 2 Hub_PU2731afghghh01,,100,27/08/2026 00:00:00,20/08/2026 00:18:05,28/08/2026 10:08:23,,,
295695282,LT0Q8R4W1RXU1,20260827HY_COT13:15_21-HNI Dong Anh 3 Hub+21-HNI Dong Anh 2 Hub_PU2731afghghh01,,100,27/08/2026 00:00:00,20/08/2026 00:18:05,28/08/2026 02:02:34,,,
295695281,LT0Q8R4W1RXT1,20260827HY_COT21:15_21-HNI Ung Hoa 2 Hub+21-HNI Ung Hoa Hub_PU2721afghghh01,,100,27/08/2026 00:00:00,20/08/2026 00:18:05,28/08/2026 10:08:23,,,
295695280,LT0Q8R4W1RXS1,20260827HY_COT13:15_21-HNI Ung Hoa 2 Hub+21-HNI Ung Hoa Hub_PU2721afghghh01,,100,27/08/2026 00:00:00,20/08/2026 00:18:05,28/08/2026 02:02:33,,,
295695279,LT0Q8R4W1RXR1,20260827HY_COT13:15_21-HNI Thanh Tri 3 Hub_PU2701afghghh01,,100,27/08/2026 00:00:00,20/08/2026 00:18:05,28/08/2026 02:02:33,,,
295695278,LT0Q8R4W1RXQ1,20260827HY_COT21:15_21-HNI Thanh Tri 3 Hub_PU2701afghghh01,,100,27/08/2026 00:00:00,20/08/2026 00:18:05,28/08/2026 10:08:23,,,
295695277,LT0Q8R4W1RXP1,20260827HY_COT21:15_21-HNI Thanh Oai Hub+21-HNI Thanh Oai 3 Hub_PU2671afghghh01,,100,27/08/2026 00:00:00,20/08/2026 00:18:05,28/08/2026 10:08:23,,,
295695276,LT0Q8R4W1RXO1,20260827HY_COT13:15_21-HNI Thanh Oai Hub+21-HNI Thanh Oai 3 Hub_PU2671afghghh01,,100,27/08/2026 00:00:00,20/08/2026 00:18:05,28/08/2026 02:02:33,,,
295695275,LT0Q8R4W1RXN1,20260827HY_COT13:15_21-HNI Thanh Tri 7 Hub+21-HNI Thanh Tri 8 Hub_PU2631afghghh01,,100,27/08/2026 00:00:00,20/08/2026 00:18:04,28/08/2026 02:02:33,,,
295695274,LT0Q8R4W1RXM1,20260827HY_COT21:15_21-HNI Thanh Tri 7 Hub+21-HNI Thanh Tri 8 Hub_PU2631afghghh01,,100,27/08/2026 00:00:00,20/08/2026 00:18:04,28/08/2026 10:08:23,,,
295695273,LT0Q8R4W1RXL1,20260827HY_COT21:15_20-HNI Ba Dinh 2 Hub+20-HNI Ba Dinh 3 Hub+20-HNI Ba Dinh 4 Hub_PU2621afghghh01,,100,27/08/2026 00:00:00,20/08/2026 00:18:04,28/08/2026 10:08:22,,,
295695272,LT0Q8R4W1RXK1,20260827HY_COT13:15_20-HNI Ba Dinh 2 Hub+20-HNI Ba Dinh 3 Hub+20-HNI Ba Dinh 4 Hub_PU2621afghghh01,,100,27/08/2026 00:00:00,20/08/2026 00:18:04,28/08/2026 02:02:33,,,
295694909,LT0Q8R4W1RNH1,20260827HY_COT21:15_20-HNI Hoang Mai 3 Hub_3311afgh01,,100,27/08/2026 00:00:00,20/08/2026 00:17:56,28/08/2026 10:08:22,,,
295694908,LT0Q8R4W1RNG1,20260827HY_COT21:15_21-HNI Gia Lam Hub_3301afgh01,,100,27/08/2026 00:00:00,20/08/2026 00:17:56,28/08/2026 10:08:22,,,
295694880,LT0Q8R4W1RMO1,20260827HY_COT21:15_20-HNI Hoang Mai Hub+20-HNI Hoang Mai 3 Hub_2861afgh01,,100,27/08/2026 00:00:00,20/08/2026 00:17:56,28/08/2026 10:08:22,,,
295694879,LT0Q8R4W1RMN1,20260827HY_COT13:15_20-HNI Hoang Mai Hub+20-HNI Hoang Mai 3 Hub_2861afgh01,,100,27/08/2026 00:00:00,20/08/2026 00:17:56,28/08/2026 02:02:22,,,
295694878,LT0Q8R4W1RMM1,20260827HY_COT21:15_21-HNI Gia Lam 3 Hub+21-HNI Gia Lam 7 Hub_2851afgh01,,100,27/08/2026 00:00:00,20/08/2026 00:17:55,28/08/2026 10:08:22,,,
295694877,LT0Q8R4W1RML1,20260827HY_COT13:15_21-HNI Gia Lam 3 Hub+21-HNI Gia Lam 7 Hub_2851afgh01,,100,27/08/2026 00:00:00,20/08/2026 00:17:55,28/08/2026 02:02:22,,,
295694876,LT0Q8R4W1RMK1,20260827HY_COT21:15_21-HNI Thanh Tri 2 Hub+21-HNI Thanh Tri 6 Hub_2821afgh01,,100,27/08/2026 00:00:00,20/08/2026 00:17:55,28/08/2026 10:08:22,,,
295694875,LT0Q8R4W1RMJ1,20260827HY_COT13:15_21-HNI Thanh Tri 2 Hub+21-HNI Thanh Tri 6 Hub_2821afgh01,,100,27/08/2026 00:00:00,20/08/2026 00:17:55,28/08/2026 02:02:22,,,
295694874,LT0Q8R4W1RMI1,20260827HY_COT13:15_21-HNI Gia Lam 8 Hub+21-HNI Gia Lam 5 Hub_2801afgh01,,100,27/08/2026 00:00:00,20/08/2026 00:17:55,28/08/2026 02:02:22,,,
295694873,LT0Q8R4W1RMH1,20260827HY_COT21:15_21-HNI Gia Lam 8 Hub+21-HNI Gia Lam 5 Hub_2801afgh01,,100,27/08/2026 00:00:00,20/08/2026 00:17:55,28/08/2026 10:08:22,,,
295694872,LT0Q8R4W1RMG1,20260827HY_COT21:15_20-HNI Long Bien 4 Hub_2781afgh01,,100,27/08/2026 00:00:00,20/08/2026 00:17:55,28/08/2026 10:08:22,,,
295694871,LT0Q8R4W1RMF1,20260827HY_COT13:15_20-HNI Long Bien 4 Hub_2781afgh01,,100,27/08/2026 00:00:00,20/08/2026 00:17:55,28/08/2026 02:02:22,,,
295694870,LT0Q8R4W1RME1,20260827HY_COT13:15_20-HNI Hoang Mai 2 Hub_2771afgh01,,100,27/08/2026 00:00:00,20/08/2026 00:17:55,28/08/2026 02:02:21,,,
295694869,LT0Q8R4W1RMD1,20260827HY_COT21:15_20-HNI Hoang Mai 2 Hub_2771afgh01,,100,27/08/2026 00:00:00,20/08/2026 00:17:55,28/08/2026 10:08:21,,,
295694868,LT0Q8R4W1RMC1,20260827HY_COT21:15_20-HNI Hoang Mai 4 Hub+20-HNI Hoang Mai 6 Hub_2761afgh01,,100,27/08/2026 00:00:00,20/08/2026 00:17:55,28/08/2026 10:08:21,,,
295694867,LT0Q8R4W1RMB1,20260827HY_COT13:15_20-HNI Hoang Mai 4 Hub+20-HNI Hoang Mai 6 Hub_2761afgh01,,100,27/08/2026 00:00:00,20/08/2026 00:17:55,28/08/2026 02:02:21,,,
295694866,LT0Q8R4W1RMA1,20260827HY_COT21:15_20-HNI Hoang Mai 2 Hub_2751afgh01,,100,27/08/2026 00:00:00,20/08/2026 00:17:55,28/08/2026 10:08:21,,,
295694865,LT0Q8R4W1RM91,20260827HY_COT13:15_21-HNI Gia Lam Hub_2751afgh01,,100,27/08/2026 00:00:00,20/08/2026 00:17:55,28/08/2026 02:02:21,,,
295694864,LT0Q8R4W1RM81,20260827HY_COT21:15_20-HNI Hoang Mai 7 Hub+20-HNI Hoang Mai 5 Hub_2711afgh01,,100,27/08/2026 00:00:00,20/08/2026 00:17:55,28/08/2026 10:08:21,,,
295694863,LT0Q8R4W1RM71,20260827HY_COT13:15_20-HNI Hoang Mai 7 Hub+20-HNI Hoang Mai 5 Hub_2711afgh01,,100,27/08/2026 00:00:00,20/08/2026 00:17:55,28/08/2026 02:02:21,,,
295694862,LT0Q8R4W1RM61,20260827HY_COT21:15_21-HNI Gia Lam 2 Hub+21-HNI Gia Lam 4 Hub_2691afgh01,,100,27/08/2026 00:00:00,20/08/2026 00:17:55,28/08/2026 10:08:21,,,
295694861,LT0Q8R4W1RM51,20260827HY_COT13:15_21-HNI Gia Lam 2 Hub+21-HNI Gia Lam 4 Hub_2691afgh01,,100,27/08/2026 00:00:00,20/08/2026 00:17:55,28/08/2026 02:02:21,,,
295694860,LT0Q8R4W1RM41,20260827HY_COT21:30_21-HNI Gia Lam 6 Hub+21-HNI Gia Lam CH_2681afgh01,,100,27/08/2026 00:00:00,20/08/2026 00:17:55,28/08/2026 10:08:21,,,
295694859,LT0Q8R4W1RM31,20260827HY_COT14:00_21-HNI Gia Lam 6 Hub+21-HNI Gia Lam CH_2681afgh01,,100,27/08/2026 00:00:00,20/08/2026 00:17:55,28/08/2026 03:02:38,,,
295694858,LT0Q8R4W1RM21,20260827HY_COT21:15_20-HNI Dong Da 7 Hub+20-HNI Dong Da 8 Hub_2661afgh01,,100,27/08/2026 00:00:00,20/08/2026 00:17:55,28/08/2026 10:08:21,,,
295694857,LT0Q8R4W1RM11,20260827HY_COT13:15_20-HNI Dong Da 7 Hub+20-HNI Dong Da 8 Hub_2661afgh01,,100,27/08/2026 00:00:00,20/08/2026 00:17:55,28/08/2026 02:02:21,,,
295694856,LT0Q8R4W1RM01,20260827HY_COT13:15_20-HNI Hai Ba Trung Hub+20-HNI Hai Ba Trung 2 Hub_2651afgh01,,100,27/08/2026 00:00:00,20/08/2026 00:17:55,28/08/2026 02:02:21,,,
295694855,LT0Q8R4W1RLZ1,20260827HY_COT21:15_20-HNI Hai Ba Trung Hub+20-HNI Hai Ba Trung 2 Hub_2651afgh01,,100,27/08/2026 00:00:00,20/08/2026 00:17:55,28/08/2026 10:08:20,,,
295694854,LT0Q8R4W1RLY1,20260827HY_COT21:15_20-HNI Hoan Kiem 2 Hub+20-HNI Hoan Kiem Hub+20-HNI Ba Dinh Hub_2641afgh01,,100,27/08/2026 00:00:00,20/08/2026 00:17:55,28/08/2026 10:08:20,,,
295694853,LT0Q8R4W1RLX1,20260827HY_COT13:15_20-HNI Hoan Kiem 2 Hub+20-HNI Hoan Kiem Hub+20-HNI Ba Dinh Hub_2641afgh01,,100,27/08/2026 00:00:00,20/08/2026 00:17:55,28/08/2026 02:02:21,,,
295694474,LT0Q8R4W1RBE1,20260827HY_COT13:15_21-HNI Thuong Tin 3 Hub+21-HNI Thuong Tin Hub_PU3031afgh01,,100,27/08/2026 00:00:00,20/08/2026 00:17:46,28/08/2026 02:02:09,,,
295694473,LT0Q8R4W1RBD1,20260827HY_COT21:15_20-HNI Dong Da 4 Hub+20-HNI Dong Da 10 Hub_PU3031afgh01,,100,27/08/2026 00:00:00,20/08/2026 00:17:46,28/08/2026 10:08:20,,,
295694472,LT0Q8R4W1RBC1,20260827HY_COT21:15_20-HNI Hai Ba Trung 3 Hub+20-HNI Hai Ba Trung 6 Hub_PU3021afgh01,,100,27/08/2026 00:00:00,20/08/2026 00:17:46,28/08/2026 10:08:20,,,
295694471,LT0Q8R4W1RBB1,20260827HY_COT13:15_20-HNI Hai Ba Trung 3 Hub+20-HNI Hai Ba Trung 6 Hub_PU3021afgh01,,100,27/08/2026 00:00:00,20/08/2026 00:17:46,28/08/2026 02:02:09,,,
295694470,LT0Q8R4W1RBA1,20260827HY_COT21:15_21-HNI Thanh Oai 2 Hub+21-HNI Thanh Oai 4 Hub_PU3011afgh01,,100,27/08/2026 00:00:00,20/08/2026 00:17:46,28/08/2026 10:08:20,,,
295694469,LT0Q8R4W1RB91,20260827HY_COT13:15_21-HNI Thanh Oai 4 Hub+21-HNI Thanh Oai 2 Hub_PU3011afgh01,,100,27/08/2026 00:00:00,20/08/2026 00:17:46,28/08/2026 02:02:09,,,
295694468,LT0Q8R4W1RB81,20260827HY_COT21:15_21-HNI My Duc Hub+21-HNI My Duc 2 Hub_PU3001afgh01,,100,27/08/2026 00:00:00,20/08/2026 00:17:46,28/08/2026 10:08:20,,,
295694467,LT0Q8R4W1RB71,20260827HY_COT13:15_20-HNI Hai Ba Trung 5 Hub+20-HNI Hai Ba Trung 4 Hub_PU3001afgh01,,100,27/08/2026 00:00:00,20/08/2026 00:17:46,28/08/2026 02:02:09,,,
295694466,LT0Q8R4W1RB61,20260827HY_COT21:15_21-HNI Dong Anh 4 Hub+21-HNI Dong Anh Hub_PU2991afgh01,,100,27/08/2026 00:00:00,20/08/2026 00:17:46,28/08/2026 10:08:20,,,
295694465,LT0Q8R4W1RB51,20260827HY_COT13:15_21-HNI Dong Anh 4 Hub+21-HNI Dong Anh Hub_PU2991afgh01,,100,27/08/2026 00:00:00,20/08/2026 00:17:46,28/08/2026 02:02:09,,,
295694464,LT0Q8R4W1RB41,20260827HY_COT21:15_21-HNI Phu Xuyen 3 Hub+21-HNI Phu Xuyen Hub_PU2981afgh01,,100,27/08/2026 00:00:00,20/08/2026 00:17:46,28/08/2026 10:08:20,,,
295694463,LT0Q8R4W1RB31,20260827HY_COT13:15_21-HNI Phu Xuyen 4 Hub+21-HNI Phu Xuyen 2 Hub_PU2981afgh01,,100,27/08/2026 00:00:00,20/08/2026 00:17:46,28/08/2026 02:02:08,,,
295694462,LT0Q8R4W1RB21,20260827HY_COT21:15_21-HNI Soc Son 3 Hub+21-HNI Soc Son 4 Hub_PU2971afgh01,,100,27/08/2026 00:00:00,20/08/2026 00:17:46,28/08/2026 10:08:19,,,
295694461,LT0Q8R4W1RB11,20260827HY_COT13:15_21-HNI Soc Son 2 Hub+21-HNI Soc Son 5 Hub_PU2971afgh01,,100,27/08/2026 00:00:00,20/08/2026 00:17:46,28/08/2026 02:02:08,,,
295694460,LT0Q8R4W1RB01,20260827HY_COT13:15_21-HNI Thanh Tri 5 Hub+21-HNI Thanh Tri Hub_PU2961afgh01,,100,27/08/2026 00:00:00,20/08/2026 00:17:46,28/08/2026 02:02:08,,,
295694459,LT0Q8R4W1RAZ1,20260827HY_COT21:15_21-HNI Thuong Tin Hub+21-HNI Thuong Tin 3 Hub_PU2961afgh01,,100,27/08/2026 00:00:00,20/08/2026 00:17:46,28/08/2026 10:08:19,,,
295694458,LT0Q8R4W1RAY1,20260827HY_COT21:15_20-HNI Hai Ba Trung 8 Hub+20-HNI Hai Ba Trung 7 Hub_PU2951afgh01,,100,27/08/2026 00:00:00,20/08/2026 00:17:46,28/08/2026 10:08:19,,,
295694457,LT0Q8R4W1RAX1,20260827HY_COT13:15_20-HNI Hai Ba Trung 8 Hub+20-HNI Hai Ba Trung 7 Hub_PU2951afgh01,,100,27/08/2026 00:00:00,20/08/2026 00:17:46,28/08/2026 02:02:08,,,
295694456,LT0Q8R4W1RAW1,20260827HY_COT21:15_20-HNI Dong Da 5 Hub+20-HNI Dong Da 6 Hub_PU2931afgh01,,100,27/08/2026 00:00:00,20/08/2026 00:17:46,28/08/2026 10:08:19,,,
295694455,LT0Q8R4W1RAV1,20260827HY_COT13:15_20-HNI Dong Da 5 Hub+20-HNI Dong Da 6 Hub_PU2931afgh01,,100,27/08/2026 00:00:00,20/08/2026 00:17:46,28/08/2026 02:02:08,,,
295694454,LT0Q8R4W1RAU1,20260827HY_COT21:15_21-HNI Dong Anh 5 Hub+21-HNI Dong Anh 7 Hub+21-HNI Dong Anh 6 Hub_PU2921afgh01,,100,27/08/2026 00:00:00,20/08/2026 00:17:46,28/08/2026 10:08:19,,,
295694453,LT0Q8R4W1RAT1,20260827HY_COT13:15_21-HNI Dong Anh 5 Hub+21-HNI Dong Anh 7 Hub+21-HNI Dong Anh 6 Hub_PU2921afgh01,,100,27/08/2026 00:00:00,20/08/2026 00:17:46,28/08/2026 02:02:08,,,
295694452,LT0Q8R4W1RAS1,20260827HY_COT13:15_20-HNI Dong Da 4 Hub+20-HNI Dong Da 10 Hub_PU2911afgh01,,100,27/08/2026 00:00:00,20/08/2026 00:17:46,28/08/2026 02:02:08,,,
295694451,LT0Q8R4W1RAR1,20260827HY_COT21:15_20-HNI Hai Ba Trung 5 Hub+20-HNI Hai Ba Trung 4 Hub_PU2911afgh01,,100,27/08/2026 00:00:00,20/08/2026 00:17:46,28/08/2026 10:08:19,,,
295694450,LT0Q8R4W1RAQ1,20260827HY_COT21:15_21-HNI Soc Son 2 Hub+21-HNI Soc Son 5 Hub_PU2901afgh01,,100,27/08/2026 00:00:00,20/08/2026 00:17:46,28/08/2026 10:08:19,,,
295694449,LT0Q8R4W1RAP1,20260827HY_COT13:15_21-HNI Soc Son 3 Hub+21-HNI Soc Son 4 Hub_PU2901afgh01,,100,27/08/2026 00:00:00,20/08/2026 00:17:46,28/08/2026 02:02:08,,,
295694448,LT0Q8R4W1RAO1,20260827HY_COT21:15_21-HNI Thanh Tri Hub+21-HNI Thanh Tri 5 Hub_PU2891afgh01,,100,27/08/2026 00:00:00,20/08/2026 00:17:46,28/08/2026 10:08:19,,,
295694447,LT0Q8R4W1RAN1,20260827HY_COT13:15_21-HNI My Duc 2 Hub+21-HNI My Duc Hub_PU2891afgh01,,100,27/08/2026 00:00:00,20/08/2026 00:17:46,28/08/2026 02:02:07,,,
295694446,LT0Q8R4W1RAM1,20260827HY_COT13:15_21-HNI Phu Xuyen Hub+21-HNI Phu Xuyen 3 Hub_PU2881afgh01,,100,27/08/2026 00:00:00,20/08/2026 00:17:46,28/08/2026 02:02:07,,,
295694445,LT0Q8R4W1RAL1,20260827HY_COT21:15_21-HNI Phu Xuyen 2 Hub+21-HNI Phu Xuyen 4 Hub_PU2881afgh01,,100,27/08/2026 00:00:00,20/08/2026 00:17:46,28/08/2026 10:08:18,,,
295694444,LT0Q8R4W1RAK1,20260827HY_COT21:15_21-HNI Me Linh 3 Hub+21-HNI Me Linh Hub+21-HNI Me Linh 2 Hub_PU2871afgh01,,100,27/08/2026 00:00:00,20/08/2026 00:17:46,28/08/2026 10:08:18,,,
295694443,LT0Q8R4W1RAJ1,20260827HY_COT13:15_21-HNI Me Linh 3 Hub+21-HNI Me Linh Hub+21-HNI Me Linh 2 Hub_PU2871afgh01,,100,27/08/2026 00:00:00,20/08/2026 00:17:46,28/08/2026 02:02:07,,,
295694442,LT0Q8R4W1RAI1,20260827HY_COT13:15_20-HNI Long Bien 3 Hub+20-HNI Long Bien 5 Hub_PU2841afgh01,,100,27/08/2026 00:00:00,20/08/2026 00:17:46,28/08/2026 02:02:07,,,
295694441,LT0Q8R4W1RAH1,20260827HY_COT21:15_20-HNI Long Bien 3 Hub+20-HNI Long Bien 5 Hub_PU2841afgh01,,100,27/08/2026 00:00:00,20/08/2026 00:17:46,28/08/2026 10:08:18,,,
295694440,LT0Q8R4W1RAG1,20260827HY_COT21:15_21-HNI Thuong Tin 2 Hub+21-HNI Thuong Tin 4 Hub_PU2831afgh01,,100,27/08/2026 00:00:00,20/08/2026 00:17:46,28/08/2026 10:08:18,,,
295694439,LT0Q8R4W1RAF1,20260827HY_COT13:15_21-HNI Thuong Tin 2 Hub+21-HNI Thuong Tin 4 Hub_PU2831afgh01,,100,27/08/2026 00:00:00,20/08/2026 00:17:46,28/08/2026 02:02:07,,,
295694438,LT0Q8R4W1RAE1,20260827HY_COT21:15_20-HNI Long Bien Hub+20-HNI Long Bien 2 Hub_PU2791afgh01,,100,27/08/2026 00:00:00,20/08/2026 00:17:45,28/08/2026 10:08:18,,,
295694437,LT0Q8R4W1RAD1,20260827HY_COT13:15_20-HNI Long Bien Hub+20-HNI Long Bien 2 Hub_PU2791afgh01,,100,27/08/2026 00:00:00,20/08/2026 00:17:45,28/08/2026 02:02:07,,,
295694436,LT0Q8R4W1RAC1,20260827HY_COT21:15_21-HNI Dong Anh 3 Hub+21-HNI Dong Anh 2 Hub_PU2731afgh01,,100,27/08/2026 00:00:00,20/08/2026 00:17:45,28/08/2026 10:08:18,,,
295694435,LT0Q8R4W1RAB1,20260827HY_COT13:15_21-HNI Dong Anh 3 Hub+21-HNI Dong Anh 2 Hub_PU2731afgh01,,100,27/08/2026 00:00:00,20/08/2026 00:17:45,28/08/2026 02:02:07,,,
295694434,LT0Q8R4W1RAA1,20260827HY_COT21:15_21-HNI Ung Hoa 2 Hub+21-HNI Ung Hoa Hub_PU2721afgh01,,100,27/08/2026 00:00:00,20/08/2026 00:17:45,28/08/2026 10:08:18,,,
295694433,LT0Q8R4W1RA91,20260827HY_COT13:15_21-HNI Ung Hoa 2 Hub+21-HNI Ung Hoa Hub_PU2721afgh01,,100,27/08/2026 00:00:00,20/08/2026 00:17:45,28/08/2026 02:02:06,,,
295694432,LT0Q8R4W1RA81,20260827HY_COT13:15_21-HNI Thanh Tri 3 Hub_PU2701afgh01,,100,27/08/2026 00:00:00,20/08/2026 00:17:45,28/08/2026 02:02:06,,,
295694431,LT0Q8R4W1RA71,20260827HY_COT21:15_21-HNI Thanh Tri 3 Hub_PU2701afgh01,,100,27/08/2026 00:00:00,20/08/2026 00:17:45,28/08/2026 10:08:17,,,
295694430,LT0Q8R4W1RA61,20260827HY_COT21:15_21-HNI Thanh Oai Hub+21-HNI Thanh Oai 3 Hub_PU2671afgh01,,100,27/08/2026 00:00:00,20/08/2026 00:17:45,28/08/2026 10:08:17,,,
295694429,LT0Q8R4W1RA51,20260827HY_COT13:15_21-HNI Thanh Oai Hub+21-HNI Thanh Oai 3 Hub_PU2671afgh01,,100,27/08/2026 00:00:00,20/08/2026 00:17:45,28/08/2026 02:02:06,,,
295694428,LT0Q8R4W1RA41,20260827HY_COT13:15_21-HNI Thanh Tri 7 Hub+21-HNI Thanh Tri 8 Hub_PU2631afgh01,,100,27/08/2026 00:00:00,20/08/2026 00:17:45,28/08/2026 02:02:06,,,
295694427,LT0Q8R4W1RA31,20260827HY_COT21:15_21-HNI Thanh Tri 7 Hub+21-HNI Thanh Tri 8 Hub_PU2631afgh01,,100,27/08/2026 00:00:00,20/08/2026 00:17:45,28/08/2026 10:08:17,,,
295694426,LT0Q8R4W1RA21,20260827HY_COT21:15_20-HNI Ba Dinh 2 Hub+20-HNI Ba Dinh 3 Hub+20-HNI Ba Dinh 4 Hub_PU2621afgh01,,100,27/08/2026 00:00:00,20/08/2026 00:17:45,28/08/2026 10:08:17,,,
295694425,LT0Q8R4W1RA11,20260827HY_COT13:15_20-HNI Ba Dinh 2 Hub+20-HNI Ba Dinh 3 Hub+20-HNI Ba Dinh 4 Hub_PU2621afgh01,,100,27/08/2026 00:00:00,20/08/2026 00:17:45,28/08/2026 02:02:06,,,
295694062,LT0Q8R4W1QZY1,20260827HY_COT21:15_20-HNI Hoang Mai 3 Hub_3311a01,,100,27/08/2026 00:00:00,20/08/2026 00:17:36,28/08/2026 10:08:17,,,
295694061,LT0Q8R4W1QZX1,20260827HY_COT21:15_21-HNI Gia Lam Hub_3301a01,,100,27/08/2026 00:00:00,20/08/2026 00:17:36,28/08/2026 10:08:17,,,
295694033,LT0Q8R4W1QZ51,20260827HY_COT21:15_20-HNI Hoang Mai Hub+20-HNI Hoang Mai 3 Hub_2861a01,,100,27/08/2026 00:00:00,20/08/2026 00:17:36,28/08/2026 10:08:17,,,
295694032,LT0Q8R4W1QZ41,20260827HY_COT13:15_20-HNI Hoang Mai Hub+20-HNI Hoang Mai 3 Hub_2861a01,,100,27/08/2026 00:00:00,20/08/2026 00:17:36,28/08/2026 02:01:55,,,
295694031,LT0Q8R4W1QZ31,20260827HY_COT21:15_21-HNI Gia Lam 3 Hub+21-HNI Gia Lam 7 Hub_2851a01,,100,27/08/2026 00:00:00,20/08/2026 00:17:36,28/08/2026 10:08:17,,,
295694030,LT0Q8R4W1QZ21,20260827HY_COT13:15_21-HNI Gia Lam 3 Hub+21-HNI Gia Lam 7 Hub_2851a01,,100,27/08/2026 00:00:00,20/08/2026 00:17:36,28/08/2026 02:01:55,,,
295694029,LT0Q8R4W1QZ11,20260827HY_COT21:15_21-HNI Thanh Tri 2 Hub+21-HNI Thanh Tri 6 Hub_2821a01,,100,27/08/2026 00:00:00,20/08/2026 00:17:35,28/08/2026 10:08:16,,,
295694028,LT0Q8R4W1QZ01,20260827HY_COT13:15_21-HNI Thanh Tri 2 Hub+21-HNI Thanh Tri 6 Hub_2821a01,,100,27/08/2026 00:00:00,20/08/2026 00:17:35,28/08/2026 02:01:55,,,
295694027,LT0Q8R4W1QYZ1,20260827HY_COT13:15_21-HNI Gia Lam 8 Hub+21-HNI Gia Lam 5 Hub_2801a01,,100,27/08/2026 00:00:00,20/08/2026 00:17:35,28/08/2026 02:01:55,,,
295694026,LT0Q8R4W1QYY1,20260827HY_COT21:15_21-HNI Gia Lam 8 Hub+21-HNI Gia Lam 5 Hub_2801a01,,100,27/08/2026 00:00:00,20/08/2026 00:17:35,28/08/2026 10:08:16,,,
295694025,LT0Q8R4W1QYX1,20260827HY_COT21:15_20-HNI Long Bien 4 Hub_2781a01,,100,27/08/2026 00:00:00,20/08/2026 00:17:35,28/08/2026 10:08:16,,,
295694024,LT0Q8R4W1QYW1,20260827HY_COT13:15_20-HNI Long Bien 4 Hub_2781a01,,100,27/08/2026 00:00:00,20/08/2026 00:17:35,28/08/2026 02:01:55,,,
295694023,LT0Q8R4W1QYV1,20260827HY_COT13:15_20-HNI Hoang Mai 2 Hub_2771a01,,100,27/08/2026 00:00:00,20/08/2026 00:17:35,28/08/2026 02:01:55,,,
295694022,LT0Q8R4W1QYU1,20260827HY_COT21:15_20-HNI Hoang Mai 2 Hub_2771a01,,100,27/08/2026 00:00:00,20/08/2026 00:17:35,28/08/2026 10:08:16,,,
295694021,LT0Q8R4W1QYT1,20260827HY_COT21:15_20-HNI Hoang Mai 4 Hub+20-HNI Hoang Mai 6 Hub_2761a01,,100,27/08/2026 00:00:00,20/08/2026 00:17:35,28/08/2026 10:08:16,,,
295694020,LT0Q8R4W1QYS1,20260827HY_COT13:15_20-HNI Hoang Mai 4 Hub+20-HNI Hoang Mai 6 Hub_2761a01,,100,27/08/2026 00:00:00,20/08/2026 00:17:35,28/08/2026 02:01:54,,,
295694019,LT0Q8R4W1QYR1,20260827HY_COT21:15_20-HNI Hoang Mai 2 Hub_2751a01,,100,27/08/2026 00:00:00,20/08/2026 00:17:35,28/08/2026 10:08:16,,,
295694018,LT0Q8R4W1QYQ1,20260827HY_COT13:15_21-HNI Gia Lam Hub_2751a01,,100,27/08/2026 00:00:00,20/08/2026 00:17:35,28/08/2026 02:01:54,,,
295694017,LT0Q8R4W1QYP1,20260827HY_COT21:15_20-HNI Hoang Mai 7 Hub+20-HNI Hoang Mai 5 Hub_2711a01,,100,27/08/2026 00:00:00,20/08/2026 00:17:35,28/08/2026 10:08:16,,,
295694016,LT0Q8R4W1QYO1,20260827HY_COT13:15_20-HNI Hoang Mai 7 Hub+20-HNI Hoang Mai 5 Hub_2711a01,,100,27/08/2026 00:00:00,20/08/2026 00:17:35,28/08/2026 02:01:54,,,
295694015,LT0Q8R4W1QYN1,20260827HY_COT21:15_21-HNI Gia Lam 2 Hub+21-HNI Gia Lam 4 Hub_2691a01,,100,27/08/2026 00:00:00,20/08/2026 00:17:35,28/08/2026 10:08:15,,,
295694014,LT0Q8R4W1QYM1,20260827HY_COT13:15_21-HNI Gia Lam 2 Hub+21-HNI Gia Lam 4 Hub_2691a01,,100,27/08/2026 00:00:00,20/08/2026 00:17:35,28/08/2026 02:01:54,,,
295694013,LT0Q8R4W1QYL1,20260827HY_COT21:30_21-HNI Gia Lam 6 Hub+21-HNI Gia Lam CH_2681a01,,100,27/08/2026 00:00:00,20/08/2026 00:17:35,28/08/2026 10:08:15,,,
295694012,LT0Q8R4W1QYK1,20260827HY_COT14:00_21-HNI Gia Lam 6 Hub+21-HNI Gia Lam CH_2681a01,,100,27/08/2026 00:00:00,20/08/2026 00:17:35,28/08/2026 03:02:37,,,
295694011,LT0Q8R4W1QYJ1,20260827HY_COT21:15_20-HNI Dong Da 7 Hub+20-HNI Dong Da 8 Hub_2661a01,,100,27/08/2026 00:00:00,20/08/2026 00:17:35,28/08/2026 10:08:15,,,
295694010,LT0Q8R4W1QYI1,20260827HY_COT13:15_20-HNI Dong Da 7 Hub+20-HNI Dong Da 8 Hub_2661a01,,100,27/08/2026 00:00:00,20/08/2026 00:17:35,28/08/2026 02:01:54,,,
295694009,LT0Q8R4W1QYH1,20260827HY_COT13:15_20-HNI Hai Ba Trung Hub+20-HNI Hai Ba Trung 2 Hub_2651a01,,100,27/08/2026 00:00:00,20/08/2026 00:17:35,28/08/2026 02:01:54,,,
295694008,LT0Q8R4W1QYG1,20260827HY_COT21:15_20-HNI Hai Ba Trung Hub+20-HNI Hai Ba Trung 2 Hub_2651a01,,100,27/08/2026 00:00:00,20/08/2026 00:17:35,28/08/2026 10:08:15,,,
295694007,LT0Q8R4W1QYF1,20260827HY_COT21:15_20-HNI Hoan Kiem 2 Hub+20-HNI Hoan Kiem Hub+20-HNI Ba Dinh Hub_2641a01,,100,27/08/2026 00:00:00,20/08/2026 00:17:35,28/08/2026 10:08:15,,,
295694006,LT0Q8R4W1QYE1,20260827HY_COT13:15_20-HNI Hoan Kiem 2 Hub+20-HNI Hoan Kiem Hub+20-HNI Ba Dinh Hub_2641a01,,100,27/08/2026 00:00:00,20/08/2026 00:17:35,28/08/2026 02:01:54,,,
295693627,LT0Q8R4W1QNV1,20260827HY_COT13:15_21-HNI Thuong Tin 3 Hub+21-HNI Thuong Tin Hub_PU3031a01,,100,27/08/2026 00:00:00,20/08/2026 00:17:26,28/08/2026 02:01:43,,,
295693626,LT0Q8R4W1QNU1,20260827HY_COT21:15_20-HNI Dong Da 4 Hub+20-HNI Dong Da 10 Hub_PU3031a01,,100,27/08/2026 00:00:00,20/08/2026 00:17:26,28/08/2026 10:08:15,,,
295693625,LT0Q8R4W1QNT1,20260827HY_COT21:15_20-HNI Hai Ba Trung 3 Hub+20-HNI Hai Ba Trung 6 Hub_PU3021a01,,100,27/08/2026 00:00:00,20/08/2026 00:17:26,28/08/2026 10:08:15,,,
295693624,LT0Q8R4W1QNS1,20260827HY_COT13:15_20-HNI Hai Ba Trung 3 Hub+20-HNI Hai Ba Trung 6 Hub_PU3021a01,,100,27/08/2026 00:00:00,20/08/2026 00:17:26,28/08/2026 02:01:43,,,
295693623,LT0Q8R4W1QNR1,20260827HY_COT21:15_21-HNI Thanh Oai 2 Hub+21-HNI Thanh Oai 4 Hub_PU3011a01,,100,27/08/2026 00:00:00,20/08/2026 00:17:26,28/08/2026 10:08:15,,,
295693622,LT0Q8R4W1QNQ1,20260827HY_COT13:15_21-HNI Thanh Oai 4 Hub+21-HNI Thanh Oai 2 Hub_PU3011a01,,100,27/08/2026 00:00:00,20/08/2026 00:17:26,28/08/2026 02:01:43,,,
295693621,LT0Q8R4W1QNP1,20260827HY_COT21:15_21-HNI My Duc Hub+21-HNI My Duc 2 Hub_PU3001a01,,100,27/08/2026 00:00:00,20/08/2026 00:17:26,28/08/2026 10:08:14,,,
295693620,LT0Q8R4W1QNO1,20260827HY_COT13:15_20-HNI Hai Ba Trung 5 Hub+20-HNI Hai Ba Trung 4 Hub_PU3001a01,,100,27/08/2026 00:00:00,20/08/2026 00:17:26,28/08/2026 02:01:42,,,
295693619,LT0Q8R4W1QNN1,20260827HY_COT21:15_21-HNI Dong Anh 4 Hub+21-HNI Dong Anh Hub_PU2991a01,,100,27/08/2026 00:00:00,20/08/2026 00:17:26,28/08/2026 10:08:14,,,
295693618,LT0Q8R4W1QNM1,20260827HY_COT13:15_21-HNI Dong Anh 4 Hub+21-HNI Dong Anh Hub_PU2991a01,,100,27/08/2026 00:00:00,20/08/2026 00:17:25,28/08/2026 02:01:42,,,
295693617,LT0Q8R4W1QNL1,20260827HY_COT21:15_21-HNI Phu Xuyen 3 Hub+21-HNI Phu Xuyen Hub_PU2981a01,,100,27/08/2026 00:00:00,20/08/2026 00:17:25,28/08/2026 10:08:14,,,
295693615,LT0Q8R4W1QNJ1,20260827HY_COT21:15_21-HNI Soc Son 3 Hub+21-HNI Soc Son 4 Hub_PU2971a01,,100,27/08/2026 00:00:00,20/08/2026 00:17:25,28/08/2026 10:08:14,,,
295693614,LT0Q8R4W1QNI1,20260827HY_COT13:15_21-HNI Soc Son 2 Hub+21-HNI Soc Son 5 Hub_PU2971a01,,100,27/08/2026 00:00:00,20/08/2026 00:17:25,28/08/2026 02:01:42,,,
295693613,LT0Q8R4W1QNH1,20260827HY_COT13:15_21-HNI Thanh Tri 5 Hub+21-HNI Thanh Tri Hub_PU2961a01,,100,27/08/2026 00:00:00,20/08/2026 00:17:25,28/08/2026 02:01:42,,,
295693612,LT0Q8R4W1QNG1,20260827HY_COT21:15_21-HNI Thuong Tin Hub+21-HNI Thuong Tin 3 Hub_PU2961a01,,100,27/08/2026 00:00:00,20/08/2026 00:17:25,28/08/2026 10:08:14,,,
295693611,LT0Q8R4W1QNF1,20260827HY_COT21:15_20-HNI Hai Ba Trung 8 Hub+20-HNI Hai Ba Trung 7 Hub_PU2951a01,,100,27/08/2026 00:00:00,20/08/2026 00:17:25,28/08/2026 10:08:14,,,
295693610,LT0Q8R4W1QNE1,20260827HY_COT13:15_20-HNI Hai Ba Trung 8 Hub+20-HNI Hai Ba Trung 7 Hub_PU2951a01,,100,27/08/2026 00:00:00,20/08/2026 00:17:25,28/08/2026 02:01:42,,,
295693609,LT0Q8R4W1QND1,20260827HY_COT21:15_20-HNI Dong Da 5 Hub+20-HNI Dong Da 6 Hub_PU2931a01,,100,27/08/2026 00:00:00,20/08/2026 00:17:25,28/08/2026 10:08:14,,,
295693608,LT0Q8R4W1QNC1,20260827HY_COT13:15_20-HNI Dong Da 5 Hub+20-HNI Dong Da 6 Hub_PU2931a01,,100,27/08/2026 00:00:00,20/08/2026 00:17:25,28/08/2026 02:01:42,,,
295693607,LT0Q8R4W1QNB1,20260827HY_COT21:15_21-HNI Dong Anh 5 Hub+21-HNI Dong Anh 7 Hub+21-HNI Dong Anh 6 Hub_PU2921a01,,100,27/08/2026 00:00:00,20/08/2026 00:17:25,28/08/2026 10:08:13,,,
295693605,LT0Q8R4W1QN91,20260827HY_COT13:15_20-HNI Dong Da 4 Hub+20-HNI Dong Da 10 Hub_PU2911a01,,100,27/08/2026 00:00:00,20/08/2026 00:17:25,28/08/2026 02:01:42,,,
295693604,LT0Q8R4W1QN81,20260827HY_COT21:15_20-HNI Hai Ba Trung 5 Hub+20-HNI Hai Ba Trung 4 Hub_PU2911a01,,100,27/08/2026 00:00:00,20/08/2026 00:17:25,28/08/2026 10:08:13,,,
295693603,LT0Q8R4W1QN71,20260827HY_COT21:15_21-HNI Soc Son 2 Hub+21-HNI Soc Son 5 Hub_PU2901a01,,100,27/08/2026 00:00:00,20/08/2026 00:17:25,28/08/2026 10:08:13,,,
295693602,LT0Q8R4W1QN61,20260827HY_COT13:15_21-HNI Soc Son 3 Hub+21-HNI Soc Son 4 Hub_PU2901a01,,100,27/08/2026 00:00:00,20/08/2026 00:17:25,28/08/2026 02:01:42,,,
295693601,LT0Q8R4W1QN51,20260827HY_COT21:15_21-HNI Thanh Tri Hub+21-HNI Thanh Tri 5 Hub_PU2891a01,,100,27/08/2026 00:00:00,20/08/2026 00:17:25,28/08/2026 10:08:13,,,
295693600,LT0Q8R4W1QN41,20260827HY_COT13:15_21-HNI My Duc 2 Hub+21-HNI My Duc Hub_PU2891a01,,100,27/08/2026 00:00:00,20/08/2026 00:17:25,28/08/2026 02:01:42,,,
295693599,LT0Q8R4W1QN31,20260827HY_COT13:15_21-HNI Phu Xuyen Hub+21-HNI Phu Xuyen 3 Hub_PU2881a01,,100,27/08/2026 00:00:00,20/08/2026 00:17:25,28/08/2026 02:01:41,,,
295693598,LT0Q8R4W1QN21,20260827HY_COT21:15_21-HNI Phu Xuyen 2 Hub+21-HNI Phu Xuyen 4 Hub_PU2881a01,,100,27/08/2026 00:00:00,20/08/2026 00:17:25,28/08/2026 10:08:13,,,
295693597,LT0Q8R4W1QN11,20260827HY_COT21:15_21-HNI Me Linh 3 Hub+21-HNI Me Linh Hub+21-HNI Me Linh 2 Hub_PU2871a01,,100,27/08/2026 00:00:00,20/08/2026 00:17:25,28/08/2026 10:08:13,,,
295693596,LT0Q8R4W1QN01,20260827HY_COT13:15_21-HNI Me Linh 3 Hub+21-HNI Me Linh Hub+21-HNI Me Linh 2 Hub_PU2871a01,,100,27/08/2026 00:00:00,20/08/2026 00:17:25,28/08/2026 02:01:41,,,
295693595,LT0Q8R4W1QMZ1,20260827HY_COT13:15_20-HNI Long Bien 3 Hub+20-HNI Long Bien 5 Hub_PU2841a01,,100,27/08/2026 00:00:00,20/08/2026 00:17:25,28/08/2026 02:01:41,,,
295693594,LT0Q8R4W1QMY1,20260827HY_COT21:15_20-HNI Long Bien 3 Hub+20-HNI Long Bien 5 Hub_PU2841a01,,100,27/08/2026 00:00:00,20/08/2026 00:17:25,28/08/2026 10:08:13,,,
295693593,LT0Q8R4W1QMX1,20260827HY_COT21:15_21-HNI Thuong Tin 2 Hub+21-HNI Thuong Tin 4 Hub_PU2831a01,,100,27/08/2026 00:00:00,20/08/2026 00:17:25,28/08/2026 10:08:13,,,
295693592,LT0Q8R4W1QMW1,20260827HY_COT13:15_21-HNI Thuong Tin 2 Hub+21-HNI Thuong Tin 4 Hub_PU2831a01,,100,27/08/2026 00:00:00,20/08/2026 00:17:25,28/08/2026 02:01:41,,,
295693591,LT0Q8R4W1QMV1,20260827HY_COT21:15_20-HNI Long Bien Hub+20-HNI Long Bien 2 Hub_PU2791a01,,100,27/08/2026 00:00:00,20/08/2026 00:17:25,28/08/2026 10:08:12,,,
295693590,LT0Q8R4W1QMU1,20260827HY_COT13:15_20-HNI Long Bien Hub+20-HNI Long Bien 2 Hub_PU2791a01,,100,27/08/2026 00:00:00,20/08/2026 00:17:25,28/08/2026 02:01:41,,,
295693589,LT0Q8R4W1QMT1,20260827HY_COT21:15_21-HNI Dong Anh 3 Hub+21-HNI Dong Anh 2 Hub_PU2731a01,,100,27/08/2026 00:00:00,20/08/2026 00:17:25,28/08/2026 10:08:12,,,
295693588,LT0Q8R4W1QMS1,20260827HY_COT13:15_21-HNI Dong Anh 3 Hub+21-HNI Dong Anh 2 Hub_PU2731a01,,100,27/08/2026 00:00:00,20/08/2026 00:17:25,28/08/2026 02:01:41,,,
295693587,LT0Q8R4W1QMR1,20260827HY_COT21:15_21-HNI Ung Hoa 2 Hub+21-HNI Ung Hoa Hub_PU2721a01,,100,27/08/2026 00:00:00,20/08/2026 00:17:25,28/08/2026 10:08:12,,,
295693586,LT0Q8R4W1QMQ1,20260827HY_COT13:15_21-HNI Ung Hoa 2 Hub+21-HNI Ung Hoa Hub_PU2721a01,,100,27/08/2026 00:00:00,20/08/2026 00:17:25,28/08/2026 02:01:41,,,
295693585,LT0Q8R4W1QMP1,20260827HY_COT13:15_21-HNI Thanh Tri 3 Hub_PU2701a01,,100,27/08/2026 00:00:00,20/08/2026 00:17:25,28/08/2026 02:01:41,,,
295693584,LT0Q8R4W1QMO1,20260827HY_COT21:15_21-HNI Thanh Tri 3 Hub_PU2701a01,,100,27/08/2026 00:00:00,20/08/2026 00:17:25,28/08/2026 10:08:12,,,
295693583,LT0Q8R4W1QMN1,20260827HY_COT21:15_21-HNI Thanh Oai Hub+21-HNI Thanh Oai 3 Hub_PU2671a01,,100,27/08/2026 00:00:00,20/08/2026 00:17:25,28/08/2026 10:08:12,,,
295693582,LT0Q8R4W1QMM1,20260827HY_COT13:15_21-HNI Thanh Oai Hub+21-HNI Thanh Oai 3 Hub_PU2671a01,,100,27/08/2026 00:00:00,20/08/2026 00:17:25,28/08/2026 02:01:40,,,
295693581,LT0Q8R4W1QML1,20260827HY_COT13:15_21-HNI Thanh Tri 7 Hub+21-HNI Thanh Tri 8 Hub_PU2631a01,,100,27/08/2026 00:00:00,20/08/2026 00:17:25,28/08/2026 02:01:40,,,
295693580,LT0Q8R4W1QMK1,20260827HY_COT21:15_21-HNI Thanh Tri 7 Hub+21-HNI Thanh Tri 8 Hub_PU2631a01,,100,27/08/2026 00:00:00,20/08/2026 00:17:25,28/08/2026 10:08:12,,,
295693579,LT0Q8R4W1QMJ1,20260827HY_COT21:15_20-HNI Ba Dinh 2 Hub+20-HNI Ba Dinh 3 Hub+20-HNI Ba Dinh 4 Hub_PU2621a01,,100,27/08/2026 00:00:00,20/08/2026 00:17:25,28/08/2026 10:08:12,,,
295693578,LT0Q8R4W1QMI1,20260827HY_COT13:15_20-HNI Ba Dinh 2 Hub+20-HNI Ba Dinh 3 Hub+20-HNI Ba Dinh 4 Hub_PU2621a01,,100,27/08/2026 00:00:00,20/08/2026 00:17:25,28/08/2026 02:01:40,,,
295693215,LT0Q8R4W1QCF1,20260827HY_COT21:15_20-HNI Hoang Mai 3 Hub_331101,,100,27/08/2026 00:00:00,20/08/2026 00:17:16,28/08/2026 10:08:11,,,
295693214,LT0Q8R4W1QCE1,20260827HY_COT21:15_21-HNI Gia Lam Hub_330101,,100,27/08/2026 00:00:00,20/08/2026 00:17:16,28/08/2026 10:08:11,,,
295693186,LT0Q8R4W1QBM1,20260827HY_COT21:15_20-HNI Hoang Mai Hub+20-HNI Hoang Mai 3 Hub_286101,,100,27/08/2026 00:00:00,20/08/2026 00:17:15,28/08/2026 10:08:11,,,
295693185,LT0Q8R4W1QBL1,20260827HY_COT13:15_20-HNI Hoang Mai Hub+20-HNI Hoang Mai 3 Hub_286101,,100,27/08/2026 00:00:00,20/08/2026 00:17:15,28/08/2026 02:01:30,,,
295693184,LT0Q8R4W1QBK1,20260827HY_COT21:15_21-HNI Gia Lam 3 Hub+21-HNI Gia Lam 7 Hub_285101,,100,27/08/2026 00:00:00,20/08/2026 00:17:15,28/08/2026 10:08:11,,,
295693183,LT0Q8R4W1QBJ1,20260827HY_COT13:15_21-HNI Gia Lam 3 Hub+21-HNI Gia Lam 7 Hub_285101,,100,27/08/2026 00:00:00,20/08/2026 00:17:15,28/08/2026 02:01:30,,,
295693181,LT0Q8R4W1QBH1,20260827HY_COT13:15_21-HNI Thanh Tri 2 Hub+21-HNI Thanh Tri 6 Hub_282101,,100,27/08/2026 00:00:00,20/08/2026 00:17:15,28/08/2026 02:01:30,,,
295693180,LT0Q8R4W1QBG1,20260827HY_COT13:15_21-HNI Gia Lam 8 Hub+21-HNI Gia Lam 5 Hub_280101,,100,27/08/2026 00:00:00,20/08/2026 00:17:15,28/08/2026 02:01:29,,,
295693179,LT0Q8R4W1QBF1,20260827HY_COT21:15_21-HNI Gia Lam 8 Hub+21-HNI Gia Lam 5 Hub_280101,,100,27/08/2026 00:00:00,20/08/2026 00:17:15,28/08/2026 10:08:11,,,
295693178,LT0Q8R4W1QBE1,20260827HY_COT21:15_20-HNI Long Bien 4 Hub_278101,,100,27/08/2026 00:00:00,20/08/2026 00:17:15,28/08/2026 10:08:11,,,
295693177,LT0Q8R4W1QBD1,20260827HY_COT13:15_20-HNI Long Bien 4 Hub_278101,,100,27/08/2026 00:00:00,20/08/2026 00:17:15,28/08/2026 02:01:29,,,
295693176,LT0Q8R4W1QBC1,20260827HY_COT13:15_20-HNI Hoang Mai 2 Hub_277101,,100,27/08/2026 00:00:00,20/08/2026 00:17:15,28/08/2026 02:01:29,,,
295693175,LT0Q8R4W1QBB1,20260827HY_COT21:15_20-HNI Hoang Mai 2 Hub_277101,,100,27/08/2026 00:00:00,20/08/2026 00:17:15,28/08/2026 10:08:11,,,
295693174,LT0Q8R4W1QBA1,20260827HY_COT21:15_20-HNI Hoang Mai 4 Hub+20-HNI Hoang Mai 6 Hub_276101,,100,27/08/2026 00:00:00,20/08/2026 00:17:15,28/08/2026 10:08:11,,,
295693173,LT0Q8R4W1QB91,20260827HY_COT13:15_20-HNI Hoang Mai 4 Hub+20-HNI Hoang Mai 6 Hub_276101,,100,27/08/2026 00:00:00,20/08/2026 00:17:15,28/08/2026 02:01:29,,,
295693172,LT0Q8R4W1QB81,20260827HY_COT21:15_20-HNI Hoang Mai 2 Hub_275101,,100,27/08/2026 00:00:00,20/08/2026 00:17:15,28/08/2026 10:08:10,,,
295693171,LT0Q8R4W1QB71,20260827HY_COT13:15_21-HNI Gia Lam Hub_275101,,100,27/08/2026 00:00:00,20/08/2026 00:17:15,28/08/2026 02:01:29,,,
295693170,LT0Q8R4W1QB61,20260827HY_COT21:15_20-HNI Hoang Mai 7 Hub+20-HNI Hoang Mai 5 Hub_271101,,100,27/08/2026 00:00:00,20/08/2026 00:17:15,28/08/2026 10:08:10,,,
295693169,LT0Q8R4W1QB51,20260827HY_COT13:15_20-HNI Hoang Mai 7 Hub+20-HNI Hoang Mai 5 Hub_271101,,100,27/08/2026 00:00:00,20/08/2026 00:17:15,28/08/2026 02:01:29,,,
295693168,LT0Q8R4W1QB41,20260827HY_COT21:15_21-HNI Gia Lam 2 Hub+21-HNI Gia Lam 4 Hub_269101,,100,27/08/2026 00:00:00,20/08/2026 00:17:15,28/08/2026 10:08:10,,,
295693167,LT0Q8R4W1QB31,20260827HY_COT13:15_21-HNI Gia Lam 2 Hub+21-HNI Gia Lam 4 Hub_269101,,100,27/08/2026 00:00:00,20/08/2026 00:17:15,28/08/2026 02:01:29,,,
295693166,LT0Q8R4W1QB21,20260827HY_COT21:30_21-HNI Gia Lam 6 Hub+21-HNI Gia Lam CH_268101,,100,27/08/2026 00:00:00,20/08/2026 00:17:15,28/08/2026 10:08:10,,,
295693165,LT0Q8R4W1QB11,20260827HY_COT14:00_21-HNI Gia Lam 6 Hub+21-HNI Gia Lam CH_268101,,100,27/08/2026 00:00:00,20/08/2026 00:17:15,28/08/2026 03:02:37,,,
295693164,LT0Q8R4W1QB01,20260827HY_COT21:15_20-HNI Dong Da 7 Hub+20-HNI Dong Da 8 Hub_266101,,100,27/08/2026 00:00:00,20/08/2026 00:17:15,28/08/2026 10:08:10,,,
295693163,LT0Q8R4W1QAZ1,20260827HY_COT13:15_20-HNI Dong Da 7 Hub+20-HNI Dong Da 8 Hub_266101,,100,27/08/2026 00:00:00,20/08/2026 00:17:15,28/08/2026 02:01:29,,,
295693162,LT0Q8R4W1QAY1,20260827HY_COT13:15_20-HNI Hai Ba Trung Hub+20-HNI Hai Ba Trung 2 Hub_265101,,100,27/08/2026 00:00:00,20/08/2026 00:17:15,28/08/2026 02:01:28,,,
295693161,LT0Q8R4W1QAX1,20260827HY_COT21:15_20-HNI Hai Ba Trung Hub+20-HNI Hai Ba Trung 2 Hub_265101,,100,27/08/2026 00:00:00,20/08/2026 00:17:15,28/08/2026 10:08:10,,,
295693160,LT0Q8R4W1QAW1,20260827HY_COT21:15_20-HNI Hoan Kiem 2 Hub+20-HNI Hoan Kiem Hub+20-HNI Ba Dinh Hub_264101,,100,27/08/2026 00:00:00,20/08/2026 00:17:15,28/08/2026 10:08:10,,,
295693159,LT0Q8R4W1QAV1,20260827HY_COT13:15_20-HNI Hoan Kiem 2 Hub+20-HNI Hoan Kiem Hub+20-HNI Ba Dinh Hub_264101,,100,27/08/2026 00:00:00,20/08/2026 00:17:15,28/08/2026 02:01:28,,,
295692780,LT0Q8R4W1Q0C1,20260827HY_COT13:15_21-HNI Thuong Tin 3 Hub+21-HNI Thuong Tin Hub_PU303101,,100,27/08/2026 00:00:00,20/08/2026 00:17:06,28/08/2026 02:01:17,,,
295692779,LT0Q8R4W1Q0B1,20260827HY_COT21:15_20-HNI Dong Da 4 Hub+20-HNI Dong Da 10 Hub_PU303101,,100,27/08/2026 00:00:00,20/08/2026 00:17:06,28/08/2026 10:08:09,,,
295692777,LT0Q8R4W1Q091,20260827HY_COT13:15_20-HNI Hai Ba Trung 3 Hub+20-HNI Hai Ba Trung 6 Hub_PU302101,,100,27/08/2026 00:00:00,20/08/2026 00:17:06,28/08/2026 02:01:17,,,
295692776,LT0Q8R4W1Q081,20260827HY_COT21:15_21-HNI Thanh Oai 2 Hub+21-HNI Thanh Oai 4 Hub_PU301101,,100,27/08/2026 00:00:00,20/08/2026 00:17:06,28/08/2026 10:08:09,,,
295692775,LT0Q8R4W1Q071,20260827HY_COT13:15_21-HNI Thanh Oai 4 Hub+21-HNI Thanh Oai 2 Hub_PU301101,,100,27/08/2026 00:00:00,20/08/2026 00:17:05,28/08/2026 02:01:17,,,
295692774,LT0Q8R4W1Q061,20260827HY_COT21:15_21-HNI My Duc Hub+21-HNI My Duc 2 Hub_PU300101,,100,27/08/2026 00:00:00,20/08/2026 00:17:05,28/08/2026 10:08:09,,,
295692772,LT0Q8R4W1Q041,20260827HY_COT21:15_21-HNI Dong Anh 4 Hub+21-HNI Dong Anh Hub_PU299101,,100,27/08/2026 00:00:00,20/08/2026 00:17:05,28/08/2026 10:08:09,,,
295692771,LT0Q8R4W1Q031,20260827HY_COT13:15_21-HNI Dong Anh 4 Hub+21-HNI Dong Anh Hub_PU299101,,100,27/08/2026 00:00:00,20/08/2026 00:17:05,28/08/2026 02:01:17,,,
295692770,LT0Q8R4W1Q021,20260827HY_COT21:15_21-HNI Phu Xuyen 3 Hub+21-HNI Phu Xuyen Hub_PU298101,,100,27/08/2026 00:00:00,20/08/2026 00:17:05,28/08/2026 10:08:09,,,
295692769,LT0Q8R4W1Q011,20260827HY_COT13:15_21-HNI Phu Xuyen 4 Hub+21-HNI Phu Xuyen 2 Hub_PU298101,,100,27/08/2026 00:00:00,20/08/2026 00:17:05,28/08/2026 02:01:17,,,
295692768,LT0Q8R4W1Q001,20260827HY_COT21:15_21-HNI Soc Son 3 Hub+21-HNI Soc Son 4 Hub_PU297101,,100,27/08/2026 00:00:00,20/08/2026 00:17:05,28/08/2026 10:08:09,,,
295692767,LT0Q8R4W1PZZ1,20260827HY_COT13:15_21-HNI Soc Son 2 Hub+21-HNI Soc Son 5 Hub_PU297101,,100,27/08/2026 00:00:00,20/08/2026 00:17:05,28/08/2026 02:01:17,,,
295692766,LT0Q8R4W1PZY1,20260827HY_COT13:15_21-HNI Thanh Tri 5 Hub+21-HNI Thanh Tri Hub_PU296101,,100,27/08/2026 00:00:00,20/08/2026 00:17:05,28/08/2026 02:01:16,,,
295692765,LT0Q8R4W1PZX1,20260827HY_COT21:15_21-HNI Thuong Tin Hub+21-HNI Thuong Tin 3 Hub_PU296101,,100,27/08/2026 00:00:00,20/08/2026 00:17:05,28/08/2026 10:08:09,,,
295692764,LT0Q8R4W1PZW1,20260827HY_COT21:15_20-HNI Hai Ba Trung 8 Hub+20-HNI Hai Ba Trung 7 Hub_PU295101,,100,27/08/2026 00:00:00,20/08/2026 00:17:05,28/08/2026 10:08:08,,,
295692763,LT0Q8R4W1PZV1,20260827HY_COT13:15_20-HNI Hai Ba Trung 8 Hub+20-HNI Hai Ba Trung 7 Hub_PU295101,,100,27/08/2026 00:00:00,20/08/2026 00:17:05,28/08/2026 02:01:16,,,
295692762,LT0Q8R4W1PZU1,20260827HY_COT21:15_20-HNI Dong Da 5 Hub+20-HNI Dong Da 6 Hub_PU293101,,100,27/08/2026 00:00:00,20/08/2026 00:17:05,28/08/2026 10:08:08,,,
295692761,LT0Q8R4W1PZT1,20260827HY_COT13:15_20-HNI Dong Da 5 Hub+20-HNI Dong Da 6 Hub_PU293101,,100,27/08/2026 00:00:00,20/08/2026 00:17:05,28/08/2026 02:01:16,,,
295692760,LT0Q8R4W1PZS1,20260827HY_COT21:15_21-HNI Dong Anh 5 Hub+21-HNI Dong Anh 7 Hub+21-HNI Dong Anh 6 Hub_PU292101,,100,27/08/2026 00:00:00,20/08/2026 00:17:05,28/08/2026 10:08:08,,,
295692759,LT0Q8R4W1PZR1,20260827HY_COT13:15_21-HNI Dong Anh 5 Hub+21-HNI Dong Anh 7 Hub+21-HNI Dong Anh 6 Hub_PU292101,,100,27/08/2026 00:00:00,20/08/2026 00:17:05,28/08/2026 02:01:16,,,
295692757,LT0Q8R4W1PZP1,20260827HY_COT21:15_20-HNI Hai Ba Trung 5 Hub+20-HNI Hai Ba Trung 4 Hub_PU291101,,100,27/08/2026 00:00:00,20/08/2026 00:17:05,28/08/2026 10:08:08,,,
295692756,LT0Q8R4W1PZO1,20260827HY_COT21:15_21-HNI Soc Son 2 Hub+21-HNI Soc Son 5 Hub_PU290101,,100,27/08/2026 00:00:00,20/08/2026 00:17:05,28/08/2026 10:08:08,,,
295692755,LT0Q8R4W1PZN1,20260827HY_COT13:15_21-HNI Soc Son 3 Hub+21-HNI Soc Son 4 Hub_PU290101,,100,27/08/2026 00:00:00,20/08/2026 00:17:05,28/08/2026 02:01:16,,,
295692754,LT0Q8R4W1PZM1,20260827HY_COT21:15_21-HNI Thanh Tri Hub+21-HNI Thanh Tri 5 Hub_PU289101,,100,27/08/2026 00:00:00,20/08/2026 00:17:05,28/08/2026 10:08:08,,,
295692753,LT0Q8R4W1PZL1,20260827HY_COT13:15_21-HNI My Duc 2 Hub+21-HNI My Duc Hub_PU289101,,100,27/08/2026 00:00:00,20/08/2026 00:17:05,28/08/2026 02:01:16,,,
295692752,LT0Q8R4W1PZK1,20260827HY_COT13:15_21-HNI Phu Xuyen Hub+21-HNI Phu Xuyen 3 Hub_PU288101,,100,27/08/2026 00:00:00,20/08/2026 00:17:05,28/08/2026 02:01:16,,,
295692751,LT0Q8R4W1PZJ1,20260827HY_COT21:15_21-HNI Phu Xuyen 2 Hub+21-HNI Phu Xuyen 4 Hub_PU288101,,100,27/08/2026 00:00:00,20/08/2026 00:17:05,28/08/2026 10:08:08,,,
295692749,LT0Q8R4W1PZH1,20260827HY_COT13:15_21-HNI Me Linh 3 Hub+21-HNI Me Linh Hub+21-HNI Me Linh 2 Hub_PU287101,,100,27/08/2026 00:00:00,20/08/2026 00:17:05,28/08/2026 02:01:16,,,
295692746,LT0Q8R4W1PZE1,20260827HY_COT21:15_21-HNI Thuong Tin 2 Hub+21-HNI Thuong Tin 4 Hub_PU283101,,100,27/08/2026 00:00:00,20/08/2026 00:17:05,28/08/2026 10:08:08,,,
295692745,LT0Q8R4W1PZD1,20260827HY_COT13:15_21-HNI Thuong Tin 2 Hub+21-HNI Thuong Tin 4 Hub_PU283101,,100,27/08/2026 00:00:00,20/08/2026 00:17:05,28/08/2026 02:01:15,,,
295692744,LT0Q8R4W1PZC1,20260827HY_COT21:15_20-HNI Long Bien Hub+20-HNI Long Bien 2 Hub_PU279101,,100,27/08/2026 00:00:00,20/08/2026 00:17:05,28/08/2026 10:08:07,,,
295692743,LT0Q8R4W1PZB1,20260827HY_COT13:15_20-HNI Long Bien Hub+20-HNI Long Bien 2 Hub_PU279101,,100,27/08/2026 00:00:00,20/08/2026 00:17:05,28/08/2026 02:01:15,,,
295692742,LT0Q8R4W1PZA1,20260827HY_COT21:15_21-HNI Dong Anh 3 Hub+21-HNI Dong Anh 2 Hub_PU273101,,100,27/08/2026 00:00:00,20/08/2026 00:17:05,28/08/2026 10:08:07,,,
295692741,LT0Q8R4W1PZ91,20260827HY_COT13:15_21-HNI Dong Anh 3 Hub+21-HNI Dong Anh 2 Hub_PU273101,,100,27/08/2026 00:00:00,20/08/2026 00:17:05,28/08/2026 02:01:15,,,
295692740,LT0Q8R4W1PZ81,20260827HY_COT21:15_21-HNI Ung Hoa 2 Hub+21-HNI Ung Hoa Hub_PU272101,,100,27/08/2026 00:00:00,20/08/2026 00:17:05,28/08/2026 10:08:07,,,
295692739,LT0Q8R4W1PZ71,20260827HY_COT13:15_21-HNI Ung Hoa 2 Hub+21-HNI Ung Hoa Hub_PU272101,,100,27/08/2026 00:00:00,20/08/2026 00:17:05,28/08/2026 02:01:15,,,
295692738,LT0Q8R4W1PZ61,20260827HY_COT13:15_21-HNI Thanh Tri 3 Hub_PU270101,,100,27/08/2026 00:00:00,20/08/2026 00:17:05,28/08/2026 02:01:15,,,
295692737,LT0Q8R4W1PZ51,20260827HY_COT21:15_21-HNI Thanh Tri 3 Hub_PU270101,,100,27/08/2026 00:00:00,20/08/2026 00:17:05,28/08/2026 10:08:07,,,
295692736,LT0Q8R4W1PZ41,20260827HY_COT21:15_21-HNI Thanh Oai Hub+21-HNI Thanh Oai 3 Hub_PU267101,,100,27/08/2026 00:00:00,20/08/2026 00:17:05,28/08/2026 10:08:07,,,
295692735,LT0Q8R4W1PZ31,20260827HY_COT13:15_21-HNI Thanh Oai Hub+21-HNI Thanh Oai 3 Hub_PU267101,,100,27/08/2026 00:00:00,20/08/2026 00:17:05,28/08/2026 02:01:15,,,
295692734,LT0Q8R4W1PZ21,20260827HY_COT13:15_21-HNI Thanh Tri 7 Hub+21-HNI Thanh Tri 8 Hub_PU263101,,100,27/08/2026 00:00:00,20/08/2026 00:17:04,28/08/2026 02:01:15,,,
295692733,LT0Q8R4W1PZ11,20260827HY_COT21:15_21-HNI Thanh Tri 7 Hub+21-HNI Thanh Tri 8 Hub_PU263101,,100,27/08/2026 00:00:00,20/08/2026 00:17:04,28/08/2026 10:08:07,,,
295692732,LT0Q8R4W1PZ01,20260827HY_COT21:15_20-HNI Ba Dinh 2 Hub+20-HNI Ba Dinh 3 Hub+20-HNI Ba Dinh 4 Hub_PU262101,,100,27/08/2026 00:00:00,20/08/2026 00:17:04,28/08/2026 10:08:07,,,
295692731,LT0Q8R4W1PYZ1,20260827HY_COT13:15_20-HNI Ba Dinh 2 Hub+20-HNI Ba Dinh 3 Hub+20-HNI Ba Dinh 4 Hub_PU262101,,100,27/08/2026 00:00:00,20/08/2026 00:17:04,28/08/2026 02:01:14,,,
295692368,LT0Q8R4W1POW1,20260827HY_COT21:15_20-HNI Hoang Mai 3 Hub_33101,,100,27/08/2026 00:00:00,20/08/2026 00:16:56,28/08/2026 10:08:06,,,
295692339,LT0Q8R4W1PO31,20260827HY_COT21:15_20-HNI Hoang Mai Hub+20-HNI Hoang Mai 3 Hub_28601,,100,27/08/2026 00:00:00,20/08/2026 00:16:55,28/08/2026 10:08:06,,,
295692338,LT0Q8R4W1PO21,20260827HY_COT13:15_20-HNI Hoang Mai Hub+20-HNI Hoang Mai 3 Hub_28601,,100,27/08/2026 00:00:00,20/08/2026 00:16:55,28/08/2026 02:01:04,,,
295692336,LT0Q8R4W1PO01,20260827HY_COT13:15_21-HNI Gia Lam 3 Hub+21-HNI Gia Lam 7 Hub_28501,,100,27/08/2026 00:00:00,20/08/2026 00:16:55,28/08/2026 02:01:04,,,
295692334,LT0Q8R4W1PNY1,20260827HY_COT13:15_21-HNI Thanh Tri 2 Hub+21-HNI Thanh Tri 6 Hub_28201,,100,27/08/2026 00:00:00,20/08/2026 00:16:55,28/08/2026 02:01:04,,,
295692333,LT0Q8R4W1PNX1,20260827HY_COT13:15_21-HNI Gia Lam 8 Hub+21-HNI Gia Lam 5 Hub_28001,,100,27/08/2026 00:00:00,20/08/2026 00:16:55,28/08/2026 02:01:04,,,
295692331,LT0Q8R4W1PNV1,20260827HY_COT21:15_20-HNI Long Bien 4 Hub_27801,,100,27/08/2026 00:00:00,20/08/2026 00:16:55,28/08/2026 10:08:06,,,
295692330,LT0Q8R4W1PNU1,20260827HY_COT13:15_20-HNI Long Bien 4 Hub_27801,,100,27/08/2026 00:00:00,20/08/2026 00:16:55,28/08/2026 02:01:03,,,
295692329,LT0Q8R4W1PNT1,20260827HY_COT13:15_20-HNI Hoang Mai 2 Hub_27701,,100,27/08/2026 00:00:00,20/08/2026 00:16:55,28/08/2026 02:01:03,,,
295692328,LT0Q8R4W1PNS1,20260827HY_COT21:15_20-HNI Hoang Mai 2 Hub_27701,,100,27/08/2026 00:00:00,20/08/2026 00:16:55,28/08/2026 10:08:06,,,
295692326,LT0Q8R4W1PNQ1,20260827HY_COT13:15_20-HNI Hoang Mai 4 Hub+20-HNI Hoang Mai 6 Hub_27601,,100,27/08/2026 00:00:00,20/08/2026 00:16:55,28/08/2026 02:01:03,,,
295692325,LT0Q8R4W1PNP1,20260827HY_COT21:15_20-HNI Hoang Mai 2 Hub_27501,,100,27/08/2026 00:00:00,20/08/2026 00:16:55,28/08/2026 10:08:06,,,
295692324,LT0Q8R4W1PNO1,20260827HY_COT13:15_21-HNI Gia Lam Hub_27501,,100,27/08/2026 00:00:00,20/08/2026 00:16:55,28/08/2026 02:01:03,,,
295692322,LT0Q8R4W1PNM1,20260827HY_COT13:15_20-HNI Hoang Mai 7 Hub+20-HNI Hoang Mai 5 Hub_27101,,100,27/08/2026 00:00:00,20/08/2026 00:16:55,28/08/2026 02:01:03,,,
295692321,LT0Q8R4W1PNL1,20260827HY_COT21:15_21-HNI Gia Lam 2 Hub+21-HNI Gia Lam 4 Hub_26901,,100,27/08/2026 00:00:00,20/08/2026 00:16:55,28/08/2026 10:08:06,,,
295692320,LT0Q8R4W1PNK1,20260827HY_COT13:15_21-HNI Gia Lam 2 Hub+21-HNI Gia Lam 4 Hub_26901,,100,27/08/2026 00:00:00,20/08/2026 00:16:55,28/08/2026 02:01:03,,,
295692319,LT0Q8R4W1PNJ1,20260827HY_COT21:30_21-HNI Gia Lam 6 Hub+21-HNI Gia Lam CH_26801,,100,27/08/2026 00:00:00,20/08/2026 00:16:55,28/08/2026 10:08:06,,,
295692318,LT0Q8R4W1PNI1,20260827HY_COT14:00_21-HNI Gia Lam 6 Hub+21-HNI Gia Lam CH_26801,,100,27/08/2026 00:00:00,20/08/2026 00:16:55,28/08/2026 03:02:37,,,
295692317,LT0Q8R4W1PNH1,20260827HY_COT21:15_20-HNI Dong Da 7 Hub+20-HNI Dong Da 8 Hub_26601,,100,27/08/2026 00:00:00,20/08/2026 00:16:55,28/08/2026 10:08:05,,,
295692316,LT0Q8R4W1PNG1,20260827HY_COT13:15_20-HNI Dong Da 7 Hub+20-HNI Dong Da 8 Hub_26601,,100,27/08/2026 00:00:00,20/08/2026 00:16:55,28/08/2026 02:01:03,,,
295692315,LT0Q8R4W1PNF1,20260827HY_COT13:15_20-HNI Hai Ba Trung Hub+20-HNI Hai Ba Trung 2 Hub_26501,,100,27/08/2026 00:00:00,20/08/2026 00:16:54,28/08/2026 02:01:03,,,
295692314,LT0Q8R4W1PNE1,20260827HY_COT21:15_20-HNI Hai Ba Trung Hub+20-HNI Hai Ba Trung 2 Hub_26501,,100,27/08/2026 00:00:00,20/08/2026 00:16:54,28/08/2026 10:08:05,,,
295692313,LT0Q8R4W1PND1,20260827HY_COT21:15_20-HNI Hoan Kiem 2 Hub+20-HNI Hoan Kiem Hub+20-HNI Ba Dinh Hub_26401,,100,27/08/2026 00:00:00,20/08/2026 00:16:54,28/08/2026 10:08:05,,,
295692312,LT0Q8R4W1PNC1,20260827HY_COT13:15_20-HNI Hoan Kiem 2 Hub+20-HNI Hoan Kiem Hub+20-HNI Ba Dinh Hub_26401,,100,27/08/2026 00:00:00,20/08/2026 00:16:54,28/08/2026 02:01:02,,,
295691933,LT0Q8R4W1PCT1,20260827HY_COT13:15_21-HNI Thuong Tin 3 Hub+21-HNI Thuong Tin Hub_PU30301,,100,27/08/2026 00:00:00,20/08/2026 00:16:46,28/08/2026 02:00:53,,,
295691932,LT0Q8R4W1PCS1,20260827HY_COT21:15_20-HNI Dong Da 4 Hub+20-HNI Dong Da 10 Hub_PU30301,,100,27/08/2026 00:00:00,20/08/2026 00:16:46,28/08/2026 10:08:05,,,
295691931,LT0Q8R4W1PCR1,20260827HY_COT21:15_20-HNI Hai Ba Trung 3 Hub+20-HNI Hai Ba Trung 6 Hub_PU30201,,100,27/08/2026 00:00:00,20/08/2026 00:16:46,28/08/2026 10:08:05,,,
295691929,LT0Q8R4W1PCP1,20260827HY_COT21:15_21-HNI Thanh Oai 2 Hub+21-HNI Thanh Oai 4 Hub_PU30101,,100,27/08/2026 00:00:00,20/08/2026 00:16:46,28/08/2026 10:08:05,,,
295691928,LT0Q8R4W1PCO1,20260827HY_COT13:15_21-HNI Thanh Oai 4 Hub+21-HNI Thanh Oai 2 Hub_PU30101,,100,27/08/2026 00:00:00,20/08/2026 00:16:46,28/08/2026 02:00:52,,,
295691927,LT0Q8R4W1PCN1,20260827HY_COT21:15_21-HNI My Duc Hub+21-HNI My Duc 2 Hub_PU30001,,100,27/08/2026 00:00:00,20/08/2026 00:16:45,28/08/2026 10:08:05,,,
295691926,LT0Q8R4W1PCM1,20260827HY_COT13:15_20-HNI Hai Ba Trung 5 Hub+20-HNI Hai Ba Trung 4 Hub_PU30001,,100,27/08/2026 00:00:00,20/08/2026 00:16:45,28/08/2026 02:00:52,,,
295691925,LT0Q8R4W1PCL1,20260827HY_COT21:15_21-HNI Dong Anh 4 Hub+21-HNI Dong Anh Hub_PU29901,,100,27/08/2026 00:00:00,20/08/2026 00:16:45,28/08/2026 10:08:05,,,
295691924,LT0Q8R4W1PCK1,20260827HY_COT13:15_21-HNI Dong Anh 4 Hub+21-HNI Dong Anh Hub_PU29901,,100,27/08/2026 00:00:00,20/08/2026 00:16:45,28/08/2026 02:00:52,,,
295691923,LT0Q8R4W1PCJ1,20260827HY_COT21:15_21-HNI Phu Xuyen 3 Hub+21-HNI Phu Xuyen Hub_PU29801,,100,27/08/2026 00:00:00,20/08/2026 00:16:45,28/08/2026 10:08:04,,,
295691922,LT0Q8R4W1PCI1,20260827HY_COT13:15_21-HNI Phu Xuyen 4 Hub+21-HNI Phu Xuyen 2 Hub_PU29801,,100,27/08/2026 00:00:00,20/08/2026 00:16:45,28/08/2026 02:00:52,,,
295691920,LT0Q8R4W1PCG1,20260827HY_COT13:15_21-HNI Soc Son 2 Hub+21-HNI Soc Son 5 Hub_PU29701,,100,27/08/2026 00:00:00,20/08/2026 00:16:45,28/08/2026 02:00:52,,,
295691919,LT0Q8R4W1PCF1,20260827HY_COT13:15_21-HNI Thanh Tri 5 Hub+21-HNI Thanh Tri Hub_PU29601,,100,27/08/2026 00:00:00,20/08/2026 00:16:45,28/08/2026 02:00:52,,,
295691918,LT0Q8R4W1PCE1,20260827HY_COT21:15_21-HNI Thuong Tin Hub+21-HNI Thuong Tin 3 Hub_PU29601,,100,27/08/2026 00:00:00,20/08/2026 00:16:45,28/08/2026 10:08:04,,,
295691915,LT0Q8R4W1PCB1,20260827HY_COT21:15_20-HNI Dong Da 5 Hub+20-HNI Dong Da 6 Hub_PU29301,,100,27/08/2026 00:00:00,20/08/2026 00:16:45,28/08/2026 10:08:04,,,
295691914,LT0Q8R4W1PCA1,20260827HY_COT13:15_20-HNI Dong Da 5 Hub+20-HNI Dong Da 6 Hub_PU29301,,100,27/08/2026 00:00:00,20/08/2026 00:16:45,28/08/2026 02:00:52,,,
295691913,LT0Q8R4W1PC91,20260827HY_COT21:15_21-HNI Dong Anh 5 Hub+21-HNI Dong Anh 7 Hub+21-HNI Dong Anh 6 Hub_PU29201,,100,27/08/2026 00:00:00,20/08/2026 00:16:45,28/08/2026 10:08:04,,,
295691912,LT0Q8R4W1PC81,20260827HY_COT13:15_21-HNI Dong Anh 5 Hub+21-HNI Dong Anh 7 Hub+21-HNI Dong Anh 6 Hub_PU29201,,100,27/08/2026 00:00:00,20/08/2026 00:16:45,28/08/2026 02:00:52,,,
295691911,LT0Q8R4W1PC71,20260827HY_COT13:15_20-HNI Dong Da 4 Hub+20-HNI Dong Da 10 Hub_PU29101,,100,27/08/2026 00:00:00,20/08/2026 00:16:45,28/08/2026 02:00:51,,,
295691910,LT0Q8R4W1PC61,20260827HY_COT21:15_20-HNI Hai Ba Trung 5 Hub+20-HNI Hai Ba Trung 4 Hub_PU29101,,100,27/08/2026 00:00:00,20/08/2026 00:16:45,28/08/2026 10:08:04,,,
295691909,LT0Q8R4W1PC51,20260827HY_COT21:15_21-HNI Soc Son 2 Hub+21-HNI Soc Son 5 Hub_PU29001,,100,27/08/2026 00:00:00,20/08/2026 00:16:45,28/08/2026 10:08:04,,,
295691908,LT0Q8R4W1PC41,20260827HY_COT13:15_21-HNI Soc Son 3 Hub+21-HNI Soc Son 4 Hub_PU29001,,100,27/08/2026 00:00:00,20/08/2026 00:16:45,28/08/2026 02:00:51,,,
295691906,LT0Q8R4W1PC21,20260827HY_COT13:15_21-HNI My Duc 2 Hub+21-HNI My Duc Hub_PU28901,,100,27/08/2026 00:00:00,20/08/2026 00:16:45,28/08/2026 02:00:51,,,
295691905,LT0Q8R4W1PC11,20260827HY_COT13:15_21-HNI Phu Xuyen Hub+21-HNI Phu Xuyen 3 Hub_PU28801,,100,27/08/2026 00:00:00,20/08/2026 00:16:45,28/08/2026 02:00:51,,,
295691904,LT0Q8R4W1PC01,20260827HY_COT21:15_21-HNI Phu Xuyen 2 Hub+21-HNI Phu Xuyen 4 Hub_PU28801,,100,27/08/2026 00:00:00,20/08/2026 00:16:45,28/08/2026 10:08:04,,,
295691903,LT0Q8R4W1PBZ1,20260827HY_COT21:15_21-HNI Me Linh 3 Hub+21-HNI Me Linh Hub+21-HNI Me Linh 2 Hub_PU28701,,100,27/08/2026 00:00:00,20/08/2026 00:16:45,28/08/2026 10:08:03,,,
295691901,LT0Q8R4W1PBX1,20260827HY_COT13:15_20-HNI Long Bien 3 Hub+20-HNI Long Bien 5 Hub_PU28401,29H-776.90,100,27/08/2026 00:00:00,20/08/2026 00:16:45,28/08/2026 02:00:51,,,
295691900,LT0Q8R4W1PBW1,20260827HY_COT21:15_20-HNI Long Bien 3 Hub+20-HNI Long Bien 5 Hub_PU28401,,100,27/08/2026 00:00:00,20/08/2026 00:16:45,28/08/2026 10:08:03,,,
295691899,LT0Q8R4W1PBV1,20260827HY_COT21:15_21-HNI Thuong Tin 2 Hub+21-HNI Thuong Tin 4 Hub_PU28301,,100,27/08/2026 00:00:00,20/08/2026 00:16:45,28/08/2026 10:08:03,,,
295691897,LT0Q8R4W1PBT1,20260827HY_COT21:15_20-HNI Long Bien Hub+20-HNI Long Bien 2 Hub_PU27901,,100,27/08/2026 00:00:00,20/08/2026 00:16:45,28/08/2026 10:08:03,,,
295691896,LT0Q8R4W1PBS1,20260827HY_COT13:15_20-HNI Long Bien Hub+20-HNI Long Bien 2 Hub_PU27901,,100,27/08/2026 00:00:00,20/08/2026 00:16:45,28/08/2026 02:00:51,,,
295691895,LT0Q8R4W1PBR1,20260827HY_COT21:15_21-HNI Dong Anh 3 Hub+21-HNI Dong Anh 2 Hub_PU27301,,100,27/08/2026 00:00:00,20/08/2026 00:16:45,28/08/2026 10:08:03,,,
295691894,LT0Q8R4W1PBQ1,20260827HY_COT13:15_21-HNI Dong Anh 3 Hub+21-HNI Dong Anh 2 Hub_PU27301,,100,27/08/2026 00:00:00,20/08/2026 00:16:45,28/08/2026 02:00:51,,,
295691893,LT0Q8R4W1PBP1,20260827HY_COT21:15_21-HNI Ung Hoa 2 Hub+21-HNI Ung Hoa Hub_PU27201,,100,27/08/2026 00:00:00,20/08/2026 00:16:45,28/08/2026 10:08:03,,,
295691892,LT0Q8R4W1PBO1,20260827HY_COT13:15_21-HNI Ung Hoa 2 Hub+21-HNI Ung Hoa Hub_PU27201,,100,27/08/2026 00:00:00,20/08/2026 00:16:45,28/08/2026 02:00:50,,,
295691889,LT0Q8R4W1PBL1,20260827HY_COT21:15_21-HNI Thanh Oai Hub+21-HNI Thanh Oai 3 Hub_PU26701,,100,27/08/2026 00:00:00,20/08/2026 00:16:45,28/08/2026 10:08:03,,,
295691887,LT0Q8R4W1PBJ1,20260827HY_COT13:15_21-HNI Thanh Tri 7 Hub+21-HNI Thanh Tri 8 Hub_PU26301,,100,27/08/2026 00:00:00,20/08/2026 00:16:44,28/08/2026 02:00:50,,,
295691886,LT0Q8R4W1PBI1,20260827HY_COT21:15_21-HNI Thanh Tri 7 Hub+21-HNI Thanh Tri 8 Hub_PU26301,,100,27/08/2026 00:00:00,20/08/2026 00:16:44,28/08/2026 10:08:03,,,
295691885,LT0Q8R4W1PBH1,20260827HY_COT21:15_20-HNI Ba Dinh 2 Hub+20-HNI Ba Dinh 3 Hub+20-HNI Ba Dinh 4 Hub_PU26201,,100,27/08/2026 00:00:00,20/08/2026 00:16:44,28/08/2026 10:08:02,,,
295691526,LT0Q8R4W1P1I1,2026082720-HNI Long Bien 4_2Long Bien 420-HNI Long Bien 6 HubHY SOC_COT13:00_PU_adhoc2301,,100,27/08/2026 00:00:00,20/08/2026 00:16:36,28/08/2026 02:00:42,,,
295691525,LT0Q8R4W1P1H1,2026082720-HNI Long Bien 4_2Long Bien 420-HNI Long Bien 6 HubHY SOC_COT13:00_PU_adhoc201,,100,27/08/2026 00:00:00,20/08/2026 00:16:36,28/08/2026 02:00:42,,,
295691524,LT0Q8R4W1P1G1,2026082720-HNI Long Bien 4_2Long Bien 420-HNI Long Bien 6 HubHY SOC_COT13:00_PU_adhoc01,,100,27/08/2026 00:00:00,20/08/2026 00:16:36,28/08/2026 02:00:42,,,
295691514,LT0Q8R4W1P161,2026082720-HNI Tu Liem 4_2Tu Liem 420-HNI Bac Tu Liem 5 HubHung Yen SOC_COT21:00_PU_adhoc201,,100,27/08/2026 00:00:00,20/08/2026 00:16:36,28/08/2026 10:08:02,,,
295691513,LT0Q8R4W1P151,2026082720-HNI Tu Liem 4_2Tu Liem 420-HNI Bac Tu Liem 5 HubHung Yen SOC_COT21:00_PU_adhoc101,,100,27/08/2026 00:00:00,20/08/2026 00:16:36,28/08/2026 10:08:02,,,
295691512,LT0Q8R4W1P141,2026082720-HNI Tu Liem 4_2Tu Liem 420-HNI Bac Tu Liem 5 HubHung Yen SOC_COT21:00_PU_adhoc01,,100,27/08/2026 00:00:00,20/08/2026 00:16:36,28/08/2026 10:08:02,,,
295689119,LT0Q8R4W1N6N1,2026082721-HNI Gia Lam 7_2Gia Lam 321-HNI Gia Lam 3 Hub21-Hung Yen SOC_COT14:00_PU_adhoc01,,100,27/08/2026 00:00:00,20/08/2026 00:15:41,28/08/2026 03:02:37,,,
295689118,LT0Q8R4W1N6M1,2026082721-HNI Gia Lam 3_2Gia Lam 321-HNI Gia Lam 7 Hub21-HNI Gia Lam 8 HubHung Yen SOC_COT14:00_PU_adhoc01,,100,27/08/2026 00:00:00,20/08/2026 00:15:41,28/08/2026 03:02:36,,,
295685981,LT0Q8R4W1KRH1,2026082721-HNI Gia Lam 7_2Gia Lam 721-HNI Gia Lam 3 Hub21-HNI Gia Lam 8Hung Yen SOC_COT13:00_PU_adhoc1…01,,100,27/08/2026 00:00:00,20/08/2026 00:14:25,28/08/2026 02:00:40,,,
295685980,LT0Q8R4W1KRG1,2026082721-HNI Gia Lam 7_2Gia Lam 721-HNI Gia Lam 3 Hub21-HNI Gia Lam 8Hung Yen SOC_COT13:00_PU_adhoc….01,,100,27/08/2026 00:00:00,20/08/2026 00:14:25,28/08/2026 02:00:40,,,
295685977,LT0Q8R4W1KRD1,2026082720-HNI Hoan Kiem 2_2Hoan Kiem 220-HNI Hoan Kiem HubHung Yen SOC_COT20:00_PU_adhoc101,,100,27/08/2026 00:00:00,20/08/2026 00:14:25,28/08/2026 09:00:07,,,
295685976,LT0Q8R4W1KRC1,2026082720-HNI Hoan Kiem 2_2Hoan Kiem 220-HNI Hoan Kiem HubHung Yen SOC_COT20:00_PU_adhoc01,,100,27/08/2026 00:00:00,20/08/2026 00:14:25,28/08/2026 09:00:07,,,
295685974,LT0Q8R4W1KRA1,2026082720-HNI Hoan Kiem 2_2Hoan Kiem 220-HNI Hoan Kiem HubHung Yen SOC_COT13:00_PU_adhoc01,,100,27/08/2026 00:00:00,20/08/2026 00:14:25,28/08/2026 02:00:40,,,
295685973,LT0Q8R4W1KR91,2026082720-HNI Hai Ba Trung 3_2Hai Ba Trung 520-HNI Hai Ba Trung 4 Hub20-HNI Hai Ba Trung 7 HubHung Yen SOC_COT14:00_PU_adhoc……1101,,100,27/08/2026 00:00:00,20/08/2026 00:14:25,28/08/2026 03:00:54,,,
295685972,LT0Q8R4W1KR81,2026082720-HNI Hai Ba Trung 3_2Hai Ba Trung 520-HNI Hai Ba Trung 4 Hub20-HNI Hai Ba Trung 7 HubHung Yen SOC_COT14:00_PU_adhoc……01,,100,27/08/2026 00:00:00,20/08/2026 00:14:25,28/08/2026 03:00:54,,,
295685971,LT0Q8R4W1KR71,2026082720-HNI Hai Ba Trung 8_2Hai Ba Trung 820-HNI Hai Ba Trung 6 Hub20-HNI Hai Ba Trung 7 HubHung Yen SOC_COT14:00_PU_adhoc01,,100,27/08/2026 00:00:00,20/08/2026 00:14:25,28/08/2026 03:00:54,,,
295685970,LT0Q8R4W1KR61,2026082720-HNI Hai Ba Trung 8_2Hai Ba Trung 820-HNI Hai Ba Trung 6 Hub20-HNI Hai Ba Trung 7 HubHung Yen SOC_COT14:00_PU_adhoc……01,,100,27/08/2026 00:00:00,20/08/2026 00:14:25,28/08/2026 03:00:54,,,
295685969,LT0Q8R4W1KR51,2026082721-HNI Chuong My 3_2Chuong My 321-HNI Chuong My 4 HubHung Yen SOC_COT13:00_PU_adhoc101,,100,27/08/2026 00:00:00,20/08/2026 00:14:25,28/08/2026 02:00:40,,,
295685968,LT0Q8R4W1KR41,2026082721-HNI Chuong My 3_2Chuong My 321-HNI Chuong My 4 HubHung Yen SOC_COT13:00_PU_adhoc01,,100,27/08/2026 00:00:00,20/08/2026 00:14:25,28/08/2026 02:00:40,,,
295685967,LT0Q8R4W1KR31,2026082721-HNI Phu Xuyen 4_2Phu Xuyen 4Hung Yen SOC_COT20:00_PU_adhoc201,,100,27/08/2026 00:00:00,20/08/2026 00:14:25,28/08/2026 09:00:07,,,
295685965,LT0Q8R4W1KR11,2026082721-HNI Phu Xuyen 4_2Phu Xuyen 4Hung Yen SOC_COT20:00_PU_adhoc01,,100,27/08/2026 00:00:00,20/08/2026 00:14:25,28/08/2026 09:00:07,,,
295685964,LT0Q8R4W1KR01,2026082720-HNI Hai Ba Trung 8_2Hai Ba Trung 820-HNI Hai Ba Trung 6 HubHung Yen SOC_COT20:00_PU_adhoc201,,100,27/08/2026 00:00:00,20/08/2026 00:14:25,28/08/2026 09:00:07,,,
295685963,LT0Q8R4W1KQZ1,2026082720-HNI Hai Ba Trung 8_2Hai Ba Trung 820-HNI Hai Ba Trung 6 HubHung Yen SOC_COT20:00_PU_adhoc101,,100,27/08/2026 00:00:00,20/08/2026 00:14:25,28/08/2026 09:00:07,,,
295685962,LT0Q8R4W1KQY1,2026082720-HNI Hai Ba Trung 8_2Hai Ba Trung 820-HNI Hai Ba Trung 6 HubHung Yen SOC_COT20:00_PU_adhoc01,,100,27/08/2026 00:00:00,20/08/2026 00:14:25,28/08/2026 09:00:06,,,
295685958,LT0Q8R4W1KQU1,2026082720-HNI Tu Liem 4_2Tu Liem 420-HNI Bac Tu Liem 5 HubHung Yen SOC_COT14:00_PU_adhoc201,,100,27/08/2026 00:00:00,20/08/2026 00:14:24,28/08/2026 03:00:54,,,
295685957,LT0Q8R4W1KQT1,2026082720-HNI Tu Liem 4_2Tu Liem 420-HNI Bac Tu Liem 5 HubHung Yen SOC_COT14:00_PU_adhoc101,,100,27/08/2026 00:00:00,20/08/2026 00:14:24,28/08/2026 03:00:54,,,
295685956,LT0Q8R4W1KQS1,2026082720-HNI Tu Liem 4_2Tu Liem 420-HNI Bac Tu Liem 5 HubHung Yen SOC_COT14:00_PU_adhoc01,,100,27/08/2026 00:00:00,20/08/2026 00:14:24,28/08/2026 03:00:54,,,
295685955,LT0Q8R4W1KQR1,2026082720-HNI Dong Da_2Dong Da20-HNI Dong Da 02 HubHung Yen SOC_COT14:00_PU_adhoc201,,100,27/08/2026 00:00:00,20/08/2026 00:14:24,28/08/2026 03:00:53,,,
295685954,LT0Q8R4W1KQQ1,2026082720-HNI Dong Da_2Dong Da20-HNI Dong Da 02 HubHung Yen SOC_COT14:00_PU_adhoc101,,100,27/08/2026 00:00:00,20/08/2026 00:14:24,28/08/2026 03:00:53,,,
295685953,LT0Q8R4W1KQP1,2026082720-HNI Dong Da_2Dong Da20-HNI Dong Da 02 HubHung Yen SOC_COT14:00_PU_adhoc01,,100,27/08/2026 00:00:00,20/08/2026 00:14:24,28/08/2026 03:00:53,,,
295678388,LT0Q8R4W1EWK1,2026082720-HNI Dong Da 4_2Dong Da 420-HNI Dong Da 5 Hub20-HNI Dong Da 6 HubHung Yen SOC_COT14:00_PU_adhoc01,,100,27/08/2026 00:00:00,20/08/2026 00:11:28,28/08/2026 03:00:53,,,
295678378,LT0Q8R4W1EWA1,2026082720-HNI Dong Da 5_2Dong Da 520-HNI Dong Da 620-HNI Dong Da 4 HubHung Yen SOC_COT13:00_PU_adhoc01,,100,27/08/2026 00:00:00,20/08/2026 00:11:28,28/08/2026 02:00:40,,,
295678372,LT0Q8R4W1EW41,2026082721-HNI Gia Lam 7_2Gia Lam 721-HNI Gia Lam 3 HubHung Yen SOC_COT13:00_PU_adhoc101,,100,27/08/2026 00:00:00,20/08/2026 00:11:28,28/08/2026 02:00:39,,,
295678371,LT0Q8R4W1EW31,2026082721-HNI Gia Lam 7_2Gia Lam 721-HNI Gia Lam 3 HubHung Yen SOC_COT13:00_PU_adhoc01,,100,27/08/2026 00:00:00,20/08/2026 00:11:28,28/08/2026 02:00:39,,,
295678355,LT0Q8R4W1EVN1,2026082721-HNI Phuc Tho 3_2Phuc Tho 321-HNI Phuc Tho HubHung Yen SOC_COT12:00_PU_adhoc01,,100,27/08/2026 00:00:00,20/08/2026 00:11:27,28/08/2026 01:00:29,,,
295678310,LT0Q8R4W1EUE1,2026082720-HNI Hai Ba Trung 6_2Hai Ba Trung 620-HNI Hai Ba Trung 7 HubHung Yen SOC_COT14:00_PU_adhoc101,,100,27/08/2026 00:00:00,20/08/2026 00:11:26,28/08/2026 03:00:52,,,
295678309,LT0Q8R4W1EUD1,2026082720-HNI Hai Ba Trung 6_2Hai Ba Trung 620-HNI Hai Ba Trung 7 HubHung Yen SOC_COT14:00_PU_adhoc01,,100,27/08/2026 00:00:00,20/08/2026 00:11:26,28/08/2026 03:00:52,,,
295678308,LT0Q8R4W1EUC1,2026082721-HNI Thuong Tin _2Thuong Tin 21-HNI Thuong Tin 3 HubHung Yen SOC_COT14:00_PU_adhoc101,,100,27/08/2026 00:00:00,20/08/2026 00:11:26,28/08/2026 03:00:52,,,
295678307,LT0Q8R4W1EUB1,2026082721-HNI Thuong Tin _2Thuong Tin 21-HNI Thuong Tin 3 HubHung Yen SOC_COT14:00_PU_adhoc01,,100,27/08/2026 00:00:00,20/08/2026 00:11:26,28/08/2026 03:00:52,,,
295678306,LT0Q8R4W1EUA1,2026082721-HNI Thuong Tin 2_2Thuong Tin 221-HNI Thuong Tin 4 HubHung Yen SOC_COT14:00_PU_adhoc101,,100,27/08/2026 00:00:00,20/08/2026 00:11:26,28/08/2026 03:00:51,,,
295678305,LT0Q8R4W1EU91,2026082721-HNI Thuong Tin 2_2Thuong Tin 221-HNI Thuong Tin 4 HubHung Yen SOC_COT14:00_PU_adhoc01,,100,27/08/2026 00:00:00,20/08/2026 00:11:26,28/08/2026 03:00:51,,,
295678304,LT0Q8R4W1EU81,2026082721-HNI Thanh tri 2_2Thanh tri 221-HNI Thanh tri 6 HubHung Yen SOC_COT14:00_PU_adhoc101,,100,27/08/2026 00:00:00,20/08/2026 00:11:26,28/08/2026 03:00:51,,,
295678303,LT0Q8R4W1EU71,2026082721-HNI Thanh tri 2_2Thanh tri 221-HNI Thanh tri 6 HubHung Yen SOC_COT14:00_PU_adhoc01,,100,27/08/2026 00:00:00,20/08/2026 00:11:26,28/08/2026 03:00:51,,,
295678302,LT0Q8R4W1EU61,2026082720-HNI Hoang Mai 7_2Hoang Mai 720-HNI Hoang Mai 5 HubHung Yen SOC_COT14:00_PU_adhoc201,,100,27/08/2026 00:00:00,20/08/2026 00:11:26,28/08/2026 03:00:51,,,
295678301,LT0Q8R4W1EU51,2026082720-HNI Hoang Mai 7_2Hoang Mai 720-HNI Hoang Mai 5 HubHung Yen SOC_COT14:00_PU_adhoc101,,100,27/08/2026 00:00:00,20/08/2026 00:11:26,28/08/2026 03:00:51,,,
295678299,LT0Q8R4W1EU31,2026082721-HNI Dong Anh _2Dong Anh 21-HNI Dong Anh 4 HubHung Yen SOC_COT14:00_PU_adhoc201,,100,27/08/2026 00:00:00,20/08/2026 00:11:26,28/08/2026 03:00:51,,,
295678298,LT0Q8R4W1EU21,2026082721-HNI Dong Anh _2Dong Anh 21-HNI Dong Anh 4 HubHung Yen SOC_COT14:00_PU_adhoc101,,100,27/08/2026 00:00:00,20/08/2026 00:11:26,28/08/2026 03:00:50,,,
295678281,LT0Q8R4W1ETL1,2026082721-HNI Phu Xuyen_2Phu Xuyen21-HNI Phu Xuyen 4 HubHung Yen SOC_COT13:00_PU_adhoc201,,100,27/08/2026 00:00:00,20/08/2026 00:11:26,28/08/2026 02:00:38,,,
295678280,LT0Q8R4W1ETK1,2026082721-HNI Phu Xuyen_2Phu Xuyen21-HNI Phu Xuyen 4 HubHung Yen SOC_COT13:00_PU_adhoc101,,100,27/08/2026 00:00:00,20/08/2026 00:11:26,28/08/2026 02:00:37,,,
295678279,LT0Q8R4W1ETJ1,2026082720-HNI Hoang Mai 4_2Hoang Mai 420-HNI Hoang Mai 6Hung Yen SOC_COT14:00_PU_adhoc201,,100,27/08/2026 00:00:00,20/08/2026 00:11:26,28/08/2026 03:00:50,,,
295678278,LT0Q8R4W1ETI1,2026082720-HNI Hoang Mai 4_2Hoang Mai 420-HNI Hoang Mai 6Hung Yen SOC_COT14:00_PU_adhoc101,,100,27/08/2026 00:00:00,20/08/2026 00:11:26,28/08/2026 03:00:50,,,
295678275,LT0Q8R4W1ETF1,2026082721-HNI Soc Son 3_2Soc Son 321-HNI Soc Son 4 Hub21-HNI Soc Son Hub_COT22:00_PU_adhoc201,,100,27/08/2026 00:00:00,20/08/2026 00:11:26,28/08/2026 11:00:06,,,
295678274,LT0Q8R4W1ETE1,2026082721-HNI Soc Son 3_2Soc Son 321-HNI Soc Son 4 Hub21-HNI Soc Son Hub_COT22:00_PU_adhoc101,,100,27/08/2026 00:00:00,20/08/2026 00:11:26,28/08/2026 11:00:06,,,
295678273,LT0Q8R4W1ETD1,2026082721-HNI Soc Son 3_2Soc Son 321-HNI Soc Son 4 Hub21-HNI Soc Son Hub_COT22:00_PU_adhoc01,,100,27/08/2026 00:00:00,20/08/2026 00:11:26,28/08/2026 11:00:06,,,
295678272,LT0Q8R4W1ETC1,2026082721-HNI Thanh Tri 5_2Thanh Tri 521-HNI Thanh Tri HubHung Yen SOC_COT22:00_PU_adhoc201,,100,27/08/2026 00:00:00,20/08/2026 00:11:26,28/08/2026 11:00:05,,,
295678271,LT0Q8R4W1ETB1,2026082721-HNI Thanh Tri 5_2Thanh Tri 521-HNI Thanh Tri HubHung Yen SOC_COT22:00_PU_adhoc101,,100,27/08/2026 00:00:00,20/08/2026 00:11:26,28/08/2026 11:00:05,,,
295678270,LT0Q8R4W1ETA1,2026082721-HNI Thanh Tri 5_2Thanh Tri 521-HNI Thanh Tri HubHung Yen SOC_COT22:00_PU_adhoc01,,100,27/08/2026 00:00:00,20/08/2026 00:11:25,28/08/2026 11:00:05,,,
295675497,LT0Q8Q4W1CO96,20260826C23H_BD-BNA_MH06,89H-024.75,90,27/08/2026 00:00:00,20/08/2026 00:10:20,28/08/2026 20:07:47,27/08/2026 03:23:37,27/08/2026 03:23:37,SEQ 1 - BD B Mega SOC (4110) - 27/08/2026 03:23:37
295674197,LT0Q8R4W1BO51,20260827HN S_21-HNck hn2-hy2_COT21:00_DEQD_adhoc101,,100,27/08/2026 00:00:00,20/08/2026 00:09:47,28/08/2026 10:08:01,,,
295674196,LT0Q8R4W1BO41,20260827BN B_21-HNck hn2-hy2_COT21:00_DEQD_adhoc101,29E-305.56,90,27/08/2026 00:00:00,20/08/2026 00:09:47,28/08/2026 07:44:59,28/08/2026 05:33:13,28/08/2026 05:33:13,SEQ 1 - HN2 SOC (2029) - 28/08/2026 05:33:13
295674195,LT0Q8R4W1BO31,20260827HN S_21-HNck hn2-hy2_COT20:00_DEQD_adhoc101,29E-305.70,90,27/08/2026 00:00:00,20/08/2026 00:09:47,28/08/2026 04:18:17,28/08/2026 01:43:11,28/08/2026 01:43:11,SEQ 1 - HN2 SOC (2029) - 28/08/2026 01:43:11
295674194,LT0Q8R4W1BO21,20260827BN B_21-HNck hn2-hy2_COT20:00_DEQD_adhoc101,29E-298.21,90,27/08/2026 00:00:00,20/08/2026 00:09:47,28/08/2026 03:17:40,28/08/2026 01:01:24,28/08/2026 01:01:24,SEQ 1 - HN2 SOC (2029) - 28/08/2026 01:01:24
295674193,LT0Q8R4W1BO11,20260827HN S_21-HNck hn2-hy2_COT19:00_DEQD_adhoc101,29E-627.01,90,27/08/2026 00:00:00,20/08/2026 00:09:47,28/08/2026 04:45:32,27/08/2026 23:52:17,27/08/2026 23:52:17,SEQ 1 - HN2 SOC (2029) - 27/08/2026 23:52:17
295674192,LT0Q8R4W1BO01,20260827BN B_21-HNck hn2-hy2_COT19:00_DEQD_adhoc101,29H-778.69,90,27/08/2026 00:00:00,20/08/2026 00:09:47,28/08/2026 01:53:11,27/08/2026 22:57:36,27/08/2026 22:57:36,SEQ 1 - HN2 SOC (2029) - 27/08/2026 22:57:36
295674190,LT0Q8R4W1BNY1,20260827BN B_21ck hn2-hy1_COT21:00_DEQD_adhoc101,29E-305.54,90,27/08/2026 00:00:00,20/08/2026 00:09:47,28/08/2026 05:28:03,28/08/2026 02:03:22,28/08/2026 02:03:22,SEQ 1 - HN2 SOC (2029) - 28/08/2026 02:03:22
295674189,LT0Q8R4W1BNX1,20260827HN S_21ck hn2-hy1_COT20:00_DEQD_adhoc101,29E-428.67,90,27/08/2026 00:00:00,20/08/2026 00:09:47,28/08/2026 03:11:46,28/08/2026 01:01:41,28/08/2026 01:01:41,SEQ 1 - HN2 SOC (2029) - 28/08/2026 01:01:41
295674188,LT0Q8R4W1BNW1,20260827BN B_21ck hn2-hy1_COT20:00_DEQD_adhoc101,29H-805.33,90,27/08/2026 00:00:00,20/08/2026 00:09:47,28/08/2026 04:08:57,27/08/2026 23:55:52,27/08/2026 23:55:52,SEQ 1 - HN2 SOC (2029) - 27/08/2026 23:55:52
295674187,LT0Q8R4W1BNV1,20260827HN S_21ck hn2-hy1_COT19:00_DEQD_adhoc101,29E-859.72,90,27/08/2026 00:00:00,20/08/2026 00:09:47,28/08/2026 02:32:22,27/08/2026 22:46:45,27/08/2026 22:46:45,SEQ 1 - HN2 SOC (2029) - 27/08/2026 22:46:45
295674186,LT0Q8R4W1BNU1,20260827BN B_21ck hn2-hy1_COT19:00_DEQD_adhoc101,29E-297.12,90,27/08/2026 00:00:00,20/08/2026 00:09:47,28/08/2026 00:37:36,27/08/2026 22:19:42,27/08/2026 22:19:42,SEQ 1 - HN2 SOC (2029) - 27/08/2026 22:19:42
295674169,LT0Q8R4W1BND1,20260827HN S_21-HNck hn2-hy2_COT19:00_DEQD_adhoc201,29E-428.37,90,27/08/2026 00:00:00,20/08/2026 00:09:46,28/08/2026 01:07:10,27/08/2026 18:57:09,27/08/2026 18:57:09,SEQ 1 - HN2 SOC (2029) - 27/08/2026 18:57:09
295655641,LT0Q8R4W0XCP6,20260827C.T Duc Trong 6h HYen06,89H-005.52,90,27/08/2026 00:00:00,20/08/2026 00:02:35,28/08/2026 14:34:26,27/08/2026 02:48:25,28/08/2026 07:07:09,SEQ 1 - Hung Yen SOC (3909) - 27/08/2026 02:48:25 | SEQ 2 - Dien Khanh SOC (288) - 28/08/2026 07:07:09
295655634,LT0Q8R4W0XCI7,20260827C0T_2:30_QL14_._HYenSOC07,29E-516.87,90,27/08/2026 00:00:00,20/08/2026 00:02:35,28/08/2026 11:04:24,27/08/2026 04:03:47,27/08/2026 04:03:47,SEQ 1 - Hung Yen SOC (3909) - 27/08/2026 04:03:47
295655631,LT0Q8R4W0XCF4,20260827C0T_2:30_QL14_._HYenSOC04,89H-010.39,90,27/08/2026 00:00:00,20/08/2026 00:02:35,28/08/2026 18:40:06,27/08/2026 01:23:09,27/08/2026 01:23:09,SEQ 1 - Hung Yen SOC (3909) - 27/08/2026 01:23:09
295655629,LT0Q8R4W0XCD2,20260827C0T_2:30_QL14_._HYenSOC02,89H-061.59,90,27/08/2026 00:00:00,20/08/2026 00:02:35,28/08/2026 23:30:41,27/08/2026 10:08:45,27/08/2026 10:08:45,SEQ 1 - Hung Yen SOC (3909) - 27/08/2026 10:08:45
295655628,LT0Q8R4W0XCC1,20260827C0T_2:30_QL14_._HYenSOC01,29H-769.87,90,27/08/2026 00:00:00,20/08/2026 00:02:35,28/08/2026 17:42:59,26/08/2026 22:51:35,28/08/2026 05:47:54,SEQ 1 - Hung Yen SOC (3909) - 26/08/2026 22:51:35 | SEQ 3 - BMT SOC (725) - 28/08/2026 05:47:54
295655616,LT0Q8R4W0XC05,20260827TC3:30_QL1A_._HYenSOC05,89H-061.57,90,27/08/2026 00:00:00,20/08/2026 00:02:34,28/08/2026 22:46:14,27/08/2026 10:22:49,27/08/2026 10:22:49,SEQ 1 - Hung Yen SOC (3909) - 27/08/2026 10:22:49
295655615,LT0Q8R4W0XBZ4,20260827TC3:30_QL1A_._HYenSOC04,89H-094.91,90,27/08/2026 00:00:00,20/08/2026 00:02:34,28/08/2026 12:49:02,27/08/2026 02:17:24,27/08/2026 02:17:24,SEQ 1 - Hung Yen SOC (3909) - 27/08/2026 02:17:24
295655614,LT0Q8R4W0XBY3,20260827TC3:30_QL1A_._HYenSOC03,29E-035.94,90,27/08/2026 00:00:00,20/08/2026 00:02:34,28/08/2026 18:57:33,27/08/2026 05:29:58,27/08/2026 05:29:58,SEQ 1 - Hung Yen SOC (3909) - 27/08/2026 05:29:58
295655613,LT0Q8R4W0XBX2,20260827TC3:30_QL1A_._HYenSOC02,29E-353.25,90,27/08/2026 00:00:00,20/08/2026 00:02:34,28/08/2026 09:50:26,27/08/2026 02:49:40,27/08/2026 02:49:40,SEQ 1 - Hung Yen SOC (3909) - 27/08/2026 02:49:40
295655579,LT0Q8R4W0XAZ8,2026082715H_BTB_ĐÀ NẴNG08,,100,27/08/2026 00:00:00,20/08/2026 00:02:34,28/08/2026 04:00:03,,,
295655578,LT0Q8R4W0XAY7,2026082715H_BTB_ĐÀ NẴNG07,,100,27/08/2026 00:00:00,20/08/2026 00:02:34,28/08/2026 04:00:03,,,
295655577,LT0Q8R4W0XAX6,2026082715H_BTB_ĐÀ NẴNG06,,100,27/08/2026 00:00:00,20/08/2026 00:02:34,28/08/2026 04:00:03,,,
295655576,LT0Q8R4W0XAW5,2026082715H_BTB_ĐÀ NẴNG05,,100,27/08/2026 00:00:00,20/08/2026 00:02:34,28/08/2026 04:00:02,,,
295655575,LT0Q8R4W0XAV4,2026082715H_BTB_ĐÀ NẴNG04,,100,27/08/2026 00:00:00,20/08/2026 00:02:34,28/08/2026 04:00:02,,,
295655574,LT0Q8R4W0XAU3,2026082715H_BTB_ĐÀ NẴNG03,,100,27/08/2026 00:00:00,20/08/2026 00:02:34,28/08/2026 04:00:02,,,
295655573,LT0Q8R4W0XAT2,2026082715H_BTB_ĐÀ NẴNG02,,100,27/08/2026 00:00:00,20/08/2026 00:02:33,28/08/2026 04:00:02,,,
295655572,LT0Q8R4W0XAS1,2026082715H_BTB_ĐÀ NẴNG01,89H-000.41,90,27/08/2026 00:00:00,20/08/2026 00:02:33,28/08/2026 18:52:39,27/08/2026 18:07:17,28/08/2026 11:17:11,SEQ 1 - Hung Yen SOC (3909) - 27/08/2026 18:07:17 | SEQ 2 - Vinh SOC (549) - 28/08/2026 01:27:22 | SEQ 3 - Cam Xuyen SOC (834) - 28/08/2026 07:10:42 | SEQ 4 - Dong Hoi SOC (672) - 28/08/2026 11:17:11
295655557,LT0Q8R4W0XAD2,20260827COT_9H_BTB_ĐÀ NẴNG02,89H-019.16,90,27/08/2026 00:00:00,20/08/2026 00:02:33,28/08/2026 16:51:16,27/08/2026 19:30:00,27/08/2026 19:30:00,SEQ 1 - Hung Yen SOC (3909) - 27/08/2026 19:30:00
295558754,LT0Q8Q4VYULE3,20260826C20H_BDA-HN-BNA_AD03,29E-604.82,90,27/08/2026 00:00:00,19/08/2026 00:10:59,28/08/2026 17:00:01,27/08/2026 03:06:53,28/08/2026 14:49:31,SEQ 1 - BD A Mega SOC (2490) - 27/08/2026 03:06:53 | SEQ 2 - Hung Yen SOC (3909) - 28/08/2026 14:49:31
295674855,LT0Q8Q4W1C6F2,20260826C19H_BDA-HN_AD02,89H-092.07,90,26/08/2026 00:00:00,20/08/2026 00:10:03,28/08/2026 22:32:40,27/08/2026 04:26:30,27/08/2026 04:26:30,SEQ 1 - BD A Mega SOC (2490) - 27/08/2026 04:26:30
295655538,LT0Q8Q4W0X9U1,20260826C.T Duc Trong 20h HYen01,89C-023.38,90,26/08/2026 00:00:00,20/08/2026 00:02:33,28/08/2026 23:05:30,26/08/2026 21:30:16,28/08/2026 09:39:48,SEQ 1 - Hung Yen SOC (3909) - 26/08/2026 21:30:16 | SEQ 2 - Duc Trong SOC (1041) - 28/08/2026 09:39:48
295655532,LT0Q8Q4W0X9O3,20260826TC17:00_QL1A_._HYenSOC03,89H-004.93,90,26/08/2026 00:00:00,20/08/2026 00:02:33,28/08/2026 23:47:26,26/08/2026 23:18:48,28/08/2026 11:22:05,SEQ 1 - Hung Yen SOC (3909) - 26/08/2026 23:18:48 | SEQ 4 - Tuy Hoa SOC (1791) - 28/08/2026 01:06:23 | SEQ 6 - Phan Rang SOC (1579) - 28/08/2026 11:22:05
295655531,LT0Q8Q4W0X9N2,20260826TC17:00_QL1A_._HYenSOC02,29E-352.74,90,26/08/2026 00:00:00,20/08/2026 00:02:33,28/08/2026 20:13:18,26/08/2026 19:46:23,28/08/2026 09:36:57,SEQ 1 - Hung Yen SOC (3909) - 26/08/2026 19:46:23 | SEQ 3 - Tuy Hoa SOC (1791) - 27/08/2026 22:24:28 | SEQ 5 - Phan Rang SOC (1579) - 28/08/2026 09:36:57
295655530,LT0Q8Q4W0X9M1,20260826TC17:00_QL1A_._HYenSOC01,89H-000.93,90,26/08/2026 00:00:00,20/08/2026 00:02:32,28/08/2026 07:11:22,26/08/2026 19:23:10,27/08/2026 13:53:46,SEQ 1 - Hung Yen SOC (3909) - 26/08/2026 19:23:10 | SEQ 2 - Quang Ngai SOC (1333) - 27/08/2026 13:53:46
295655475,LT0Q8Q4W0X832,20260826C0T_SC4.01_DN-DK-ĐT_COT02,89C-221.64,90,26/08/2026 00:00:00,20/08/2026 00:02:31,28/08/2026 23:07:04,26/08/2026 18:05:13,27/08/2026 18:16:33,SEQ 1 - Hung Yen SOC (3909) - 26/08/2026 18:05:13 | SEQ 2 - Vinh SOC (549) - 27/08/2026 02:20:12 | SEQ 3 - Cam Xuyen SOC (834) - 27/08/2026 08:02:38 | SEQ 4 - Dong Hoi SOC (672) - 27/08/2026 11:23:02 | SEQ 5 - DN Mega SOC (3983) - 27/08/2026 18:16:33
295655474,LT0Q8Q4W0X821,20260826C0T_SC4.01_DN-DK-ĐT_COT01,89H-023.43,90,26/08/2026 00:00:00,20/08/2026 00:02:31,28/08/2026 18:43:15,26/08/2026 15:33:27,26/08/2026 23:03:17,SEQ 1 - Hung Yen SOC (3909) - 26/08/2026 15:33:27 | SEQ 2 - Vinh SOC (549) - 26/08/2026 23:03:17
295560009,LT0Q8Q4VYVK91,20260826C4H_BD-BNA_QT01,29E-604.34,90,26/08/2026 00:00:00,19/08/2026 00:11:30,28/08/2026 23:40:00,26/08/2026 04:50:01,26/08/2026 04:50:01,SEQ 1 - BD B Mega SOC (4110) - 26/08/2026 04:50:01
295539075,LT0Q8Q4VYFER1,20260826C.T Duc Trong 6h HYen01,89H-042.72,90,26/08/2026 00:00:00,19/08/2026 00:02:52,28/08/2026 15:22:03,26/08/2026 14:45:28,28/08/2026 05:18:56,SEQ 1 - Hung Yen SOC (3909) - 26/08/2026 14:45:28 | SEQ 2 - Duc Trong SOC (1041) - 28/08/2026 05:18:56
295539068,LT0Q8Q4VYFEK2,20260826C0T_2:30_QL14_._HYenSOC02,89C-206.01,90,26/08/2026 00:00:00,19/08/2026 00:02:52,28/08/2026 19:02:30,26/08/2026 14:39:56,28/08/2026 05:24:25,SEQ 1 - Hung Yen SOC (3909) - 26/08/2026 14:39:56 | SEQ 3 - Pleiku SOC (1030) - 27/08/2026 22:41:08 | SEQ 4 - BMT SOC (725) - 28/08/2026 05:24:25
295539067,LT0Q8Q4VYFEJ1,20260826C0T_2:30_QL14_._HYenSOC01,89H-006.32,90,26/08/2026 00:00:00,19/08/2026 00:02:52,28/08/2026 03:58:19,26/08/2026 09:41:30,26/08/2026 09:41:30,SEQ 1 - Hung Yen SOC (3909) - 26/08/2026 09:41:30
295539052,LT0Q8Q4VYFE42,20260826TC3:30_QL1A_._HYenSOC02,89H-042.55,90,26/08/2026 00:00:00,19/08/2026 00:02:51,28/08/2026 03:58:04,26/08/2026 08:36:48,26/08/2026 08:36:48,SEQ 1 - Hung Yen SOC (3909) - 26/08/2026 08:36:48
295539051,LT0Q8Q4VYFE31,20260826TC3:30_QL1A_._HYenSOC01,29E-806.27,90,26/08/2026 00:00:00,19/08/2026 00:02:51,28/08/2026 20:41:01,26/08/2026 14:32:32,28/08/2026 00:13:12,SEQ 1 - Hung Yen SOC (3909) - 26/08/2026 14:32:32 | SEQ 2 - Tuy Phuoc SOC (324) - 27/08/2026 17:16:32 | SEQ 4 - Dien Khanh SOC (288) - 28/08/2026 00:13:12
295538980,LT0Q8P4VYFC44,20260825C.T Duc Trong 20h HYen04,89C-212.91,90,25/08/2026 00:00:00,19/08/2026 00:02:50,28/08/2026 06:16:09,26/08/2026 04:36:51,27/08/2026 19:04:09,SEQ 1 - Hung Yen SOC (3909) - 26/08/2026 04:36:51 | SEQ 2 - Dien Khanh SOC (288) - 27/08/2026 11:45:49 | SEQ 3 - Duc Trong SOC (1041) - 27/08/2026 19:04:09
295538976,LT0Q8P4VYFC08,20260825TC17:00_QL1A_._HYenSOC08,89C-210.67,90,25/08/2026 00:00:00,19/08/2026 00:02:49,28/08/2026 00:44:20,26/08/2026 02:02:34,26/08/2026 23:26:16,SEQ 1 - Hung Yen SOC (3909) - 26/08/2026 02:02:34 | SEQ 2 - Quang Ngai SOC (1333) - 26/08/2026 23:26:16
295437836,LT0Q8O4VW9AK2,20260824C0T_SC4.01_DN-DK-ĐT_COT02,89H-042.97,90,24/08/2026 00:00:00,18/08/2026 00:03:00,28/08/2026 09:12:30,24/08/2026 18:09:03,25/08/2026 16:26:43,SEQ 1 - Hung Yen SOC (3909) - 24/08/2026 18:09:03 | SEQ 2 - Vinh SOC (549) - 25/08/2026 00:50:42 | SEQ 3 - Cam Xuyen SOC (834) - 25/08/2026 03:38:59 | SEQ 4 - Dong Hoi SOC (672) - 25/08/2026 08:19:44 | SEQ 5 - DN Mega SOC (3983) - 25/08/2026 16:26:43
295368563,LT0Q8O4VURUB1,20260824C3H_BD-BNB_DA01,89H-085.59,90,24/08/2026 00:00:00,17/08/2026 00:11:20,28/08/2026 21:26:32,24/08/2026 03:33:03,24/08/2026 03:33:03,SEQ 1 - BD B Mega SOC (4110) - 24/08/2026 03:33:03
